
 Ansys Mechanical Enterprise Academic Research     


 *------------------------------------------------------------------*
 |                                                                  |
 |   W E L C O M E   T O   T H E   A N S Y S (R)  P R O G R A M     |
 |                                                                  |
 *------------------------------------------------------------------*




 ***************************************************************
 *         ANSYS MAPDL 2026 R1.03       LEGAL NOTICES          *
 ***************************************************************
 *                                                             *
 * Copyright (c) 2026 Synopsys, Inc. and ANSYS, Inc.           *
 * All rights reserved.                                        *
 * Unauthorized use, distribution or duplication is            *
 * prohibited.                                                 *
 *                                                             *
 * Ansys is a registered trademark of Ansys, Inc. or its       *
 * subsidiaries in the United States or other countries.       *
 * See the Ansys, Inc. online documentation or the Ansys, Inc. *
 * documentation CD or online help for the complete Legal      *
 * Notice.                                                     *
 *                                                             *
 ***************************************************************
 *                                                             *
 * THIS ANSYS SOFTWARE PRODUCT AND PROGRAM DOCUMENTATION       *
 * INCLUDE TRADE SECRETS AND CONFIDENTIAL AND PROPRIETARY      *
 * PRODUCTS OF ANSYS, INC., ITS SUBSIDIARIES, OR LICENSORS.    *
 * The software products and documentation are furnished by    *
 * Ansys, Inc. or its subsidiaries under a software license    *
 * agreement that contains provisions concerning               *
 * non-disclosure, copying, length and nature of use,          *
 * compliance with exporting laws, warranties, disclaimers,    *
 * limitations of liability, and remedies, and other           *
 * provisions.  The software products and documentation may be *
 * used, disclosed, transferred, or copied only in accordance  *
 * with the terms and conditions of that software license      *
 * agreement.                                                  *
 *                                                             *
 * Ansys, Inc. is a UL registered                              *
 * ISO 9001:2015 company.                                      *
 *                                                             *
 ***************************************************************
 *                                                             *
 * This product is subject to U.S. laws governing export and   *
 * re-export.                                                  *
 *                                                             *
 * For U.S. Government users, except as specifically granted   *
 * by the Ansys, Inc. software license agreement, the use,     *
 * duplication, or disclosure by the United States Government  *
 * is subject to restrictions stated in the Ansys, Inc.        *
 * software license agreement and FAR 12.212 (for non-DOD      *
 * licenses).                                                  *
 *                                                             *
 ***************************************************************

 2026 R1.03  
     
 Point Releases and Patches installed:   
     
 Ansys Service Pack 2026 R1.01   
 Ansys Service Pack 2026 R1.02   
 Ansys Service Pack 2026 R1.03   
 Ansys, Inc. License Manager 2026 R1 
 Ansys, Inc. License Manager 2026 R1.01  
 Ansys, Inc. License Manager 2026 R1.02  
 Ansys, Inc. License Manager 2026 R1.03  
 Discovery (reduced install) 2026 R1 
 Discovery (reduced install) 2026 R1.01  
 Discovery (reduced install) 2026 R1.02  
 Discovery (reduced install) 2026 R1.03  
 Core WB Files 2026 R1   
 Core WB Files 2026 R1.01
 Core WB Files 2026 R1.02
 Core WB Files 2026 R1.03
 Additive 2026 R1
 Additive 2026 R1.01 
 Additive 2026 R1.02 
 Additive 2026 R1.03 
 optiSLang Core 2026 R1  
 optiSLang Core 2026 R1.01   
 optiSLang Core 2026 R1.02   
 optiSLang Core 2026 R1.03   
 optiSLang Core UI 2026 R1   
 optiSLang Core UI 2026 R1.01
 optiSLang Core UI 2026 R1.02
 optiSLang Core UI 2026 R1.03
 optiSLang AI 2026 R1
 optiSLang AI 2026 R1.01 
 optiSLang AI 2026 R1.02 
 optiSLang AI 2026 R1.03 
 optiSLang App Generation 2026 R1
 optiSLang App Generation 2026 R1.01 
 optiSLang App Generation 2026 R1.02 
 optiSLang App Generation 2026 R1.03 
 Behavior Execution Engine 2026 R1   
 Behavior Execution Engine 2026 R1.01
 Behavior Execution Engine 2026 R1.02
 Behavior Execution Engine 2026 R1.03
 ModelCenter 2026 R1 
 ModelCenter 2026 R1.01  
 ModelCenter 2026 R1.02  
 ModelCenter 2026 R1.03  
 ModelCenter Remote Execution 2026 R1
 ModelCenter Remote Execution 2026 R1.01 
 ModelCenter Remote Execution 2026 R1.02 
 ModelCenter Remote Execution 2026 R1.03 
 ModelCenter MBSE 2026 R1
 ModelCenter MBSE 2026 R1.01 
 ModelCenter MBSE 2026 R1.02 
 ModelCenter MBSE 2026 R1.03 
 Scade One 2026 R1   
 Scade One 2026 R1.01
 Scade One 2026 R1.02
 Scade One 2026 R1.03
 medini analyze 2026 R1  
 medini analyze 2026 R1.01   
 medini analyze 2026 R1.02   
 medini analyze 2026 R1.03   
 scaderapidprototyper archive 2026 R1
 scaderapidprototyper archive 2026 R1.01 
 scaderapidprototyper archive 2026 R1.02 
 scaderapidprototyper archive 2026 R1.03 
 Granta Selector 2026 R1 
 Granta Selector 2026 R1.01  
 Granta Selector 2026 R1.02  
 Granta Selector 2026 R1.03  
 Dynamic Reporting 2026 R1   
 Dynamic Reporting 2026 R1.01
 Dynamic Reporting 2026 R1.02
 Dynamic Reporting 2026 R1.03
 Remote Solve Manager Standalone Services 2026 R1
 Remote Solve Manager Standalone Services 2026 R1.01 
 Remote Solve Manager Standalone Services 2026 R1.02 
 Remote Solve Manager Standalone Services 2026 R1.03 
 medini analyze QKit 2026 R1 
 medini analyze QKit 2026 R1.01  
 medini analyze QKit 2026 R1.02  
 medini analyze QKit 2026 R1.03  
 Aqwa 2026 R1
 Aqwa 2026 R1.01 
 Aqwa 2026 R1.02 
 Aqwa 2026 R1.03 
 Autodyn 2026 R1 
 Autodyn 2026 R1.01  
 Autodyn 2026 R1.02  
 Autodyn 2026 R1.03  
 Customization Files for User Programmable Features 2026 R1  
 Customization Files for User Programmable Features 2026 R1.01   
 Customization Files for User Programmable Features 2026 R1.02   
 Customization Files for User Programmable Features 2026 R1.03   
 ICEM CFD 2026 R1
 ICEM CFD 2026 R1.01 
 ICEM CFD 2026 R1.02 
 ICEM CFD 2026 R1.03 
 LS-DYNA 2026 R1 
 LS-DYNA 2026 R1.01  
 LS-DYNA 2026 R1.02  
 LS-DYNA 2026 R1.03  
 Material Calibration App 2026 R1
 Material Calibration App 2026 R1.01 
 Material Calibration App 2026 R1.02 
 Material Calibration App 2026 R1.03 
 Mechanical Products 2026 R1 
 Mechanical Products 2026 R1.01  
 Mechanical Products 2026 R1.02  
 Mechanical Products 2026 R1.03  
 Motion 2026 R1  
 Motion 2026 R1.01   
 Motion 2026 R1.02   
 Motion 2026 R1.03   
 RBF Morph 2026 R1   
 RBF Morph 2026 R1.01
 RBF Morph 2026 R1.02
 RBF Morph 2026 R1.03
 Sherlock 2026 R1
 Sherlock 2026 R1.01 
 Sherlock 2026 R1.02 
 Sherlock 2026 R1.03 
 Sound - SAS 2026 R1 
 Sound - SAS 2026 R1.01  
 Sound - SAS 2026 R1.02  
 Sound - SAS 2026 R1.03  
 ACIS Geometry Interface 2026 R1 
 ACIS Geometry Interface 2026 R1.01  
 ACIS Geometry Interface 2026 R1.02  
 ACIS Geometry Interface 2026 R1.03  
 AutoCAD Geometry Interface 2026 R1  
 AutoCAD Geometry Interface 2026 R1.01   
 AutoCAD Geometry Interface 2026 R1.02   
 AutoCAD Geometry Interface 2026 R1.03   
 Catia, Version 4 Geometry Interface 2026 R1 
 Catia, Version 4 Geometry Interface 2026 R1.01  
 Catia, Version 4 Geometry Interface 2026 R1.02  
 Catia, Version 4 Geometry Interface 2026 R1.03  
 Catia, Version 5 Geometry Interface 2026 R1 
 Catia, Version 5 Geometry Interface 2026 R1.01  
 Catia, Version 5 Geometry Interface 2026 R1.02  
 Catia, Version 5 Geometry Interface 2026 R1.03  
 Catia, Version 6 Geometry Interface 2026 R1 
 Catia, Version 6 Geometry Interface 2026 R1.01  
 Catia, Version 6 Geometry Interface 2026 R1.02  
 Catia, Version 6 Geometry Interface 2026 R1.03  
 Creo Elements/Direct Modeling Geometry Interface 2026 R1
 Creo Elements/Direct Modeling Geometry Interface 2026 R1.01 
 Creo Elements/Direct Modeling Geometry Interface 2026 R1.02 
 Creo Elements/Direct Modeling Geometry Interface 2026 R1.03 
 Creo Parametric Geometry Interface 2026 R1  
 Creo Parametric Geometry Interface 2026 R1.01   
 Creo Parametric Geometry Interface 2026 R1.02   
 Creo Parametric Geometry Interface 2026 R1.03   
 Inventor Geometry Interface 2026 R1 
 Inventor Geometry Interface 2026 R1.01  
 Inventor Geometry Interface 2026 R1.02  
 Inventor Geometry Interface 2026 R1.03  
 JTOpen Geometry Interface 2026 R1   
 JTOpen Geometry Interface 2026 R1.01
 JTOpen Geometry Interface 2026 R1.02
 JTOpen Geometry Interface 2026 R1.03
 NX Geometry Interface 2026 R1   
 NX Geometry Interface 2026 R1.01
 NX Geometry Interface 2026 R1.02
 NX Geometry Interface 2026 R1.03
 Parasolid Geometry Interface  2026 R1   
 Parasolid Geometry Interface  2026 R1.01
 Parasolid Geometry Interface  2026 R1.02
 Parasolid Geometry Interface  2026 R1.03
 Solid Edge Geometry Interface 2026 R1   
 Solid Edge Geometry Interface 2026 R1.01
 Solid Edge Geometry Interface 2026 R1.02
 Solid Edge Geometry Interface 2026 R1.03
 SOLIDWORKS Geometry Interface 2026 R1   
 SOLIDWORKS Geometry Interface 2026 R1.01
 SOLIDWORKS Geometry Interface 2026 R1.02
 SOLIDWORKS Geometry Interface 2026 R1.03


          *****  MAPDL COMMAND LINE ARGUMENTS  *****
  BATCH MODE REQUESTED (-b)    = NOLIST
  INPUT FILE COPY MODE (-c)    = COPY
  DISTRIBUTED MEMORY PARALLEL REQUESTED
       4 PARALLEL PROCESSES REQUESTED WITH SINGLE THREAD PER PROCESS
    TOTAL OF     4 CORES REQUESTED
  INPUT FILE NAME              = C:\Users\samue\OSR\OSR_cases\geometry\_ProjectScratch\ScrB388\dummy.dat
  OUTPUT FILE NAME             = C:\Users\samue\OSR\OSR_cases\geometry\_ProjectScratch\ScrB388\solve.out
  START-UP FILE MODE           = NOREAD
  STOP FILE MODE               = NOREAD

 RELEASE= 2026 R1.03           BUILD= 26.1      UP20260202   VERSION=WINDOWS x64 
 CURRENT JOBNAME=file0  16:03:06  SEP 14, 2026  Elapsed Time=       0.078


 PARAMETER _DS_PROGRESS =     999.0000000    

 /INPUT FILE= ds.dat  LINE=       0



 *** NOTE ***                            ELAPSED TIME =       5.864   TIME= 16:03:06
 The /CONFIG,NOELDB command is not valid in a distributed memory         
 parallel solution.  Command is ignored.                                 

 *GET  _WALLSTRT  FROM  ACTI  ITEM=TIME WALL  VALUE= 0.163770608E-02

 TITLE= 
 bracket--Static Structural (B5)                                               

  ACT Extensions:
      LSDYNA, 2026.1
      5f463412-bd3e-484b-87e7-cbc0a665e474, wbex
      ANSYSMotion, 2026.1
      20180725-3f81-49eb-9f31-41364844c769, wbex

 SET PARAMETER DIMENSIONS ON  _WB_PROJECTSCRATCH_DIR
  TYPE=STRI  DIMENSIONS=      248        1        1

 PARAMETER _WB_PROJECTSCRATCH_DIR(1) = C:\Users\samue\OSR\OSR_cases\geometry\_ProjectScratch\ScrB388\

 SET PARAMETER DIMENSIONS ON  _WB_SOLVERFILES_DIR
  TYPE=STRI  DIMENSIONS=      248        1        1

 PARAMETER _WB_SOLVERFILES_DIR(1) = C:\Users\samue\OSR\OSR_cases\geometry\bracket_files\dp0\SYS-8\MECH\

 SET PARAMETER DIMENSIONS ON  _WB_USERFILES_DIR
  TYPE=STRI  DIMENSIONS=      248        1        1

 PARAMETER _WB_USERFILES_DIR(1) = C:\Users\samue\OSR\OSR_cases\geometry\bracket_files\user_files\
 --- Data in consistent MKS units. See Solving Units in the help system for more

 MKS UNITS SPECIFIED FOR INTERNAL    
  LENGTH        (l)  = METER (M)
  MASS          (M)  = KILOGRAM (KG)
  TIME          (t)  = SECOND (SEC)
  TEMPERATURE   (T)  = CELSIUS (C)
  TOFFSET            = 273.0
  CHARGE        (Q)  = COULOMB
  FORCE         (f)  = NEWTON (N) (KG-M/SEC2)
  HEAT               = JOULE (N-M)

  PRESSURE           = PASCAL (NEWTON/M**2)
  ENERGY        (W)  = JOULE (N-M)
  POWER         (P)  = WATT (N-M/SEC)
  CURRENT       (i)  = AMPERE (COULOMBS/SEC)
  CAPACITANCE   (C)  = FARAD
  INDUCTANCE    (L)  = HENRY
  MAGNETIC FLUX      = WEBER
  RESISTANCE    (R)  = OHM
  ELECTRIC POTENTIAL = VOLT

 INPUT  UNITS ARE ALSO SET TO MKS 

 *** MAPDL - ENGINEERING ANALYSIS SYSTEM  RELEASE 2026 R1.03       26.1     ***
 Ansys Mechanical Enterprise Academic Research     
 00489238  VERSION=WINDOWS x64   16:03:06  SEP 14, 2026 Elapsed Time=      5.897

 bracket--Static Structural (B5)                                               



          ***** MAPDL ANALYSIS DEFINITION (PREP7) *****
 *********** Send User Defined Coordinate System(s) ***********
 *********** Nodes for the whole assembly ***********
 *********** Nodes for all Remote Points ***********
 *********** Elements for Body 1 'SYS-8\a279837B8p1l' ***********
 *********** Set Reference Temperature ***********
 *********** Send Materials ***********
 *********** Fixed Supports ***********
 *********** Create Remote Point "Internal Remote Point" ***********
 *********** Construct Remote Force ***********


 ***** ROUTINE COMPLETED *****  ELAPSED TIME =         9.755


 --- Number of total nodes = 1271902
 --- Number of contact elements = 5760
 --- Number of spring elements = 0
 --- Number of bearing elements = 0
 --- Number of solid elements = 778976
 --- Number of condensed parts = 0
 --- Number of total elements = 784737

 *GET  _WALLBSOL  FROM  ACTI  ITEM=TIME WALL  VALUE= 0.273045781E-02
 ****************************************************************************
 *************************    SOLUTION       ********************************
 ****************************************************************************

 *****  MAPDL SOLUTION ROUTINE  *****


 PERFORM A STATIC ANALYSIS
  THIS WILL BE A NEW ANALYSIS

 PARAMETER _THICKRATIO =     1.000000000    

 USE PRECONDITIONED CONJUGATE GRADIENT SOLVER
  CONVERGENCE TOLERANCE = 1.00000E-08
  MAXIMUM ITERATION     = NumNode*DofPerNode*  1.0000    

 MEMORY SAVING OPTION TURNED ON FOR PCG SOLVER

 CONTACT INFORMATION PRINTOUT LEVEL       1

 CHECK INITIAL OPEN/CLOSED STATUS OF SELECTED CONTACT ELEMENTS
      AND LIST DETAILED CONTACT PAIR INFORMATION

 SPLIT CONTACT SURFACES AT SOLVE PHASE

    NUMBER OF SPLITTING TBD BY PROGRAM

 DO NOT COMBINE ELEMENT MATRIX FILES (.emat) AFTER DISTRIBUTED PARALLEL SOLUTION

 DO NOT COMBINE ELEMENT SAVE DATA FILES (.esav) AFTER DISTRIBUTED PARALLEL SOLUTION

 NLDIAG: Nonlinear diagnostics CONT option is set to ON. 
         Writing frequency : each ITERATION.

 DO NOT SAVE ANY RESTART FILES AT ALL
 ****************************************************
 ******************* SOLVE FOR LS 1 OF 1 ****************

 SPECIFIED NODAL LOAD FX   FOR SELECTED NODES   1271902 TO  1271902 BY        1
  REAL=  0.00000000       IMAG=  0.00000000    

 SPECIFIED NODAL LOAD FY   FOR SELECTED NODES   1271902 TO  1271902 BY        1
  REAL=  0.00000000       IMAG=  0.00000000    

 SPECIFIED NODAL LOAD FZ   FOR SELECTED NODES   1271902 TO  1271902 BY        1
  REAL=  100000.000       IMAG=  0.00000000    
 *********** Create Imported Load "Imported Body Temperature" ***********

 PRINTOUT RESUMED BY /GOP

 PRINTOUT RESUMED BY /GOP

 USE       1 SUBSTEPS INITIALLY THIS LOAD STEP FOR ALL  DEGREES OF FREEDOM
 FOR AUTOMATIC TIME STEPPING:
   USE      1 SUBSTEPS AS A MAXIMUM
   USE      1 SUBSTEPS AS A MINIMUM

 TIME=  1.0000    

 ERASE THE CURRENT DATABASE OUTPUT CONTROL TABLE.


 WRITE ALL  ITEMS TO THE DATABASE WITH A FREQUENCY OF NONE
   FOR ALL APPLICABLE ENTITIES

 WRITE NSOL ITEMS TO THE DATABASE WITH A FREQUENCY OF ALL 
   FOR ALL APPLICABLE ENTITIES

 WRITE RSOL ITEMS TO THE DATABASE WITH A FREQUENCY OF ALL 
   FOR ALL APPLICABLE ENTITIES

 WRITE EANG ITEMS TO THE DATABASE WITH A FREQUENCY OF ALL 
   FOR ALL APPLICABLE ENTITIES

 WRITE ETMP ITEMS TO THE DATABASE WITH A FREQUENCY OF ALL 
   FOR ALL APPLICABLE ENTITIES

 WRITE VENG ITEMS TO THE DATABASE WITH A FREQUENCY OF ALL 
   FOR ALL APPLICABLE ENTITIES

 WRITE STRS ITEMS TO THE DATABASE WITH A FREQUENCY OF ALL 
   FOR ALL APPLICABLE ENTITIES

 WRITE EPEL ITEMS TO THE DATABASE WITH A FREQUENCY OF ALL 
   FOR ALL APPLICABLE ENTITIES

 WRITE EPPL ITEMS TO THE DATABASE WITH A FREQUENCY OF ALL 
   FOR ALL APPLICABLE ENTITIES

 WRITE EPTH ITEMS TO THE DATABASE WITH A FREQUENCY OF ALL 
   FOR ALL APPLICABLE ENTITIES

 WRITE CONT ITEMS TO THE DATABASE WITH A FREQUENCY OF ALL 
   FOR ALL APPLICABLE ENTITIES


 ALL INTEGRATION POINT VALUES WILL BE COPIED TO THE NODES

 *GET  ANSINTER_  FROM  ACTI  ITEM=INT        VALUE=  0.00000000    

 *IF  ANSINTER_  ( =   0.00000     )  NE  
      0  ( =   0.00000     )  THEN    

 *ENDIF

 *** NOTE ***                            ELAPSED TIME =      11.774   TIME= 16:03:12
 The automatic domain decomposition logic has selected the MESH domain   
 decomposition method with 4 processes per solution.                     

 *****  MAPDL SOLVE    COMMAND  *****

 *** WARNING ***                         ELAPSED TIME =      12.618   TIME= 16:03:13
 Element shape checking is currently inactive.  Issue SHPP,ON or         
 SHPP,WARN to reactivate, if desired.                                    

 *** NOTE ***                            ELAPSED TIME =      14.079   TIME= 16:03:14
 The model data was checked and warning messages were found.             
  Please review output or errors file (                                  
 C:\Users\samue\OSR\OSR_cases\geometry\_ProjectScratch\ScrB388\file0.err 
 r ) for these warning messages.                                         

 *** SELECTION OF ELEMENT TECHNOLOGIES FOR APPLICABLE ELEMENTS ***
      --- GIVE SUGGESTIONS AND RESET THE KEY OPTIONS ---

 ELEMENT TYPE         1 IS SOLID187. IT IS NOT ASSOCIATED WITH FULLY INCOMPRESSIBLE
 HYPERELASTIC MATERIALS. NO SUGGESTION IS AVAILABLE AND NO RESETTING IS NEEDED.



 *** MAPDL - ENGINEERING ANALYSIS SYSTEM  RELEASE 2026 R1.03       26.1     ***
 Ansys Mechanical Enterprise Academic Research     
 00489238  VERSION=WINDOWS x64   16:03:14  SEP 14, 2026 Elapsed Time=     14.178

 bracket--Static Structural (B5)                                               



                       S O L U T I O N   O P T I O N S

   PROBLEM DIMENSIONALITY. . . . . . . . . . . . .3-D                  
   DEGREES OF FREEDOM. . . . . . UX   UY   UZ   ROTX ROTY ROTZ
   ANALYSIS TYPE . . . . . . . . . . . . . . . . .STATIC (STEADY-STATE)
   OFFSET TEMPERATURE FROM ABSOLUTE ZERO . . . . .  273.15    
   EQUATION SOLVER OPTION. . . . . . . . . . . . .PCG                
      MEMORY SAVING OPTION. . . .  . . . . . . . .ON
      TOLERANCE. . . . . . . . . . . . . . . . . . 1.00000E-08
   GLOBALLY ASSEMBLED MATRIX . . . . . . . . . . .SYMMETRIC  

 *** NOTE ***                            ELAPSED TIME =      14.639   TIME= 16:03:15
 The conditions for direct assembly have been met.  No .emat or .erot    
 files will be produced.                                                 

 TRIM CONTACT/TARGET SURFACE

 *** NOTE ***                            ELAPSED TIME =      15.276   TIME= 16:03:15
 Internal nodes from 1271903 to 1271903 are created.                     
 1 internal nodes are used for handling degrees of freedom on pilot      
 nodes of rigid target surfaces.                                         

 *** NOTE ***                            ELAPSED TIME =      16.192   TIME= 16:03:16
 Internal nodes from 1271903 to 1271903 are created.                     
 1 internal nodes are used for handling degrees of freedom on pilot      
 nodes of rigid target surfaces.                                         
 START TRIMMING SMALL/BONDED CONTACT PAIRS FOR DMP RUN.                  

 CHECK INITIAL OPEN/CLOSED STATUS OF SELECTED CONTACT ELEMENTS
      AND LIST DETAILED CONTACT PAIR INFORMATION

 *** NOTE ***                            ELAPSED TIME =      17.365   TIME= 16:03:17
 Internal nodes from 1271903 to 1271903 are created.                     
 1 internal nodes are used for handling degrees of freedom on pilot      
 nodes of rigid target surfaces.                                         

 *** NOTE ***                            ELAPSED TIME =      18.228   TIME= 16:03:18
 Internal nodes from 1271903 to 1271903 are created.                     
 1 internal nodes are used for handling degrees of freedom on pilot      
 nodes of rigid target surfaces.                                         

 *** NOTE ***                            ELAPSED TIME =      19.019   TIME= 16:03:19
 The largest contact pair has few number of contact elements than the    
 optimal domain size for the specified number of CPU domains.  As a      
 result, no contact pairs were split.                                    

 *** NOTE ***                            ELAPSED TIME =      19.180   TIME= 16:03:19
 The maximum number of contact elements in any single contact pair is 0, 
 which is smaller than the optimal domain size of 49046 elements for     
 the given number of CPU domains (4).  Therefore, no contact pairs are   
 being split by the CNCH,DMP logic.                                      

 *** NOTE ***                            ELAPSED TIME =      19.609   TIME= 16:03:20
 Internal nodes from 1271903 to 1271903 are created.                     
 1 internal nodes are used for handling degrees of freedom on pilot      
 nodes of rigid target surfaces.                                         

 *** NOTE ***                            ELAPSED TIME =      20.397   TIME= 16:03:20
 Internal nodes from 1271903 to 1271903 are created.                     
 1 internal nodes are used for handling degrees of freedom on pilot      
 nodes of rigid target surfaces.                                         

 *** NOTE ***                            ELAPSED TIME =      20.856   TIME= 16:03:21
 Force-distributed-surface identified by real constant set 2 and         
 contact element type 2 has been set up.  The pilot node 1271902 is      
 used to apply the force.  Internal MPC will be built.                   
 The used degrees of freedom set is  UX   UY   UZ   ROTX ROTY ROTZ
 Please verify constraints (including rotational degrees of freedom)
  on the pilot node by yourself.
 ****************************************
  
  
  

 *** NOTE ***                            ELAPSED TIME =      21.387   TIME= 16:03:21
 Internal nodes from 1271903 to 1271903 are created.                     
 1 internal nodes are used for handling degrees of freedom on pilot      
 nodes of rigid target surfaces.                                         

  
  
     D I S T R I B U T E D   D O M A I N   D E C O M P O S E R
  
  ...Number of elements: 784737
  ...Number of nodes:    1271903
  ...Decompose to 4 CPU domains
  ...Element load balance ratio =     1.000


                      L O A D   S T E P   O P T I O N S

   LOAD STEP NUMBER. . . . . . . . . . . . . . . .     1
   TIME AT END OF THE LOAD STEP. . . . . . . . . .  1.0000    
   NUMBER OF SUBSTEPS. . . . . . . . . . . . . . .     1
   STEP CHANGE BOUNDARY CONDITIONS . . . . . . . .    NO
   COPY INTEGRATION POINT VALUES TO NODE . . . . .   YES
   PRINT OUTPUT CONTROLS . . . . . . . . . . . . .NO PRINTOUT
   DATABASE OUTPUT CONTROLS
      ITEM     FREQUENCY   COMPONENT
       ALL       NONE               
      NSOL        ALL               
      RSOL        ALL               
      EANG        ALL               
      ETMP        ALL               
      VENG        ALL               
      STRS        ALL               
      EPEL        ALL               
      EPPL        ALL               
      EPTH        ALL               
      CONT        ALL               


 SOLUTION MONITORING INFO IS WRITTEN TO FILE= file.mntr                                                                                                                                                                                                                                                           


 *** WARNING ***                         ELAPSED TIME =      28.118   TIME= 16:03:28
 Too many nodes 12005 are included in the force-distributed-surface      
 constraint identified by real constant set 2.  This may greatly affect  
 solver performance due to large wave fronts and memory consumption.     
 Also check results carefully and consider solving with a different      
 unit system.                                                            

 *** NOTE ***                            ELAPSED TIME =      28.505   TIME= 16:03:29
 The PCG solver has automatically set the level of difficulty for this   
 model to 3.                                                             


                         ***********  PRECISE MASS SUMMARY  ***********

   TOTAL RIGID BODY MASS MATRIX ABOUT ORIGIN
               Translational mass               |   Coupled translational/rotational mass
         3.6365        0.0000        0.0000     |     0.0000       0.88131E-01  -0.19318E-02
         0.0000        3.6365        0.0000     |   -0.88131E-01    0.0000      -0.27928    
         0.0000        0.0000        3.6365     |    0.19318E-02   0.27928        0.0000    
     ------------------------------------------ | ------------------------------------------
                                                |         Rotational mass (inertia)
                                                |    0.47684E-02   0.46734E-03   0.64331E-02
                                                |    0.46734E-03   0.31336E-01   0.70862E-03
                                                |    0.64331E-02   0.70862E-03   0.29406E-01

   TOTAL MASS =  3.6365    
     The mass principal axes coincide with the global Cartesian axes

   CENTER OF MASS (X,Y,Z)=  -0.76797E-01   0.53121E-03   0.24235E-01

   TOTAL INERTIA ABOUT CENTER OF MASS
        0.26315E-02   0.31899E-03  -0.33508E-03
        0.31899E-03   0.77522E-02   0.75544E-03
       -0.33508E-03   0.75544E-03   0.79569E-02

   PRINCIPAL INERTIAS =   0.25841E-02   0.71393E-02   0.86172E-02
   ORIENTATION VECTORS OF THE INERTIA PRINCIPAL AXES IN GLOBAL CARTESIAN
     ( 0.995,-0.072, 0.072) ( 0.102, 0.751,-0.652) (-0.007, 0.656, 0.754) 


  *** MASS SUMMARY BY ELEMENT TYPE ***

  TYPE      MASS
     1   3.63655    

 Range of element maximum matrix coefficients in global coordinates
 Maximum = 4.546999359E+09 at element 121246.                            
 Minimum = 32768333.7 at element 248033.                                 

   *** ELEMENT MATRIX FORMULATION TIMES
     TYPE    NUMBER     ENAME   TOTAL ELAPSED   AVG ELAPSED

        1    778976  SOLID187         47.5746   0.000061073
        2      5760  CONTA174          0.1058   0.000018363
        3         1  TARGE170          0.0000   0.000006500
 Elapsed Time at end of element matrix formulation = 44.5413831.         
 Iteration=    10 Ratio=  9.016876E-02 Limit=  1.000000E-08 Wall=     1.3
 Iteration=    35 Ratio=  6.565835E-04 Limit=  1.000000E-08 Wall=     5.2
 Iteration=    65 Ratio=  2.060436E-06 Limit=  1.000000E-08 Wall=     9.6

 DISTRIBUTED PCG SOLVER SOLUTION CONVERGED

 DISTRIBUTED PCG SOLVER SOLUTION STATISTICS

   NUMBER OF ITERATIONS=          93
   NUMBER OF EQUATIONS =     3815715
   CALCULATED NORM     = 0.93925E-08
   SPECIFIED TOLERANCE = 0.10000E-07
   TOTAL CPU TIME (sec)=       15.75
   TOTAL WALL TIME(sec)=       15.92
   TOTAL MEMORY (GB)   =        0.82


   *** ELEMENT RESULT CALCULATION TIMES
     TYPE    NUMBER     ENAME   TOTAL ELAPSED   AVG ELAPSED

        1    778976  SOLID187         36.4036   0.000046733
        2      5760  CONTA174          0.0033   0.000000565

   *** NODAL LOAD CALCULATION TIMES
     TYPE    NUMBER     ENAME   TOTAL ELAPSED   AVG ELAPSED

        1    778976  SOLID187          6.9927   0.000008977
        2      5760  CONTA174          0.0000   0.000000000
 *** LOAD STEP     1   SUBSTEP     1  COMPLETED.    CUM ITER =      1
 *** TIME =   1.00000         TIME INC =   1.00000      NEW TRIANG MATRIX


 *** MAPDL BINARY FILE STATISTICS
  BUFFER SIZE USED= 16384
      143.125 MB WRITTEN ON RESULTS FILE: file0.rst
 *************** Write FE CONNECTORS *********

 WRITE OUT CONSTRAINT EQUATIONS TO FILE= file.ce                                                                                                                                                                                                                                                             
 ****************************************************
 *************** FINISHED SOLVE FOR LS 1 *************

 FINISH SOLUTION PROCESSING


 ***** ROUTINE COMPLETED *****  ELAPSED TIME =        81.735



 *GET  _WALLASOL  FROM  ACTI  ITEM=TIME WALL  VALUE= 0.227042119E-01

 PRINTOUT RESUMED BY /GOP

 *GET  _PCGITER  FROM  ACTI  ITEM=SOLU CGIT  VALUE=  93.0000000    

 *** MAPDL - ENGINEERING ANALYSIS SYSTEM  RELEASE 2026 R1.03       26.1     ***
 Ansys Mechanical Enterprise Academic Research     
 00489238  VERSION=WINDOWS x64   16:04:22  SEP 14, 2026 Elapsed Time=     81.805

 bracket--Static Structural (B5)                                               



          ***** MAPDL RESULTS INTERPRETATION (POST1) *****

 *** NOTE ***                            ELAPSED TIME =      81.805   TIME= 16:04:22
 Reading results into the database (SET command) will update the current 
 displacement and force boundary conditions in the database with the     
 values from the results file for that load set.  Note that any          
 subsequent solutions will use these values unless action is taken to    
 either SAVE the current values or not overwrite them (/EXIT,NOSAVE).    
 You have already entered the general postprocessor (POST1).             


 USE LAST SUBSTEP ON RESULT FILE  FOR LOAD CASE 0 

 Memory resident data base increased from      2048 MB to      4096 MB.

 SET COMMAND GOT LOAD STEP=     1  SUBSTEP=     1  CUMULATIVE ITERATION=     1
   TIME/FREQUENCY=  1.0000    
 TITLE= bracket--Static Structural (B5)                                         

 RSYS KEY SET TO   0

 USE THE GLOBAL COORDINATE SYSTEM FOR SOLUTION RESULTS

 *** WARNING ***                         ELAPSED TIME =      87.968   TIME= 16:04:28
 The AVRES command is only valid with PowerGraphics.  Command ignored.   

 OPENED FILE= C:\Users\samue\OSR\shared\apdl_marker.txt FOR COMMAND FILE DATA 


  COMMAND FILE CLOSED 


 SELECT ALL ENTITIES OF TYPE= ALL  AND BELOW

 SELECT       FOR ITEM=ENAM COMPONENT=    
  IN RANGE       187 TO        187 STEP          1

     778976  ELEMENTS (OF     784737  DEFINED) SELECTED BY  ESEL  COMMAND.

 *GET  NB_ELEM   FROM  ELEM  ITEM=COUN           VALUE=  778976.000    

 OPENED FILE= C:\Users\samue\OSR\shared\sigma_export_nodes_testBracket.txt FOR COMMAND FILE DATA 


 *** WARNING ***                         ELAPSED TIME =      88.022   TIME= 16:04:28
 (A) is not a recognized POST1 command, abbreviation, or macro.          
  This command will be ignored.                                          

 PARAMETER EID_CUR =     0.000000000    

 *DO LOOP ON PARAMETER= IE FROM  1.0000     TO 0.77898E+06 BY  1.0000    

 *GET  EID_CUR   FROM  ELEM  ITEM=NXTH           VALUE=  1.00000000    

 *IF  eid_cur  ( =   1.00000     )  LE  
      0  ( =   0.00000     )  EXIT    

 SELECT       FOR ITEM=ELEM COMPONENT=    
  IN RANGE         1 TO          1 STEP          1

          1  ELEMENTS (OF     784737  DEFINED) SELECTED BY  ESEL  COMMAND.

 *DO LOOP ON PARAMETER= K FROM  1.0000     TO  4.0000     BY  1.0000    

 *GET  NID       FROM  ELEM         1  ITEM=NODE K         VALUE=  150526.000    

 *IF  nid  ( =   150526.     )  GT  
      0  ( =   0.00000     )  THEN    

 *GET  CX        FROM  NODE    150526  ITEM=LOC  X     VALUE=-0.550259931E-001

 *GET  CY        FROM  NODE    150526  ITEM=LOC  Y     VALUE= 0.345488424E-001

 *GET  CZ        FROM  NODE    150526  ITEM=LOC  Z     VALUE= 0.643367457E-002

 *** WARNING ***                         ELAPSED TIME =      88.390   TIME= 16:04:28
 The estimated error in isolated selected elements (such as element 1 )  
 defaults to zero regardless of the actual error.                        

 *GET  SX        FROM  NODE 150526  ITEM=S    X     VALUE=  15492605.0    

 *GET  SY        FROM  NODE 150526  ITEM=S    Y     VALUE= -663483.875    

 *GET  SZ        FROM  NODE 150526  ITEM=S    Z     VALUE= -2822863.50    

 *GET  SXY       FROM  NODE 150526  ITEM=S    XY    VALUE= -2681307.75    

 *GET  SYZ       FROM  NODE 150526  ITEM=S    YZ    VALUE= -1876239.12    

 *GET  SXZ       FROM  NODE 150526  ITEM=S    XZ    VALUE= -95786.7109    

 *ENDIF

 *ENDDO  INDEX= K                               

 SELECT       FOR ITEM=ENAM COMPONENT=    
  IN RANGE       187 TO        187 STEP          1

     778976  ELEMENTS (OF     784737  DEFINED) SELECTED BY  ESEL  COMMAND.

 *ENDDO  INDEX= IE                              

 *** WARNING ***                         ELAPSED TIME =      88.719   TIME= 16:04:29
 The estimated error in isolated selected elements (such as element 2 )  
 defaults to zero regardless of the actual error.                        

 *** WARNING ***                         ELAPSED TIME =      89.057   TIME= 16:04:29
 The estimated error in isolated selected elements (such as element 3 )  
 defaults to zero regardless of the actual error.                        

 *** WARNING ***                         ELAPSED TIME =      89.401   TIME= 16:04:29
 The estimated error in isolated selected elements (such as element 4 )  
 defaults to zero regardless of the actual error.                        

 *** WARNING ***                         ELAPSED TIME =      89.742   TIME= 16:04:30
 The estimated error in isolated selected elements (such as element 5 )  
 defaults to zero regardless of the actual error.                        

 *** WARNING ***                         ELAPSED TIME =      90.072   TIME= 16:04:30
 The estimated error in isolated selected elements (such as element 6 )  
 defaults to zero regardless of the actual error.                        

 *** WARNING ***                         ELAPSED TIME =      90.401   TIME= 16:04:30
 The estimated error in isolated selected elements (such as element 7 )  
 defaults to zero regardless of the actual error.                        

 *** WARNING ***                         ELAPSED TIME =      90.735   TIME= 16:04:31
 The estimated error in isolated selected elements (such as element 8 )  
 defaults to zero regardless of the actual error.                        

 *** WARNING ***                         ELAPSED TIME =      91.070   TIME= 16:04:31
 The estimated error in isolated selected elements (such as element 9 )  
 defaults to zero regardless of the actual error.                        

 *** WARNING ***                         ELAPSED TIME =      91.403   TIME= 16:04:31
 The estimated error in isolated selected elements (such as element 10 ) 
 defaults to zero regardless of the actual error.                        

 *** WARNING ***                         ELAPSED TIME =      91.738   TIME= 16:04:32
 The estimated error in isolated selected elements (such as element 11 ) 
 defaults to zero regardless of the actual error.                        

 *** WARNING ***                         ELAPSED TIME =      92.075   TIME= 16:04:32
 The estimated error in isolated selected elements (such as element 12 ) 
 defaults to zero regardless of the actual error.                        

 *** WARNING ***                         ELAPSED TIME =      92.409   TIME= 16:04:32
 The estimated error in isolated selected elements (such as element 13 ) 
 defaults to zero regardless of the actual error.                        

 *** WARNING ***                         ELAPSED TIME =      92.742   TIME= 16:04:33
 The estimated error in isolated selected elements (such as element 14 ) 
 defaults to zero regardless of the actual error.                        

 *** WARNING ***                         ELAPSED TIME =      93.070   TIME= 16:04:33
 The estimated error in isolated selected elements (such as element 15 ) 
 defaults to zero regardless of the actual error.                        

 *** WARNING ***                         ELAPSED TIME =      93.405   TIME= 16:04:33
 The estimated error in isolated selected elements (such as element 16 ) 
 defaults to zero regardless of the actual error.                        

 *** WARNING ***                         ELAPSED TIME =      93.740   TIME= 16:04:34
 The estimated error in isolated selected elements (such as element 17 ) 
 defaults to zero regardless of the actual error.                        

 *** WARNING ***                         ELAPSED TIME =      94.073   TIME= 16:04:34
 The estimated error in isolated selected elements (such as element 18 ) 
 defaults to zero regardless of the actual error.                        

 *** WARNING ***                         ELAPSED TIME =      94.403   TIME= 16:04:34
 The estimated error in isolated selected elements (such as element 19 ) 
 defaults to zero regardless of the actual error.                        

 *** WARNING ***                         ELAPSED TIME =      94.735   TIME= 16:04:35
 The estimated error in isolated selected elements (such as element 20 ) 
 defaults to zero regardless of the actual error.                        

 *** WARNING ***                         ELAPSED TIME =      95.079   TIME= 16:04:35
 The estimated error in isolated selected elements (such as element 21 ) 
 defaults to zero regardless of the actual error.                        

 *** WARNING ***                         ELAPSED TIME =      95.411   TIME= 16:04:35
 The estimated error in isolated selected elements (such as element 22 ) 
 defaults to zero regardless of the actual error.                        

 *** WARNING ***                         ELAPSED TIME =      95.745   TIME= 16:04:36
 The estimated error in isolated selected elements (such as element 23 ) 
 defaults to zero regardless of the actual error.                        

 *** WARNING ***                         ELAPSED TIME =      96.073   TIME= 16:04:36
 The estimated error in isolated selected elements (such as element 24 ) 
 defaults to zero regardless of the actual error.                        

 *** WARNING ***                         ELAPSED TIME =      96.413   TIME= 16:04:36
 The estimated error in isolated selected elements (such as element 25 ) 
 defaults to zero regardless of the actual error.                        

 *** WARNING ***                         ELAPSED TIME =      96.746   TIME= 16:04:37
 The estimated error in isolated selected elements (such as element 26 ) 
 defaults to zero regardless of the actual error.                        

 *** WARNING ***                         ELAPSED TIME =      97.077   TIME= 16:04:37
 The estimated error in isolated selected elements (such as element 27 ) 
 defaults to zero regardless of the actual error.                        

 *** WARNING ***                         ELAPSED TIME =      97.411   TIME= 16:04:37
 The estimated error in isolated selected elements (such as element 28 ) 
 defaults to zero regardless of the actual error.                        

 *** WARNING ***                         ELAPSED TIME =      97.754   TIME= 16:04:38
 The estimated error in isolated selected elements (such as element 29 ) 
 defaults to zero regardless of the actual error.                        

 *** WARNING ***                         ELAPSED TIME =      98.084   TIME= 16:04:38
 The estimated error in isolated selected elements (such as element 30 ) 
 defaults to zero regardless of the actual error.                        

 *** WARNING ***                         ELAPSED TIME =      98.423   TIME= 16:04:38
 The estimated error in isolated selected elements (such as element 31 ) 
 defaults to zero regardless of the actual error.                        

 *** WARNING ***                         ELAPSED TIME =      98.754   TIME= 16:04:39
 The estimated error in isolated selected elements (such as element 32 ) 
 defaults to zero regardless of the actual error.                        

 *** WARNING ***                         ELAPSED TIME =      99.092   TIME= 16:04:39
 The estimated error in isolated selected elements (such as element 33 ) 
 defaults to zero regardless of the actual error.                        

 *** WARNING ***                         ELAPSED TIME =      99.419   TIME= 16:04:39
 The estimated error in isolated selected elements (such as element 34 ) 
 defaults to zero regardless of the actual error.                        

 *** WARNING ***                         ELAPSED TIME =      99.748   TIME= 16:04:40
 The estimated error in isolated selected elements (such as element 35 ) 
 defaults to zero regardless of the actual error.                        

 *** WARNING ***                         ELAPSED TIME =     100.072   TIME= 16:04:40
 The estimated error in isolated selected elements (such as element 36 ) 
 defaults to zero regardless of the actual error.                        

 *** WARNING ***                         ELAPSED TIME =     100.410   TIME= 16:04:40
 The estimated error in isolated selected elements (such as element 37 ) 
 defaults to zero regardless of the actual error.                        

 *** WARNING ***                         ELAPSED TIME =     100.745   TIME= 16:04:41
 The estimated error in isolated selected elements (such as element 38 ) 
 defaults to zero regardless of the actual error.                        

 *** WARNING ***                         ELAPSED TIME =     101.077   TIME= 16:04:41
 The estimated error in isolated selected elements (such as element 39 ) 
 defaults to zero regardless of the actual error.                        

 *** WARNING ***                         ELAPSED TIME =     101.415   TIME= 16:04:41
 The estimated error in isolated selected elements (such as element 40 ) 
 defaults to zero regardless of the actual error.                        

 *** WARNING ***                         ELAPSED TIME =     101.765   TIME= 16:04:42
 The estimated error in isolated selected elements (such as element 41 ) 
 defaults to zero regardless of the actual error.                        

 *** WARNING ***                         ELAPSED TIME =     102.094   TIME= 16:04:42
 The estimated error in isolated selected elements (such as element 42 ) 
 defaults to zero regardless of the actual error.                        

 *** WARNING ***                         ELAPSED TIME =     102.425   TIME= 16:04:42
 The estimated error in isolated selected elements (such as element 43 ) 
 defaults to zero regardless of the actual error.                        

 *** WARNING ***                         ELAPSED TIME =     102.754   TIME= 16:04:43
 The estimated error in isolated selected elements (such as element 44 ) 
 defaults to zero regardless of the actual error.                        

 *** WARNING ***                         ELAPSED TIME =     103.091   TIME= 16:04:43
 The estimated error in isolated selected elements (such as element 45 ) 
 defaults to zero regardless of the actual error.                        

 *** WARNING ***                         ELAPSED TIME =     103.421   TIME= 16:04:43
 The estimated error in isolated selected elements (such as element 46 ) 
 defaults to zero regardless of the actual error.                        

 *** WARNING ***                         ELAPSED TIME =     103.754   TIME= 16:04:44
 The estimated error in isolated selected elements (such as element 47 ) 
 defaults to zero regardless of the actual error.                        

 *** WARNING ***                         ELAPSED TIME =     104.082   TIME= 16:04:44
 The estimated error in isolated selected elements (such as element 48 ) 
 defaults to zero regardless of the actual error.                        

 *** WARNING ***                         ELAPSED TIME =     104.416   TIME= 16:04:44
 The estimated error in isolated selected elements (such as element 49 ) 
 defaults to zero regardless of the actual error.                        

 *** WARNING ***                         ELAPSED TIME =     104.750   TIME= 16:04:45
 The estimated error in isolated selected elements (such as element 50 ) 
 defaults to zero regardless of the actual error.                        

 *** WARNING ***                         ELAPSED TIME =     105.080   TIME= 16:04:45
 The estimated error in isolated selected elements (such as element 51 ) 
 defaults to zero regardless of the actual error.                        

 *** WARNING ***                         ELAPSED TIME =     105.413   TIME= 16:04:45
 The estimated error in isolated selected elements (such as element 52 ) 
 defaults to zero regardless of the actual error.                        

 *** WARNING ***                         ELAPSED TIME =     105.755   TIME= 16:04:46
 The estimated error in isolated selected elements (such as element 53 ) 
 defaults to zero regardless of the actual error.                        

 *** WARNING ***                         ELAPSED TIME =     106.085   TIME= 16:04:46
 The estimated error in isolated selected elements (such as element 54 ) 
 defaults to zero regardless of the actual error.                        

 *** WARNING ***                         ELAPSED TIME =     106.418   TIME= 16:04:46
 The estimated error in isolated selected elements (such as element 55 ) 
 defaults to zero regardless of the actual error.                        

 *** WARNING ***                         ELAPSED TIME =     106.747   TIME= 16:04:47
 The estimated error in isolated selected elements (such as element 56 ) 
 defaults to zero regardless of the actual error.                        

 *** WARNING ***                         ELAPSED TIME =     107.080   TIME= 16:04:47
 The estimated error in isolated selected elements (such as element 57 ) 
 defaults to zero regardless of the actual error.                        

 *** WARNING ***                         ELAPSED TIME =     107.414   TIME= 16:04:47
 The estimated error in isolated selected elements (such as element 58 ) 
 defaults to zero regardless of the actual error.                        

 *** WARNING ***                         ELAPSED TIME =     107.744   TIME= 16:04:48
 The estimated error in isolated selected elements (such as element 59 ) 
 defaults to zero regardless of the actual error.                        

 *** WARNING ***                         ELAPSED TIME =     108.076   TIME= 16:04:48
 The estimated error in isolated selected elements (such as element 60 ) 
 defaults to zero regardless of the actual error.                        

 *** WARNING ***                         ELAPSED TIME =     108.408   TIME= 16:04:48
 The estimated error in isolated selected elements (such as element 61 ) 
 defaults to zero regardless of the actual error.                        

 *** WARNING ***                         ELAPSED TIME =     108.742   TIME= 16:04:49
 The estimated error in isolated selected elements (such as element 62 ) 
 defaults to zero regardless of the actual error.                        

 *** WARNING ***                         ELAPSED TIME =     109.067   TIME= 16:04:49
 The estimated error in isolated selected elements (such as element 63 ) 
 defaults to zero regardless of the actual error.                        

 *** WARNING ***                         ELAPSED TIME =     109.393   TIME= 16:04:49
 The estimated error in isolated selected elements (such as element 64 ) 
 defaults to zero regardless of the actual error.                        

 *** WARNING ***                         ELAPSED TIME =     109.723   TIME= 16:04:50
 The estimated error in isolated selected elements (such as element 65 ) 
 defaults to zero regardless of the actual error.                        

 *** WARNING ***                         ELAPSED TIME =     110.062   TIME= 16:04:50
 The estimated error in isolated selected elements (such as element 66 ) 
 defaults to zero regardless of the actual error.                        

 *** WARNING ***                         ELAPSED TIME =     110.393   TIME= 16:04:50
 The estimated error in isolated selected elements (such as element 67 ) 
 defaults to zero regardless of the actual error.                        

 *** WARNING ***                         ELAPSED TIME =     110.725   TIME= 16:04:51
 The estimated error in isolated selected elements (such as element 68 ) 
 defaults to zero regardless of the actual error.                        

 *** WARNING ***                         ELAPSED TIME =     111.052   TIME= 16:04:51
 The estimated error in isolated selected elements (such as element 69 ) 
 defaults to zero regardless of the actual error.                        

 *** WARNING ***                         ELAPSED TIME =     111.388   TIME= 16:04:51
 The estimated error in isolated selected elements (such as element 70 ) 
 defaults to zero regardless of the actual error.                        

 *** WARNING ***                         ELAPSED TIME =     111.718   TIME= 16:04:52
 The estimated error in isolated selected elements (such as element 71 ) 
 defaults to zero regardless of the actual error.                        

 *** WARNING ***                         ELAPSED TIME =     112.051   TIME= 16:04:52
 The estimated error in isolated selected elements (such as element 72 ) 
 defaults to zero regardless of the actual error.                        

 *** WARNING ***                         ELAPSED TIME =     112.384   TIME= 16:04:52
 The estimated error in isolated selected elements (such as element 73 ) 
 defaults to zero regardless of the actual error.                        

 *** WARNING ***                         ELAPSED TIME =     112.729   TIME= 16:04:53
 The estimated error in isolated selected elements (such as element 74 ) 
 defaults to zero regardless of the actual error.                        

 *** WARNING ***                         ELAPSED TIME =     113.062   TIME= 16:04:53
 The estimated error in isolated selected elements (such as element 75 ) 
 defaults to zero regardless of the actual error.                        

 *** WARNING ***                         ELAPSED TIME =     113.392   TIME= 16:04:53
 The estimated error in isolated selected elements (such as element 76 ) 
 defaults to zero regardless of the actual error.                        

 *** WARNING ***                         ELAPSED TIME =     113.729   TIME= 16:04:54
 The estimated error in isolated selected elements (such as element 77 ) 
 defaults to zero regardless of the actual error.                        

 *** WARNING ***                         ELAPSED TIME =     114.064   TIME= 16:04:54
 The estimated error in isolated selected elements (such as element 78 ) 
 defaults to zero regardless of the actual error.                        

 *** WARNING ***                         ELAPSED TIME =     114.409   TIME= 16:04:54
 The estimated error in isolated selected elements (such as element 79 ) 
 defaults to zero regardless of the actual error.                        

 *** WARNING ***                         ELAPSED TIME =     114.740   TIME= 16:04:55
 The estimated error in isolated selected elements (such as element 80 ) 
 defaults to zero regardless of the actual error.                        

 *** WARNING ***                         ELAPSED TIME =     115.066   TIME= 16:04:55
 The estimated error in isolated selected elements (such as element 81 ) 
 defaults to zero regardless of the actual error.                        

 *** WARNING ***                         ELAPSED TIME =     115.402   TIME= 16:04:55
 The estimated error in isolated selected elements (such as element 82 ) 
 defaults to zero regardless of the actual error.                        

 *** WARNING ***                         ELAPSED TIME =     115.735   TIME= 16:04:56
 The estimated error in isolated selected elements (such as element 83 ) 
 defaults to zero regardless of the actual error.                        

 *** WARNING ***                         ELAPSED TIME =     116.067   TIME= 16:04:56
 The estimated error in isolated selected elements (such as element 84 ) 
 defaults to zero regardless of the actual error.                        

 *** WARNING ***                         ELAPSED TIME =     116.401   TIME= 16:04:56
 The estimated error in isolated selected elements (such as element 85 ) 
 defaults to zero regardless of the actual error.                        

 *** WARNING ***                         ELAPSED TIME =     116.740   TIME= 16:04:57
 The estimated error in isolated selected elements (such as element 86 ) 
 defaults to zero regardless of the actual error.                        

 *** WARNING ***                         ELAPSED TIME =     117.065   TIME= 16:04:57
 The estimated error in isolated selected elements (such as element 87 ) 
 defaults to zero regardless of the actual error.                        

 *** WARNING ***                         ELAPSED TIME =     117.401   TIME= 16:04:57
 The estimated error in isolated selected elements (such as element 88 ) 
 defaults to zero regardless of the actual error.                        

 *** WARNING ***                         ELAPSED TIME =     117.731   TIME= 16:04:58
 The estimated error in isolated selected elements (such as element 89 ) 
 defaults to zero regardless of the actual error.                        

 *** WARNING ***                         ELAPSED TIME =     118.064   TIME= 16:04:58
 The estimated error in isolated selected elements (such as element 90 ) 
 defaults to zero regardless of the actual error.                        

 *** WARNING ***                         ELAPSED TIME =     118.403   TIME= 16:04:58
 The estimated error in isolated selected elements (such as element 91 ) 
 defaults to zero regardless of the actual error.                        

 *** WARNING ***                         ELAPSED TIME =     118.735   TIME= 16:04:59
 The estimated error in isolated selected elements (such as element 92 ) 
 defaults to zero regardless of the actual error.                        

 *** WARNING ***                         ELAPSED TIME =     119.061   TIME= 16:04:59
 The estimated error in isolated selected elements (such as element 93 ) 
 defaults to zero regardless of the actual error.                        

 *** WARNING ***                         ELAPSED TIME =     119.397   TIME= 16:04:59
 The estimated error in isolated selected elements (such as element 94 ) 
 defaults to zero regardless of the actual error.                        

 *** WARNING ***                         ELAPSED TIME =     119.736   TIME= 16:05:00
 The estimated error in isolated selected elements (such as element 95 ) 
 defaults to zero regardless of the actual error.                        

 *** WARNING ***                         ELAPSED TIME =     120.070   TIME= 16:05:00
 The estimated error in isolated selected elements (such as element 96 ) 
 defaults to zero regardless of the actual error.                        

 *** WARNING ***                         ELAPSED TIME =     120.409   TIME= 16:05:00
 The estimated error in isolated selected elements (such as element 97 ) 
 defaults to zero regardless of the actual error.                        

 *** WARNING ***                         ELAPSED TIME =     120.761   TIME= 16:05:01
 The estimated error in isolated selected elements (such as element 98 ) 
 defaults to zero regardless of the actual error.                        

 *** WARNING ***                         ELAPSED TIME =     121.110   TIME= 16:05:01
 The estimated error in isolated selected elements (such as element 99 ) 
 defaults to zero regardless of the actual error.                        

 *** WARNING ***                         ELAPSED TIME =     121.457   TIME= 16:05:02
 The estimated error in isolated selected elements (such as element 100  
 ) defaults to zero regardless of the actual error.                      

 *** WARNING ***                         ELAPSED TIME =     121.787   TIME= 16:05:02
 The estimated error in isolated selected elements (such as element 101  
 ) defaults to zero regardless of the actual error.                      

 *** WARNING ***                         ELAPSED TIME =     122.126   TIME= 16:05:02
 The estimated error in isolated selected elements (such as element 102  
 ) defaults to zero regardless of the actual error.                      

 *** WARNING ***                         ELAPSED TIME =     122.453   TIME= 16:05:03
 The estimated error in isolated selected elements (such as element 103  
 ) defaults to zero regardless of the actual error.                      

 *** WARNING ***                         ELAPSED TIME =     122.785   TIME= 16:05:03
 The estimated error in isolated selected elements (such as element 104  
 ) defaults to zero regardless of the actual error.                      

 *** WARNING ***                         ELAPSED TIME =     123.122   TIME= 16:05:03
 The estimated error in isolated selected elements (such as element 105  
 ) defaults to zero regardless of the actual error.                      

 *** WARNING ***                         ELAPSED TIME =     123.473   TIME= 16:05:04
 The estimated error in isolated selected elements (such as element 106  
 ) defaults to zero regardless of the actual error.                      

 *** WARNING ***                         ELAPSED TIME =     123.838   TIME= 16:05:04
 The estimated error in isolated selected elements (such as element 107  
 ) defaults to zero regardless of the actual error.                      

 *** WARNING ***                         ELAPSED TIME =     124.206   TIME= 16:05:04
 The estimated error in isolated selected elements (such as element 108  
 ) defaults to zero regardless of the actual error.                      

 *** WARNING ***                         ELAPSED TIME =     124.571   TIME= 16:05:05
 The estimated error in isolated selected elements (such as element 109  
 ) defaults to zero regardless of the actual error.                      

 *** WARNING ***                         ELAPSED TIME =     124.906   TIME= 16:05:05
 The estimated error in isolated selected elements (such as element 110  
 ) defaults to zero regardless of the actual error.                      

 *** WARNING ***                         ELAPSED TIME =     125.237   TIME= 16:05:05
 The estimated error in isolated selected elements (such as element 111  
 ) defaults to zero regardless of the actual error.                      

 *** WARNING ***                         ELAPSED TIME =     125.571   TIME= 16:05:06
 The estimated error in isolated selected elements (such as element 112  
 ) defaults to zero regardless of the actual error.                      

 *** WARNING ***                         ELAPSED TIME =     125.908   TIME= 16:05:06
 The estimated error in isolated selected elements (such as element 113  
 ) defaults to zero regardless of the actual error.                      

 *** WARNING ***                         ELAPSED TIME =     126.254   TIME= 16:05:06
 The estimated error in isolated selected elements (such as element 114  
 ) defaults to zero regardless of the actual error.                      

 *** WARNING ***                         ELAPSED TIME =     126.593   TIME= 16:05:07
 The estimated error in isolated selected elements (such as element 115  
 ) defaults to zero regardless of the actual error.                      

 *** WARNING ***                         ELAPSED TIME =     126.927   TIME= 16:05:07
 The estimated error in isolated selected elements (such as element 116  
 ) defaults to zero regardless of the actual error.                      

 *** WARNING ***                         ELAPSED TIME =     127.262   TIME= 16:05:07
 The estimated error in isolated selected elements (such as element 117  
 ) defaults to zero regardless of the actual error.                      

 *** WARNING ***                         ELAPSED TIME =     127.598   TIME= 16:05:08
 The estimated error in isolated selected elements (such as element 118  
 ) defaults to zero regardless of the actual error.                      

 *** WARNING ***                         ELAPSED TIME =     127.930   TIME= 16:05:08
 The estimated error in isolated selected elements (such as element 119  
 ) defaults to zero regardless of the actual error.                      

 *** WARNING ***                         ELAPSED TIME =     128.268   TIME= 16:05:08
 The estimated error in isolated selected elements (such as element 120  
 ) defaults to zero regardless of the actual error.                      

 *** WARNING ***                         ELAPSED TIME =     128.608   TIME= 16:05:09
 The estimated error in isolated selected elements (such as element 121  
 ) defaults to zero regardless of the actual error.                      

 *** WARNING ***                         ELAPSED TIME =     128.950   TIME= 16:05:09
 The estimated error in isolated selected elements (such as element 122  
 ) defaults to zero regardless of the actual error.                      

 *** WARNING ***                         ELAPSED TIME =     129.281   TIME= 16:05:09
 The estimated error in isolated selected elements (such as element 123  
 ) defaults to zero regardless of the actual error.                      

 *** WARNING ***                         ELAPSED TIME =     129.613   TIME= 16:05:10
 The estimated error in isolated selected elements (such as element 124  
 ) defaults to zero regardless of the actual error.                      

 *** WARNING ***                         ELAPSED TIME =     129.940   TIME= 16:05:10
 The estimated error in isolated selected elements (such as element 125  
 ) defaults to zero regardless of the actual error.                      

 *** WARNING ***                         ELAPSED TIME =     130.276   TIME= 16:05:10
 The estimated error in isolated selected elements (such as element 126  
 ) defaults to zero regardless of the actual error.                      

 *** WARNING ***                         ELAPSED TIME =     130.611   TIME= 16:05:11
 The estimated error in isolated selected elements (such as element 127  
 ) defaults to zero regardless of the actual error.                      

 *** WARNING ***                         ELAPSED TIME =     130.941   TIME= 16:05:11
 The estimated error in isolated selected elements (such as element 128  
 ) defaults to zero regardless of the actual error.                      

 *** WARNING ***                         ELAPSED TIME =     131.279   TIME= 16:05:11
 The estimated error in isolated selected elements (such as element 129  
 ) defaults to zero regardless of the actual error.                      

 *** WARNING ***                         ELAPSED TIME =     131.615   TIME= 16:05:12
 The estimated error in isolated selected elements (such as element 130  
 ) defaults to zero regardless of the actual error.                      

 *** WARNING ***                         ELAPSED TIME =     131.949   TIME= 16:05:12
 The estimated error in isolated selected elements (such as element 131  
 ) defaults to zero regardless of the actual error.                      

 *** WARNING ***                         ELAPSED TIME =     132.278   TIME= 16:05:12
 The estimated error in isolated selected elements (such as element 132  
 ) defaults to zero regardless of the actual error.                      

 *** WARNING ***                         ELAPSED TIME =     132.612   TIME= 16:05:13
 The estimated error in isolated selected elements (such as element 133  
 ) defaults to zero regardless of the actual error.                      

 *** WARNING ***                         ELAPSED TIME =     132.946   TIME= 16:05:13
 The estimated error in isolated selected elements (such as element 134  
 ) defaults to zero regardless of the actual error.                      

 *** WARNING ***                         ELAPSED TIME =     133.283   TIME= 16:05:13
 The estimated error in isolated selected elements (such as element 135  
 ) defaults to zero regardless of the actual error.                      

 *** WARNING ***                         ELAPSED TIME =     133.619   TIME= 16:05:14
 The estimated error in isolated selected elements (such as element 136  
 ) defaults to zero regardless of the actual error.                      

 *** WARNING ***                         ELAPSED TIME =     133.952   TIME= 16:05:14
 The estimated error in isolated selected elements (such as element 137  
 ) defaults to zero regardless of the actual error.                      

 *** WARNING ***                         ELAPSED TIME =     134.287   TIME= 16:05:14
 The estimated error in isolated selected elements (such as element 138  
 ) defaults to zero regardless of the actual error.                      

 *** WARNING ***                         ELAPSED TIME =     134.618   TIME= 16:05:15
 The estimated error in isolated selected elements (such as element 139  
 ) defaults to zero regardless of the actual error.                      

 *** WARNING ***                         ELAPSED TIME =     134.946   TIME= 16:05:15
 The estimated error in isolated selected elements (such as element 140  
 ) defaults to zero regardless of the actual error.                      

 *** WARNING ***                         ELAPSED TIME =     135.276   TIME= 16:05:15
 The estimated error in isolated selected elements (such as element 141  
 ) defaults to zero regardless of the actual error.                      

 *** WARNING ***                         ELAPSED TIME =     135.614   TIME= 16:05:16
 The estimated error in isolated selected elements (such as element 142  
 ) defaults to zero regardless of the actual error.                      

 *** WARNING ***                         ELAPSED TIME =     135.946   TIME= 16:05:16
 The estimated error in isolated selected elements (such as element 143  
 ) defaults to zero regardless of the actual error.                      

 *** WARNING ***                         ELAPSED TIME =     136.278   TIME= 16:05:16
 The estimated error in isolated selected elements (such as element 144  
 ) defaults to zero regardless of the actual error.                      

 *** WARNING ***                         ELAPSED TIME =     136.612   TIME= 16:05:17
 The estimated error in isolated selected elements (such as element 145  
 ) defaults to zero regardless of the actual error.                      

 *** WARNING ***                         ELAPSED TIME =     136.948   TIME= 16:05:17
 The estimated error in isolated selected elements (such as element 146  
 ) defaults to zero regardless of the actual error.                      

 *** WARNING ***                         ELAPSED TIME =     137.288   TIME= 16:05:17
 The estimated error in isolated selected elements (such as element 147  
 ) defaults to zero regardless of the actual error.                      

 *** WARNING ***                         ELAPSED TIME =     137.619   TIME= 16:05:18
 The estimated error in isolated selected elements (such as element 148  
 ) defaults to zero regardless of the actual error.                      

 *** WARNING ***                         ELAPSED TIME =     137.946   TIME= 16:05:18
 The estimated error in isolated selected elements (such as element 149  
 ) defaults to zero regardless of the actual error.                      

 *** WARNING ***                         ELAPSED TIME =     138.277   TIME= 16:05:18
 The estimated error in isolated selected elements (such as element 150  
 ) defaults to zero regardless of the actual error.                      

 *** WARNING ***                         ELAPSED TIME =     138.613   TIME= 16:05:19
 The estimated error in isolated selected elements (such as element 151  
 ) defaults to zero regardless of the actual error.                      

 *** WARNING ***                         ELAPSED TIME =     138.942   TIME= 16:05:19
 The estimated error in isolated selected elements (such as element 152  
 ) defaults to zero regardless of the actual error.                      

 *** WARNING ***                         ELAPSED TIME =     139.271   TIME= 16:05:19
 The estimated error in isolated selected elements (such as element 153  
 ) defaults to zero regardless of the actual error.                      

 *** WARNING ***                         ELAPSED TIME =     139.601   TIME= 16:05:20
 The estimated error in isolated selected elements (such as element 154  
 ) defaults to zero regardless of the actual error.                      

 *** WARNING ***                         ELAPSED TIME =     139.935   TIME= 16:05:20
 The estimated error in isolated selected elements (such as element 155  
 ) defaults to zero regardless of the actual error.                      

 *** WARNING ***                         ELAPSED TIME =     140.262   TIME= 16:05:20
 The estimated error in isolated selected elements (such as element 156  
 ) defaults to zero regardless of the actual error.                      

 *** WARNING ***                         ELAPSED TIME =     140.590   TIME= 16:05:21
 The estimated error in isolated selected elements (such as element 157  
 ) defaults to zero regardless of the actual error.                      

 *** WARNING ***                         ELAPSED TIME =     140.921   TIME= 16:05:21
 The estimated error in isolated selected elements (such as element 158  
 ) defaults to zero regardless of the actual error.                      

 *** WARNING ***                         ELAPSED TIME =     141.254   TIME= 16:05:21
 The estimated error in isolated selected elements (such as element 159  
 ) defaults to zero regardless of the actual error.                      

 *** WARNING ***                         ELAPSED TIME =     141.586   TIME= 16:05:22
 The estimated error in isolated selected elements (such as element 160  
 ) defaults to zero regardless of the actual error.                      

 *** WARNING ***                         ELAPSED TIME =     141.918   TIME= 16:05:22
 The estimated error in isolated selected elements (such as element 161  
 ) defaults to zero regardless of the actual error.                      

 *** WARNING ***                         ELAPSED TIME =     142.246   TIME= 16:05:22
 The estimated error in isolated selected elements (such as element 162  
 ) defaults to zero regardless of the actual error.                      

 *** WARNING ***                         ELAPSED TIME =     142.581   TIME= 16:05:23
 The estimated error in isolated selected elements (such as element 163  
 ) defaults to zero regardless of the actual error.                      

 *** WARNING ***                         ELAPSED TIME =     142.913   TIME= 16:05:23
 The estimated error in isolated selected elements (such as element 164  
 ) defaults to zero regardless of the actual error.                      

 *** WARNING ***                         ELAPSED TIME =     143.240   TIME= 16:05:23
 The estimated error in isolated selected elements (such as element 165  
 ) defaults to zero regardless of the actual error.                      

 *** WARNING ***                         ELAPSED TIME =     143.572   TIME= 16:05:24
 The estimated error in isolated selected elements (such as element 166  
 ) defaults to zero regardless of the actual error.                      

 *** WARNING ***                         ELAPSED TIME =     143.902   TIME= 16:05:24
 The estimated error in isolated selected elements (such as element 167  
 ) defaults to zero regardless of the actual error.                      

 *** WARNING ***                         ELAPSED TIME =     144.233   TIME= 16:05:24
 The estimated error in isolated selected elements (such as element 168  
 ) defaults to zero regardless of the actual error.                      

 *** WARNING ***                         ELAPSED TIME =     144.566   TIME= 16:05:25
 The estimated error in isolated selected elements (such as element 169  
 ) defaults to zero regardless of the actual error.                      

 *** WARNING ***                         ELAPSED TIME =     144.897   TIME= 16:05:25
 The estimated error in isolated selected elements (such as element 170  
 ) defaults to zero regardless of the actual error.                      

 *** WARNING ***                         ELAPSED TIME =     145.235   TIME= 16:05:25
 The estimated error in isolated selected elements (such as element 171  
 ) defaults to zero regardless of the actual error.                      

 *** WARNING ***                         ELAPSED TIME =     145.567   TIME= 16:05:26
 The estimated error in isolated selected elements (such as element 172  
 ) defaults to zero regardless of the actual error.                      

 *** WARNING ***                         ELAPSED TIME =     145.899   TIME= 16:05:26
 The estimated error in isolated selected elements (such as element 173  
 ) defaults to zero regardless of the actual error.                      

 *** WARNING ***                         ELAPSED TIME =     146.232   TIME= 16:05:26
 The estimated error in isolated selected elements (such as element 174  
 ) defaults to zero regardless of the actual error.                      

 *** WARNING ***                         ELAPSED TIME =     146.570   TIME= 16:05:27
 The estimated error in isolated selected elements (such as element 175  
 ) defaults to zero regardless of the actual error.                      

 *** WARNING ***                         ELAPSED TIME =     146.907   TIME= 16:05:27
 The estimated error in isolated selected elements (such as element 176  
 ) defaults to zero regardless of the actual error.                      

 *** WARNING ***                         ELAPSED TIME =     147.238   TIME= 16:05:27
 The estimated error in isolated selected elements (such as element 177  
 ) defaults to zero regardless of the actual error.                      

 *** WARNING ***                         ELAPSED TIME =     147.568   TIME= 16:05:28
 The estimated error in isolated selected elements (such as element 178  
 ) defaults to zero regardless of the actual error.                      

 *** WARNING ***                         ELAPSED TIME =     147.901   TIME= 16:05:28
 The estimated error in isolated selected elements (such as element 179  
 ) defaults to zero regardless of the actual error.                      

 *** WARNING ***                         ELAPSED TIME =     148.232   TIME= 16:05:28
 The estimated error in isolated selected elements (such as element 180  
 ) defaults to zero regardless of the actual error.                      

 *** WARNING ***                         ELAPSED TIME =     148.563   TIME= 16:05:29
 The estimated error in isolated selected elements (such as element 181  
 ) defaults to zero regardless of the actual error.                      

 *** WARNING ***                         ELAPSED TIME =     148.896   TIME= 16:05:29
 The estimated error in isolated selected elements (such as element 182  
 ) defaults to zero regardless of the actual error.                      

 *** WARNING ***                         ELAPSED TIME =     149.231   TIME= 16:05:29
 The estimated error in isolated selected elements (such as element 183  
 ) defaults to zero regardless of the actual error.                      

 *** WARNING ***                         ELAPSED TIME =     149.567   TIME= 16:05:30
 The estimated error in isolated selected elements (such as element 184  
 ) defaults to zero regardless of the actual error.                      

 *** WARNING ***                         ELAPSED TIME =     149.901   TIME= 16:05:30
 The estimated error in isolated selected elements (such as element 185  
 ) defaults to zero regardless of the actual error.                      

 *** WARNING ***                         ELAPSED TIME =     150.227   TIME= 16:05:30
 The estimated error in isolated selected elements (such as element 186  
 ) defaults to zero regardless of the actual error.                      

 *** WARNING ***                         ELAPSED TIME =     150.561   TIME= 16:05:31
 The estimated error in isolated selected elements (such as element 187  
 ) defaults to zero regardless of the actual error.                      

 *** WARNING ***                         ELAPSED TIME =     150.890   TIME= 16:05:31
 The estimated error in isolated selected elements (such as element 188  
 ) defaults to zero regardless of the actual error.                      

 *** WARNING ***                         ELAPSED TIME =     151.216   TIME= 16:05:31
 The estimated error in isolated selected elements (such as element 189  
 ) defaults to zero regardless of the actual error.                      

 *** WARNING ***                         ELAPSED TIME =     151.548   TIME= 16:05:32
 The estimated error in isolated selected elements (such as element 190  
 ) defaults to zero regardless of the actual error.                      

 *** WARNING ***                         ELAPSED TIME =     151.877   TIME= 16:05:32
 The estimated error in isolated selected elements (such as element 191  
 ) defaults to zero regardless of the actual error.                      

 *** WARNING ***                         ELAPSED TIME =     152.210   TIME= 16:05:32
 The estimated error in isolated selected elements (such as element 192  
 ) defaults to zero regardless of the actual error.                      

 *** WARNING ***                         ELAPSED TIME =     152.539   TIME= 16:05:33
 The estimated error in isolated selected elements (such as element 193  
 ) defaults to zero regardless of the actual error.                      

 *** WARNING ***                         ELAPSED TIME =     152.868   TIME= 16:05:33
 The estimated error in isolated selected elements (such as element 194  
 ) defaults to zero regardless of the actual error.                      

 *** WARNING ***                         ELAPSED TIME =     153.200   TIME= 16:05:33
 The estimated error in isolated selected elements (such as element 195  
 ) defaults to zero regardless of the actual error.                      

 *** WARNING ***                         ELAPSED TIME =     153.533   TIME= 16:05:34
 The estimated error in isolated selected elements (such as element 196  
 ) defaults to zero regardless of the actual error.                      

 *** WARNING ***                         ELAPSED TIME =     153.863   TIME= 16:05:34
 The estimated error in isolated selected elements (such as element 197  
 ) defaults to zero regardless of the actual error.                      

 *** WARNING ***                         ELAPSED TIME =     154.191   TIME= 16:05:34
 The estimated error in isolated selected elements (such as element 198  
 ) defaults to zero regardless of the actual error.                      

 *** WARNING ***                         ELAPSED TIME =     154.528   TIME= 16:05:35
 The estimated error in isolated selected elements (such as element 199  
 ) defaults to zero regardless of the actual error.                      

 *** WARNING ***                         ELAPSED TIME =     154.856   TIME= 16:05:35
 The estimated error in isolated selected elements (such as element 200  
 ) defaults to zero regardless of the actual error.                      

 *** WARNING ***                         ELAPSED TIME =     155.186   TIME= 16:05:35
 The estimated error in isolated selected elements (such as element 201  
 ) defaults to zero regardless of the actual error.                      

 *** WARNING ***                         ELAPSED TIME =     155.519   TIME= 16:05:36
 The estimated error in isolated selected elements (such as element 202  
 ) defaults to zero regardless of the actual error.                      

 *** WARNING ***                         ELAPSED TIME =     155.855   TIME= 16:05:36
 The estimated error in isolated selected elements (such as element 203  
 ) defaults to zero regardless of the actual error.                      

 *** WARNING ***                         ELAPSED TIME =     156.189   TIME= 16:05:36
 The estimated error in isolated selected elements (such as element 204  
 ) defaults to zero regardless of the actual error.                      

 *** WARNING ***                         ELAPSED TIME =     156.522   TIME= 16:05:37
 The estimated error in isolated selected elements (such as element 205  
 ) defaults to zero regardless of the actual error.                      

 *** WARNING ***                         ELAPSED TIME =     156.853   TIME= 16:05:37
 The estimated error in isolated selected elements (such as element 206  
 ) defaults to zero regardless of the actual error.                      

 *** WARNING ***                         ELAPSED TIME =     157.180   TIME= 16:05:37
 The estimated error in isolated selected elements (such as element 207  
 ) defaults to zero regardless of the actual error.                      

 *** WARNING ***                         ELAPSED TIME =     157.509   TIME= 16:05:38
 The estimated error in isolated selected elements (such as element 208  
 ) defaults to zero regardless of the actual error.                      

 *** WARNING ***                         ELAPSED TIME =     157.847   TIME= 16:05:38
 The estimated error in isolated selected elements (such as element 209  
 ) defaults to zero regardless of the actual error.                      

 *** WARNING ***                         ELAPSED TIME =     158.174   TIME= 16:05:38
 The estimated error in isolated selected elements (such as element 210  
 ) defaults to zero regardless of the actual error.                      

 *** WARNING ***                         ELAPSED TIME =     158.507   TIME= 16:05:39
 The estimated error in isolated selected elements (such as element 211  
 ) defaults to zero regardless of the actual error.                      

 *** WARNING ***                         ELAPSED TIME =     158.840   TIME= 16:05:39
 The estimated error in isolated selected elements (such as element 212  
 ) defaults to zero regardless of the actual error.                      

 *** WARNING ***                         ELAPSED TIME =     159.168   TIME= 16:05:39
 The estimated error in isolated selected elements (such as element 213  
 ) defaults to zero regardless of the actual error.                      

 *** WARNING ***                         ELAPSED TIME =     159.500   TIME= 16:05:40
 The estimated error in isolated selected elements (such as element 214  
 ) defaults to zero regardless of the actual error.                      

 *** WARNING ***                         ELAPSED TIME =     159.837   TIME= 16:05:40
 The estimated error in isolated selected elements (such as element 215  
 ) defaults to zero regardless of the actual error.                      

 *** WARNING ***                         ELAPSED TIME =     160.169   TIME= 16:05:40
 The estimated error in isolated selected elements (such as element 216  
 ) defaults to zero regardless of the actual error.                      

 *** WARNING ***                         ELAPSED TIME =     160.510   TIME= 16:05:41
 The estimated error in isolated selected elements (such as element 217  
 ) defaults to zero regardless of the actual error.                      

 *** WARNING ***                         ELAPSED TIME =     160.844   TIME= 16:05:41
 The estimated error in isolated selected elements (such as element 218  
 ) defaults to zero regardless of the actual error.                      

 *** WARNING ***                         ELAPSED TIME =     161.176   TIME= 16:05:41
 The estimated error in isolated selected elements (such as element 219  
 ) defaults to zero regardless of the actual error.                      

 *** WARNING ***                         ELAPSED TIME =     161.513   TIME= 16:05:42
 The estimated error in isolated selected elements (such as element 220  
 ) defaults to zero regardless of the actual error.                      

 *** WARNING ***                         ELAPSED TIME =     161.844   TIME= 16:05:42
 The estimated error in isolated selected elements (such as element 221  
 ) defaults to zero regardless of the actual error.                      

 *** WARNING ***                         ELAPSED TIME =     162.175   TIME= 16:05:42
 The estimated error in isolated selected elements (such as element 222  
 ) defaults to zero regardless of the actual error.                      

 *** WARNING ***                         ELAPSED TIME =     162.509   TIME= 16:05:43
 The estimated error in isolated selected elements (such as element 223  
 ) defaults to zero regardless of the actual error.                      

 *** WARNING ***                         ELAPSED TIME =     162.841   TIME= 16:05:43
 The estimated error in isolated selected elements (such as element 224  
 ) defaults to zero regardless of the actual error.                      

 *** WARNING ***                         ELAPSED TIME =     163.172   TIME= 16:05:43
 The estimated error in isolated selected elements (such as element 225  
 ) defaults to zero regardless of the actual error.                      

 *** WARNING ***                         ELAPSED TIME =     163.505   TIME= 16:05:44
 The estimated error in isolated selected elements (such as element 226  
 ) defaults to zero regardless of the actual error.                      

 *** WARNING ***                         ELAPSED TIME =     163.831   TIME= 16:05:44
 The estimated error in isolated selected elements (such as element 227  
 ) defaults to zero regardless of the actual error.                      

 *** WARNING ***                         ELAPSED TIME =     164.163   TIME= 16:05:44
 The estimated error in isolated selected elements (such as element 228  
 ) defaults to zero regardless of the actual error.                      

 *** WARNING ***                         ELAPSED TIME =     164.508   TIME= 16:05:45
 The estimated error in isolated selected elements (such as element 229  
 ) defaults to zero regardless of the actual error.                      

 *** WARNING ***                         ELAPSED TIME =     164.835   TIME= 16:05:45
 The estimated error in isolated selected elements (such as element 230  
 ) defaults to zero regardless of the actual error.                      

 *** WARNING ***                         ELAPSED TIME =     165.166   TIME= 16:05:45
 The estimated error in isolated selected elements (such as element 231  
 ) defaults to zero regardless of the actual error.                      

 *** WARNING ***                         ELAPSED TIME =     165.501   TIME= 16:05:46
 The estimated error in isolated selected elements (such as element 232  
 ) defaults to zero regardless of the actual error.                      

 *** WARNING ***                         ELAPSED TIME =     165.834   TIME= 16:05:46
 The estimated error in isolated selected elements (such as element 233  
 ) defaults to zero regardless of the actual error.                      

 *** WARNING ***                         ELAPSED TIME =     166.165   TIME= 16:05:46
 The estimated error in isolated selected elements (such as element 234  
 ) defaults to zero regardless of the actual error.                      

 *** WARNING ***                         ELAPSED TIME =     166.494   TIME= 16:05:47
 The estimated error in isolated selected elements (such as element 235  
 ) defaults to zero regardless of the actual error.                      

 *** WARNING ***                         ELAPSED TIME =     166.828   TIME= 16:05:47
 The estimated error in isolated selected elements (such as element 236  
 ) defaults to zero regardless of the actual error.                      

 *** WARNING ***                         ELAPSED TIME =     167.157   TIME= 16:05:47
 The estimated error in isolated selected elements (such as element 237  
 ) defaults to zero regardless of the actual error.                      

 *** WARNING ***                         ELAPSED TIME =     167.501   TIME= 16:05:48
 The estimated error in isolated selected elements (such as element 238  
 ) defaults to zero regardless of the actual error.                      

 *** WARNING ***                         ELAPSED TIME =     167.830   TIME= 16:05:48
 The estimated error in isolated selected elements (such as element 239  
 ) defaults to zero regardless of the actual error.                      

 *** WARNING ***                         ELAPSED TIME =     168.157   TIME= 16:05:48
 The estimated error in isolated selected elements (such as element 240  
 ) defaults to zero regardless of the actual error.                      

 *** WARNING ***                         ELAPSED TIME =     168.489   TIME= 16:05:49
 The estimated error in isolated selected elements (such as element 241  
 ) defaults to zero regardless of the actual error.                      

 *** WARNING ***                         ELAPSED TIME =     168.819   TIME= 16:05:49
 The estimated error in isolated selected elements (such as element 242  
 ) defaults to zero regardless of the actual error.                      

 *** WARNING ***                         ELAPSED TIME =     169.144   TIME= 16:05:49
 The estimated error in isolated selected elements (such as element 243  
 ) defaults to zero regardless of the actual error.                      

 *** WARNING ***                         ELAPSED TIME =     169.472   TIME= 16:05:50
 The estimated error in isolated selected elements (such as element 244  
 ) defaults to zero regardless of the actual error.                      

 *** WARNING ***                         ELAPSED TIME =     169.800   TIME= 16:05:50
 The estimated error in isolated selected elements (such as element 245  
 ) defaults to zero regardless of the actual error.                      

 *** WARNING ***                         ELAPSED TIME =     170.127   TIME= 16:05:50
 The estimated error in isolated selected elements (such as element 246  
 ) defaults to zero regardless of the actual error.                      

 *** WARNING ***                         ELAPSED TIME =     170.458   TIME= 16:05:51
 The estimated error in isolated selected elements (such as element 247  
 ) defaults to zero regardless of the actual error.                      

 *** WARNING ***                         ELAPSED TIME =     170.789   TIME= 16:05:51
 The estimated error in isolated selected elements (such as element 248  
 ) defaults to zero regardless of the actual error.                      

 *** WARNING ***                         ELAPSED TIME =     171.118   TIME= 16:05:51
 The estimated error in isolated selected elements (such as element 249  
 ) defaults to zero regardless of the actual error.                      

 *** WARNING ***                         ELAPSED TIME =     171.447   TIME= 16:05:52
 The estimated error in isolated selected elements (such as element 250  
 ) defaults to zero regardless of the actual error.                      

 *** WARNING ***                         ELAPSED TIME =     171.777   TIME= 16:05:52
 The estimated error in isolated selected elements (such as element 251  
 ) defaults to zero regardless of the actual error.                      

 *** WARNING ***                         ELAPSED TIME =     172.109   TIME= 16:05:52
 The estimated error in isolated selected elements (such as element 252  
 ) defaults to zero regardless of the actual error.                      

 *** WARNING ***                         ELAPSED TIME =     172.436   TIME= 16:05:53
 The estimated error in isolated selected elements (such as element 253  
 ) defaults to zero regardless of the actual error.                      

 *** WARNING ***                         ELAPSED TIME =     172.771   TIME= 16:05:53
 The estimated error in isolated selected elements (such as element 254  
 ) defaults to zero regardless of the actual error.                      

 *** WARNING ***                         ELAPSED TIME =     173.100   TIME= 16:05:53
 The estimated error in isolated selected elements (such as element 255  
 ) defaults to zero regardless of the actual error.                      

 *** WARNING ***                         ELAPSED TIME =     173.432   TIME= 16:05:53
 The estimated error in isolated selected elements (such as element 256  
 ) defaults to zero regardless of the actual error.                      

 *** WARNING ***                         ELAPSED TIME =     173.764   TIME= 16:05:54
 The estimated error in isolated selected elements (such as element 257  
 ) defaults to zero regardless of the actual error.                      

 *** WARNING ***                         ELAPSED TIME =     174.094   TIME= 16:05:54
 The estimated error in isolated selected elements (such as element 258  
 ) defaults to zero regardless of the actual error.                      

 *** WARNING ***                         ELAPSED TIME =     174.437   TIME= 16:05:55
 The estimated error in isolated selected elements (such as element 259  
 ) defaults to zero regardless of the actual error.                      

 *** WARNING ***                         ELAPSED TIME =     174.770   TIME= 16:05:55
 The estimated error in isolated selected elements (such as element 260  
 ) defaults to zero regardless of the actual error.                      

 *** WARNING ***                         ELAPSED TIME =     175.098   TIME= 16:05:55
 The estimated error in isolated selected elements (such as element 261  
 ) defaults to zero regardless of the actual error.                      

 *** WARNING ***                         ELAPSED TIME =     175.423   TIME= 16:05:55
 The estimated error in isolated selected elements (such as element 262  
 ) defaults to zero regardless of the actual error.                      

 *** WARNING ***                         ELAPSED TIME =     175.756   TIME= 16:05:56
 The estimated error in isolated selected elements (such as element 263  
 ) defaults to zero regardless of the actual error.                      

 *** WARNING ***                         ELAPSED TIME =     176.087   TIME= 16:05:56
 The estimated error in isolated selected elements (such as element 264  
 ) defaults to zero regardless of the actual error.                      

 *** WARNING ***                         ELAPSED TIME =     176.417   TIME= 16:05:56
 The estimated error in isolated selected elements (such as element 265  
 ) defaults to zero regardless of the actual error.                      

 *** WARNING ***                         ELAPSED TIME =     176.750   TIME= 16:05:57
 The estimated error in isolated selected elements (such as element 266  
 ) defaults to zero regardless of the actual error.                      

 *** WARNING ***                         ELAPSED TIME =     177.079   TIME= 16:05:57
 The estimated error in isolated selected elements (such as element 267  
 ) defaults to zero regardless of the actual error.                      

 *** WARNING ***                         ELAPSED TIME =     177.410   TIME= 16:05:57
 The estimated error in isolated selected elements (such as element 268  
 ) defaults to zero regardless of the actual error.                      

 *** WARNING ***                         ELAPSED TIME =     177.741   TIME= 16:05:58
 The estimated error in isolated selected elements (such as element 269  
 ) defaults to zero regardless of the actual error.                      

 *** WARNING ***                         ELAPSED TIME =     178.075   TIME= 16:05:58
 The estimated error in isolated selected elements (such as element 270  
 ) defaults to zero regardless of the actual error.                      

 *** WARNING ***                         ELAPSED TIME =     178.408   TIME= 16:05:58
 The estimated error in isolated selected elements (such as element 271  
 ) defaults to zero regardless of the actual error.                      

 *** WARNING ***                         ELAPSED TIME =     178.744   TIME= 16:05:59
 The estimated error in isolated selected elements (such as element 272  
 ) defaults to zero regardless of the actual error.                      

 *** WARNING ***                         ELAPSED TIME =     179.076   TIME= 16:05:59
 The estimated error in isolated selected elements (such as element 273  
 ) defaults to zero regardless of the actual error.                      

 *** WARNING ***                         ELAPSED TIME =     179.412   TIME= 16:05:59
 The estimated error in isolated selected elements (such as element 274  
 ) defaults to zero regardless of the actual error.                      

 *** WARNING ***                         ELAPSED TIME =     179.747   TIME= 16:06:00
 The estimated error in isolated selected elements (such as element 275  
 ) defaults to zero regardless of the actual error.                      

 *** WARNING ***                         ELAPSED TIME =     180.077   TIME= 16:06:00
 The estimated error in isolated selected elements (such as element 276  
 ) defaults to zero regardless of the actual error.                      

 *** WARNING ***                         ELAPSED TIME =     180.410   TIME= 16:06:00
 The estimated error in isolated selected elements (such as element 277  
 ) defaults to zero regardless of the actual error.                      

 *** WARNING ***                         ELAPSED TIME =     180.741   TIME= 16:06:01
 The estimated error in isolated selected elements (such as element 278  
 ) defaults to zero regardless of the actual error.                      

 *** WARNING ***                         ELAPSED TIME =     181.075   TIME= 16:06:01
 The estimated error in isolated selected elements (such as element 279  
 ) defaults to zero regardless of the actual error.                      

 *** WARNING ***                         ELAPSED TIME =     181.404   TIME= 16:06:01
 The estimated error in isolated selected elements (such as element 280  
 ) defaults to zero regardless of the actual error.                      

 *** WARNING ***                         ELAPSED TIME =     181.742   TIME= 16:06:02
 The estimated error in isolated selected elements (such as element 281  
 ) defaults to zero regardless of the actual error.                      

 *** WARNING ***                         ELAPSED TIME =     182.070   TIME= 16:06:02
 The estimated error in isolated selected elements (such as element 282  
 ) defaults to zero regardless of the actual error.                      

 *** WARNING ***                         ELAPSED TIME =     182.407   TIME= 16:06:02
 The estimated error in isolated selected elements (such as element 283  
 ) defaults to zero regardless of the actual error.                      

 *** WARNING ***                         ELAPSED TIME =     182.741   TIME= 16:06:03
 The estimated error in isolated selected elements (such as element 284  
 ) defaults to zero regardless of the actual error.                      

 *** WARNING ***                         ELAPSED TIME =     183.072   TIME= 16:06:03
 The estimated error in isolated selected elements (such as element 285  
 ) defaults to zero regardless of the actual error.                      

 *** WARNING ***                         ELAPSED TIME =     183.401   TIME= 16:06:03
 The estimated error in isolated selected elements (such as element 286  
 ) defaults to zero regardless of the actual error.                      

 *** WARNING ***                         ELAPSED TIME =     183.734   TIME= 16:06:04
 The estimated error in isolated selected elements (such as element 287  
 ) defaults to zero regardless of the actual error.                      

 *** WARNING ***                         ELAPSED TIME =     184.063   TIME= 16:06:04
 The estimated error in isolated selected elements (such as element 288  
 ) defaults to zero regardless of the actual error.                      

 *** WARNING ***                         ELAPSED TIME =     184.399   TIME= 16:06:04
 The estimated error in isolated selected elements (such as element 289  
 ) defaults to zero regardless of the actual error.                      

 *** WARNING ***                         ELAPSED TIME =     184.731   TIME= 16:06:05
 The estimated error in isolated selected elements (such as element 290  
 ) defaults to zero regardless of the actual error.                      

 *** WARNING ***                         ELAPSED TIME =     185.058   TIME= 16:06:05
 The estimated error in isolated selected elements (such as element 291  
 ) defaults to zero regardless of the actual error.                      

 *** WARNING ***                         ELAPSED TIME =     185.387   TIME= 16:06:05
 The estimated error in isolated selected elements (such as element 292  
 ) defaults to zero regardless of the actual error.                      

 *** WARNING ***                         ELAPSED TIME =     185.720   TIME= 16:06:06
 The estimated error in isolated selected elements (such as element 293  
 ) defaults to zero regardless of the actual error.                      

 *** WARNING ***                         ELAPSED TIME =     186.045   TIME= 16:06:06
 The estimated error in isolated selected elements (such as element 294  
 ) defaults to zero regardless of the actual error.                      

 *** WARNING ***                         ELAPSED TIME =     186.380   TIME= 16:06:06
 The estimated error in isolated selected elements (such as element 295  
 ) defaults to zero regardless of the actual error.                      

 *** WARNING ***                         ELAPSED TIME =     186.717   TIME= 16:06:07
 The estimated error in isolated selected elements (such as element 296  
 ) defaults to zero regardless of the actual error.                      

 *** WARNING ***                         ELAPSED TIME =     187.055   TIME= 16:06:07
 The estimated error in isolated selected elements (such as element 297  
 ) defaults to zero regardless of the actual error.                      

 *** WARNING ***                         ELAPSED TIME =     187.394   TIME= 16:06:07
 The estimated error in isolated selected elements (such as element 298  
 ) defaults to zero regardless of the actual error.                      

 *** WARNING ***                         ELAPSED TIME =     187.730   TIME= 16:06:08
 The estimated error in isolated selected elements (such as element 299  
 ) defaults to zero regardless of the actual error.                      

 *** WARNING ***                         ELAPSED TIME =     188.064   TIME= 16:06:08
 The estimated error in isolated selected elements (such as element 300  
 ) defaults to zero regardless of the actual error.                      

 *** WARNING ***                         ELAPSED TIME =     188.405   TIME= 16:06:08
 The estimated error in isolated selected elements (such as element 301  
 ) defaults to zero regardless of the actual error.                      
