/COM,ANSYS RELEASE 2026 R1.03        BUILD 26.1      UP20260202       11:04:01

 *** WARNING ***                         ELAPSED TIME =       5.027   TIME= 11:04:01
 Element shape checking is currently inactive.  Issue SHPP,ON or         
 SHPP,WARN to reactivate, if desired.                                    

 *** WARNING ***                         ELAPSED TIME =       7.681   TIME= 11:04:04
 The AVRES command is only valid with PowerGraphics.  Command ignored.   

 *** WARNING ***                         ELAPSED TIME =       7.684   TIME= 11:04:04
 (A) is not a recognized POST1 command, abbreviation, or macro.          
  This command will be ignored.                                          

 *** WARNING ***                         ELAPSED TIME =       7.686   TIME= 11:04:04
 The estimated error in isolated selected elements (such as element 1 )  
 defaults to zero regardless of the actual error.                        

 *** WARNING ***                         ELAPSED TIME =       7.688   TIME= 11:04:04
 The estimated error in isolated selected elements (such as element 2 )  
 defaults to zero regardless of the actual error.                        

 *** WARNING ***                         ELAPSED TIME =       7.690   TIME= 11:04:04
 The estimated error in isolated selected elements (such as element 3 )  
 defaults to zero regardless of the actual error.                        

 *** WARNING ***                         ELAPSED TIME =       7.692   TIME= 11:04:04
 The estimated error in isolated selected elements (such as element 4 )  
 defaults to zero regardless of the actual error.                        

 *** WARNING ***                         ELAPSED TIME =       7.694   TIME= 11:04:04
 The estimated error in isolated selected elements (such as element 5 )  
 defaults to zero regardless of the actual error.                        

 *** WARNING ***                         ELAPSED TIME =       7.696   TIME= 11:04:04
 The estimated error in isolated selected elements (such as element 6 )  
 defaults to zero regardless of the actual error.                        

 *** WARNING ***                         ELAPSED TIME =       7.697   TIME= 11:04:04
 The estimated error in isolated selected elements (such as element 7 )  
 defaults to zero regardless of the actual error.                        

 *** WARNING ***                         ELAPSED TIME =       7.699   TIME= 11:04:04
 The estimated error in isolated selected elements (such as element 8 )  
 defaults to zero regardless of the actual error.                        

 *** WARNING ***                         ELAPSED TIME =       7.701   TIME= 11:04:04
 The estimated error in isolated selected elements (such as element 9 )  
 defaults to zero regardless of the actual error.                        

 *** WARNING ***                         ELAPSED TIME =       7.702   TIME= 11:04:04
 The estimated error in isolated selected elements (such as element 10 ) 
 defaults to zero regardless of the actual error.                        

 *** WARNING ***                         ELAPSED TIME =       7.704   TIME= 11:04:04
 The estimated error in isolated selected elements (such as element 11 ) 
 defaults to zero regardless of the actual error.                        

 *** WARNING ***                         ELAPSED TIME =       7.706   TIME= 11:04:04
 The estimated error in isolated selected elements (such as element 12 ) 
 defaults to zero regardless of the actual error.                        

 *** WARNING ***                         ELAPSED TIME =       7.709   TIME= 11:04:04
 The estimated error in isolated selected elements (such as element 13 ) 
 defaults to zero regardless of the actual error.                        

 *** WARNING ***                         ELAPSED TIME =       7.710   TIME= 11:04:04
 The estimated error in isolated selected elements (such as element 14 ) 
 defaults to zero regardless of the actual error.                        

 *** WARNING ***                         ELAPSED TIME =       7.712   TIME= 11:04:04
 The estimated error in isolated selected elements (such as element 15 ) 
 defaults to zero regardless of the actual error.                        

 *** WARNING ***                         ELAPSED TIME =       7.714   TIME= 11:04:04
 The estimated error in isolated selected elements (such as element 16 ) 
 defaults to zero regardless of the actual error.                        

 *** WARNING ***                         ELAPSED TIME =       7.715   TIME= 11:04:04
 The estimated error in isolated selected elements (such as element 17 ) 
 defaults to zero regardless of the actual error.                        

 *** WARNING ***                         ELAPSED TIME =       7.717   TIME= 11:04:04
 The estimated error in isolated selected elements (such as element 18 ) 
 defaults to zero regardless of the actual error.                        

 *** WARNING ***                         ELAPSED TIME =       7.719   TIME= 11:04:04
 The estimated error in isolated selected elements (such as element 19 ) 
 defaults to zero regardless of the actual error.                        

 *** WARNING ***                         ELAPSED TIME =       7.721   TIME= 11:04:04
 The estimated error in isolated selected elements (such as element 20 ) 
 defaults to zero regardless of the actual error.                        

 *** WARNING ***                         ELAPSED TIME =       7.723   TIME= 11:04:04
 The estimated error in isolated selected elements (such as element 21 ) 
 defaults to zero regardless of the actual error.                        

 *** WARNING ***                         ELAPSED TIME =       7.725   TIME= 11:04:04
 The estimated error in isolated selected elements (such as element 22 ) 
 defaults to zero regardless of the actual error.                        

 *** WARNING ***                         ELAPSED TIME =       7.726   TIME= 11:04:04
 The estimated error in isolated selected elements (such as element 23 ) 
 defaults to zero regardless of the actual error.                        

 *** WARNING ***                         ELAPSED TIME =       7.728   TIME= 11:04:04
 The estimated error in isolated selected elements (such as element 24 ) 
 defaults to zero regardless of the actual error.                        

 *** WARNING ***                         ELAPSED TIME =       7.730   TIME= 11:04:04
 The estimated error in isolated selected elements (such as element 25 ) 
 defaults to zero regardless of the actual error.                        

 *** WARNING ***                         ELAPSED TIME =       7.731   TIME= 11:04:04
 The estimated error in isolated selected elements (such as element 26 ) 
 defaults to zero regardless of the actual error.                        

 *** WARNING ***                         ELAPSED TIME =       7.733   TIME= 11:04:04
 The estimated error in isolated selected elements (such as element 27 ) 
 defaults to zero regardless of the actual error.                        

 *** WARNING ***                         ELAPSED TIME =       7.735   TIME= 11:04:04
 The estimated error in isolated selected elements (such as element 28 ) 
 defaults to zero regardless of the actual error.                        

 *** WARNING ***                         ELAPSED TIME =       7.736   TIME= 11:04:04
 The estimated error in isolated selected elements (such as element 29 ) 
 defaults to zero regardless of the actual error.                        

 *** WARNING ***                         ELAPSED TIME =       7.738   TIME= 11:04:04
 The estimated error in isolated selected elements (such as element 30 ) 
 defaults to zero regardless of the actual error.                        

 *** WARNING ***                         ELAPSED TIME =       7.740   TIME= 11:04:04
 The estimated error in isolated selected elements (such as element 31 ) 
 defaults to zero regardless of the actual error.                        

 *** WARNING ***                         ELAPSED TIME =       7.742   TIME= 11:04:04
 The estimated error in isolated selected elements (such as element 32 ) 
 defaults to zero regardless of the actual error.                        

 *** WARNING ***                         ELAPSED TIME =       7.743   TIME= 11:04:04
 The estimated error in isolated selected elements (such as element 33 ) 
 defaults to zero regardless of the actual error.                        

 *** WARNING ***                         ELAPSED TIME =       7.745   TIME= 11:04:04
 The estimated error in isolated selected elements (such as element 34 ) 
 defaults to zero regardless of the actual error.                        

 *** WARNING ***                         ELAPSED TIME =       7.747   TIME= 11:04:04
 The estimated error in isolated selected elements (such as element 35 ) 
 defaults to zero regardless of the actual error.                        

 *** WARNING ***                         ELAPSED TIME =       7.748   TIME= 11:04:04
 The estimated error in isolated selected elements (such as element 36 ) 
 defaults to zero regardless of the actual error.                        

 *** WARNING ***                         ELAPSED TIME =       7.750   TIME= 11:04:04
 The estimated error in isolated selected elements (such as element 37 ) 
 defaults to zero regardless of the actual error.                        

 *** WARNING ***                         ELAPSED TIME =       7.752   TIME= 11:04:04
 The estimated error in isolated selected elements (such as element 38 ) 
 defaults to zero regardless of the actual error.                        

 *** WARNING ***                         ELAPSED TIME =       7.754   TIME= 11:04:04
 The estimated error in isolated selected elements (such as element 39 ) 
 defaults to zero regardless of the actual error.                        

 *** WARNING ***                         ELAPSED TIME =       7.755   TIME= 11:04:04
 The estimated error in isolated selected elements (such as element 40 ) 
 defaults to zero regardless of the actual error.                        

 *** WARNING ***                         ELAPSED TIME =       7.757   TIME= 11:04:04
 The estimated error in isolated selected elements (such as element 41 ) 
 defaults to zero regardless of the actual error.                        

 *** WARNING ***                         ELAPSED TIME =       7.759   TIME= 11:04:04
 The estimated error in isolated selected elements (such as element 42 ) 
 defaults to zero regardless of the actual error.                        

 *** WARNING ***                         ELAPSED TIME =       7.761   TIME= 11:04:04
 The estimated error in isolated selected elements (such as element 43 ) 
 defaults to zero regardless of the actual error.                        

 *** WARNING ***                         ELAPSED TIME =       7.762   TIME= 11:04:04
 The estimated error in isolated selected elements (such as element 44 ) 
 defaults to zero regardless of the actual error.                        

 *** WARNING ***                         ELAPSED TIME =       7.764   TIME= 11:04:04
 The estimated error in isolated selected elements (such as element 45 ) 
 defaults to zero regardless of the actual error.                        

 *** WARNING ***                         ELAPSED TIME =       7.766   TIME= 11:04:04
 The estimated error in isolated selected elements (such as element 46 ) 
 defaults to zero regardless of the actual error.                        

 *** WARNING ***                         ELAPSED TIME =       7.767   TIME= 11:04:04
 The estimated error in isolated selected elements (such as element 47 ) 
 defaults to zero regardless of the actual error.                        

 *** WARNING ***                         ELAPSED TIME =       7.769   TIME= 11:04:04
 The estimated error in isolated selected elements (such as element 48 ) 
 defaults to zero regardless of the actual error.                        

 *** WARNING ***                         ELAPSED TIME =       7.772   TIME= 11:04:04
 The estimated error in isolated selected elements (such as element 49 ) 
 defaults to zero regardless of the actual error.                        

 *** WARNING ***                         ELAPSED TIME =       7.775   TIME= 11:04:04
 The estimated error in isolated selected elements (such as element 50 ) 
 defaults to zero regardless of the actual error.                        

 *** WARNING ***                         ELAPSED TIME =       7.777   TIME= 11:04:04
 The estimated error in isolated selected elements (such as element 51 ) 
 defaults to zero regardless of the actual error.                        

 *** WARNING ***                         ELAPSED TIME =       7.779   TIME= 11:04:04
 The estimated error in isolated selected elements (such as element 52 ) 
 defaults to zero regardless of the actual error.                        

 *** WARNING ***                         ELAPSED TIME =       7.781   TIME= 11:04:04
 The estimated error in isolated selected elements (such as element 53 ) 
 defaults to zero regardless of the actual error.                        

 *** WARNING ***                         ELAPSED TIME =       7.782   TIME= 11:04:04
 The estimated error in isolated selected elements (such as element 54 ) 
 defaults to zero regardless of the actual error.                        

 *** WARNING ***                         ELAPSED TIME =       7.784   TIME= 11:04:04
 The estimated error in isolated selected elements (such as element 55 ) 
 defaults to zero regardless of the actual error.                        

 *** WARNING ***                         ELAPSED TIME =       7.786   TIME= 11:04:04
 The estimated error in isolated selected elements (such as element 56 ) 
 defaults to zero regardless of the actual error.                        

 *** WARNING ***                         ELAPSED TIME =       7.788   TIME= 11:04:04
 The estimated error in isolated selected elements (such as element 57 ) 
 defaults to zero regardless of the actual error.                        

 *** WARNING ***                         ELAPSED TIME =       7.790   TIME= 11:04:04
 The estimated error in isolated selected elements (such as element 58 ) 
 defaults to zero regardless of the actual error.                        

 *** WARNING ***                         ELAPSED TIME =       7.792   TIME= 11:04:04
 The estimated error in isolated selected elements (such as element 59 ) 
 defaults to zero regardless of the actual error.                        

 *** WARNING ***                         ELAPSED TIME =       7.793   TIME= 11:04:04
 The estimated error in isolated selected elements (such as element 60 ) 
 defaults to zero regardless of the actual error.                        

 *** WARNING ***                         ELAPSED TIME =       7.795   TIME= 11:04:04
 The estimated error in isolated selected elements (such as element 61 ) 
 defaults to zero regardless of the actual error.                        

 *** WARNING ***                         ELAPSED TIME =       7.797   TIME= 11:04:04
 The estimated error in isolated selected elements (such as element 62 ) 
 defaults to zero regardless of the actual error.                        

 *** WARNING ***                         ELAPSED TIME =       7.798   TIME= 11:04:04
 The estimated error in isolated selected elements (such as element 63 ) 
 defaults to zero regardless of the actual error.                        

 *** WARNING ***                         ELAPSED TIME =       7.800   TIME= 11:04:04
 The estimated error in isolated selected elements (such as element 64 ) 
 defaults to zero regardless of the actual error.                        

 *** WARNING ***                         ELAPSED TIME =       7.802   TIME= 11:04:04
 The estimated error in isolated selected elements (such as element 65 ) 
 defaults to zero regardless of the actual error.                        

 *** WARNING ***                         ELAPSED TIME =       7.803   TIME= 11:04:04
 The estimated error in isolated selected elements (such as element 66 ) 
 defaults to zero regardless of the actual error.                        

 *** WARNING ***                         ELAPSED TIME =       7.805   TIME= 11:04:04
 The estimated error in isolated selected elements (such as element 67 ) 
 defaults to zero regardless of the actual error.                        

 *** WARNING ***                         ELAPSED TIME =       7.807   TIME= 11:04:04
 The estimated error in isolated selected elements (such as element 68 ) 
 defaults to zero regardless of the actual error.                        

 *** WARNING ***                         ELAPSED TIME =       7.808   TIME= 11:04:04
 The estimated error in isolated selected elements (such as element 69 ) 
 defaults to zero regardless of the actual error.                        

 *** WARNING ***                         ELAPSED TIME =       7.810   TIME= 11:04:04
 The estimated error in isolated selected elements (such as element 70 ) 
 defaults to zero regardless of the actual error.                        

 *** WARNING ***                         ELAPSED TIME =       7.812   TIME= 11:04:04
 The estimated error in isolated selected elements (such as element 71 ) 
 defaults to zero regardless of the actual error.                        

 *** WARNING ***                         ELAPSED TIME =       7.813   TIME= 11:04:04
 The estimated error in isolated selected elements (such as element 72 ) 
 defaults to zero regardless of the actual error.                        

 *** WARNING ***                         ELAPSED TIME =       7.815   TIME= 11:04:04
 The estimated error in isolated selected elements (such as element 73 ) 
 defaults to zero regardless of the actual error.                        

 *** WARNING ***                         ELAPSED TIME =       7.817   TIME= 11:04:04
 The estimated error in isolated selected elements (such as element 74 ) 
 defaults to zero regardless of the actual error.                        

 *** WARNING ***                         ELAPSED TIME =       7.819   TIME= 11:04:04
 The estimated error in isolated selected elements (such as element 75 ) 
 defaults to zero regardless of the actual error.                        

 *** WARNING ***                         ELAPSED TIME =       7.821   TIME= 11:04:04
 The estimated error in isolated selected elements (such as element 76 ) 
 defaults to zero regardless of the actual error.                        

 *** WARNING ***                         ELAPSED TIME =       7.822   TIME= 11:04:04
 The estimated error in isolated selected elements (such as element 77 ) 
 defaults to zero regardless of the actual error.                        

 *** WARNING ***                         ELAPSED TIME =       7.824   TIME= 11:04:04
 The estimated error in isolated selected elements (such as element 78 ) 
 defaults to zero regardless of the actual error.                        

 *** WARNING ***                         ELAPSED TIME =       7.826   TIME= 11:04:04
 The estimated error in isolated selected elements (such as element 79 ) 
 defaults to zero regardless of the actual error.                        

 *** WARNING ***                         ELAPSED TIME =       7.827   TIME= 11:04:04
 The estimated error in isolated selected elements (such as element 80 ) 
 defaults to zero regardless of the actual error.                        

 *** WARNING ***                         ELAPSED TIME =       7.829   TIME= 11:04:04
 The estimated error in isolated selected elements (such as element 81 ) 
 defaults to zero regardless of the actual error.                        

 *** WARNING ***                         ELAPSED TIME =       7.831   TIME= 11:04:04
 The estimated error in isolated selected elements (such as element 82 ) 
 defaults to zero regardless of the actual error.                        

 *** WARNING ***                         ELAPSED TIME =       7.833   TIME= 11:04:04
 The estimated error in isolated selected elements (such as element 83 ) 
 defaults to zero regardless of the actual error.                        

 *** WARNING ***                         ELAPSED TIME =       7.836   TIME= 11:04:04
 The estimated error in isolated selected elements (such as element 84 ) 
 defaults to zero regardless of the actual error.                        

 *** WARNING ***                         ELAPSED TIME =       7.838   TIME= 11:04:04
 The estimated error in isolated selected elements (such as element 85 ) 
 defaults to zero regardless of the actual error.                        

 *** WARNING ***                         ELAPSED TIME =       7.839   TIME= 11:04:04
 The estimated error in isolated selected elements (such as element 86 ) 
 defaults to zero regardless of the actual error.                        

 *** WARNING ***                         ELAPSED TIME =       7.841   TIME= 11:04:04
 The estimated error in isolated selected elements (such as element 87 ) 
 defaults to zero regardless of the actual error.                        

 *** WARNING ***                         ELAPSED TIME =       7.843   TIME= 11:04:04
 The estimated error in isolated selected elements (such as element 88 ) 
 defaults to zero regardless of the actual error.                        

 *** WARNING ***                         ELAPSED TIME =       7.844   TIME= 11:04:04
 The estimated error in isolated selected elements (such as element 89 ) 
 defaults to zero regardless of the actual error.                        

 *** WARNING ***                         ELAPSED TIME =       7.846   TIME= 11:04:04
 The estimated error in isolated selected elements (such as element 90 ) 
 defaults to zero regardless of the actual error.                        

 *** WARNING ***                         ELAPSED TIME =       7.848   TIME= 11:04:04
 The estimated error in isolated selected elements (such as element 91 ) 
 defaults to zero regardless of the actual error.                        

 *** WARNING ***                         ELAPSED TIME =       7.850   TIME= 11:04:04
 The estimated error in isolated selected elements (such as element 92 ) 
 defaults to zero regardless of the actual error.                        

 *** WARNING ***                         ELAPSED TIME =       7.852   TIME= 11:04:04
 The estimated error in isolated selected elements (such as element 93 ) 
 defaults to zero regardless of the actual error.                        

 *** WARNING ***                         ELAPSED TIME =       7.854   TIME= 11:04:04
 The estimated error in isolated selected elements (such as element 94 ) 
 defaults to zero regardless of the actual error.                        

 *** WARNING ***                         ELAPSED TIME =       7.855   TIME= 11:04:04
 The estimated error in isolated selected elements (such as element 95 ) 
 defaults to zero regardless of the actual error.                        

 *** WARNING ***                         ELAPSED TIME =       7.857   TIME= 11:04:04
 The estimated error in isolated selected elements (such as element 96 ) 
 defaults to zero regardless of the actual error.                        

 *** WARNING ***                         ELAPSED TIME =       7.859   TIME= 11:04:04
 The estimated error in isolated selected elements (such as element 97 ) 
 defaults to zero regardless of the actual error.                        

 *** WARNING ***                         ELAPSED TIME =       7.860   TIME= 11:04:04
 The estimated error in isolated selected elements (such as element 98 ) 
 defaults to zero regardless of the actual error.                        

 *** WARNING ***                         ELAPSED TIME =       7.862   TIME= 11:04:04
 The estimated error in isolated selected elements (such as element 99 ) 
 defaults to zero regardless of the actual error.                        

 *** WARNING ***                         ELAPSED TIME =       7.864   TIME= 11:04:04
 The estimated error in isolated selected elements (such as element 100  
 ) defaults to zero regardless of the actual error.                      

 *** WARNING ***                         ELAPSED TIME =       7.866   TIME= 11:04:04
 The estimated error in isolated selected elements (such as element 101  
 ) defaults to zero regardless of the actual error.                      

 *** WARNING ***                         ELAPSED TIME =       7.868   TIME= 11:04:04
 The estimated error in isolated selected elements (such as element 102  
 ) defaults to zero regardless of the actual error.                      

 *** WARNING ***                         ELAPSED TIME =       7.869   TIME= 11:04:04
 The estimated error in isolated selected elements (such as element 103  
 ) defaults to zero regardless of the actual error.                      

 *** WARNING ***                         ELAPSED TIME =       7.871   TIME= 11:04:04
 The estimated error in isolated selected elements (such as element 104  
 ) defaults to zero regardless of the actual error.                      

 *** WARNING ***                         ELAPSED TIME =       7.873   TIME= 11:04:04
 The estimated error in isolated selected elements (such as element 105  
 ) defaults to zero regardless of the actual error.                      

 *** WARNING ***                         ELAPSED TIME =       7.875   TIME= 11:04:04
 The estimated error in isolated selected elements (such as element 106  
 ) defaults to zero regardless of the actual error.                      

 *** WARNING ***                         ELAPSED TIME =       7.876   TIME= 11:04:04
 The estimated error in isolated selected elements (such as element 107  
 ) defaults to zero regardless of the actual error.                      

 *** WARNING ***                         ELAPSED TIME =       7.878   TIME= 11:04:04
 The estimated error in isolated selected elements (such as element 108  
 ) defaults to zero regardless of the actual error.                      

 *** WARNING ***                         ELAPSED TIME =       7.880   TIME= 11:04:04
 The estimated error in isolated selected elements (such as element 109  
 ) defaults to zero regardless of the actual error.                      

 *** WARNING ***                         ELAPSED TIME =       7.881   TIME= 11:04:04
 The estimated error in isolated selected elements (such as element 110  
 ) defaults to zero regardless of the actual error.                      

 *** WARNING ***                         ELAPSED TIME =       7.883   TIME= 11:04:04
 The estimated error in isolated selected elements (such as element 111  
 ) defaults to zero regardless of the actual error.                      

 *** WARNING ***                         ELAPSED TIME =       7.885   TIME= 11:04:04
 The estimated error in isolated selected elements (such as element 112  
 ) defaults to zero regardless of the actual error.                      

 *** WARNING ***                         ELAPSED TIME =       7.886   TIME= 11:04:04
 The estimated error in isolated selected elements (such as element 113  
 ) defaults to zero regardless of the actual error.                      

 *** WARNING ***                         ELAPSED TIME =       7.888   TIME= 11:04:04
 The estimated error in isolated selected elements (such as element 114  
 ) defaults to zero regardless of the actual error.                      

 *** WARNING ***                         ELAPSED TIME =       7.890   TIME= 11:04:04
 The estimated error in isolated selected elements (such as element 115  
 ) defaults to zero regardless of the actual error.                      

 *** WARNING ***                         ELAPSED TIME =       7.892   TIME= 11:04:04
 The estimated error in isolated selected elements (such as element 116  
 ) defaults to zero regardless of the actual error.                      

 *** WARNING ***                         ELAPSED TIME =       7.893   TIME= 11:04:04
 The estimated error in isolated selected elements (such as element 117  
 ) defaults to zero regardless of the actual error.                      

 *** WARNING ***                         ELAPSED TIME =       7.895   TIME= 11:04:04
 The estimated error in isolated selected elements (such as element 118  
 ) defaults to zero regardless of the actual error.                      

 *** WARNING ***                         ELAPSED TIME =       7.897   TIME= 11:04:04
 The estimated error in isolated selected elements (such as element 119  
 ) defaults to zero regardless of the actual error.                      

 *** WARNING ***                         ELAPSED TIME =       7.899   TIME= 11:04:04
 The estimated error in isolated selected elements (such as element 120  
 ) defaults to zero regardless of the actual error.                      

 *** WARNING ***                         ELAPSED TIME =       7.901   TIME= 11:04:04
 The estimated error in isolated selected elements (such as element 121  
 ) defaults to zero regardless of the actual error.                      

 *** WARNING ***                         ELAPSED TIME =       7.902   TIME= 11:04:04
 The estimated error in isolated selected elements (such as element 122  
 ) defaults to zero regardless of the actual error.                      

 *** WARNING ***                         ELAPSED TIME =       7.904   TIME= 11:04:04
 The estimated error in isolated selected elements (such as element 123  
 ) defaults to zero regardless of the actual error.                      

 *** WARNING ***                         ELAPSED TIME =       7.906   TIME= 11:04:04
 The estimated error in isolated selected elements (such as element 124  
 ) defaults to zero regardless of the actual error.                      

 *** WARNING ***                         ELAPSED TIME =       7.907   TIME= 11:04:04
 The estimated error in isolated selected elements (such as element 125  
 ) defaults to zero regardless of the actual error.                      

 *** WARNING ***                         ELAPSED TIME =       7.909   TIME= 11:04:04
 The estimated error in isolated selected elements (such as element 126  
 ) defaults to zero regardless of the actual error.                      

 *** WARNING ***                         ELAPSED TIME =       7.911   TIME= 11:04:04
 The estimated error in isolated selected elements (such as element 127  
 ) defaults to zero regardless of the actual error.                      

 *** WARNING ***                         ELAPSED TIME =       7.913   TIME= 11:04:04
 The estimated error in isolated selected elements (such as element 128  
 ) defaults to zero regardless of the actual error.                      

 *** WARNING ***                         ELAPSED TIME =       7.914   TIME= 11:04:04
 The estimated error in isolated selected elements (such as element 129  
 ) defaults to zero regardless of the actual error.                      

 *** WARNING ***                         ELAPSED TIME =       7.916   TIME= 11:04:04
 The estimated error in isolated selected elements (such as element 130  
 ) defaults to zero regardless of the actual error.                      

 *** WARNING ***                         ELAPSED TIME =       7.918   TIME= 11:04:04
 The estimated error in isolated selected elements (such as element 131  
 ) defaults to zero regardless of the actual error.                      

 *** WARNING ***                         ELAPSED TIME =       7.919   TIME= 11:04:04
 The estimated error in isolated selected elements (such as element 132  
 ) defaults to zero regardless of the actual error.                      

 *** WARNING ***                         ELAPSED TIME =       7.921   TIME= 11:04:04
 The estimated error in isolated selected elements (such as element 133  
 ) defaults to zero regardless of the actual error.                      

 *** WARNING ***                         ELAPSED TIME =       7.923   TIME= 11:04:04
 The estimated error in isolated selected elements (such as element 134  
 ) defaults to zero regardless of the actual error.                      

 *** WARNING ***                         ELAPSED TIME =       7.924   TIME= 11:04:04
 The estimated error in isolated selected elements (such as element 135  
 ) defaults to zero regardless of the actual error.                      

 *** WARNING ***                         ELAPSED TIME =       7.926   TIME= 11:04:04
 The estimated error in isolated selected elements (such as element 136  
 ) defaults to zero regardless of the actual error.                      

 *** WARNING ***                         ELAPSED TIME =       7.928   TIME= 11:04:04
 The estimated error in isolated selected elements (such as element 137  
 ) defaults to zero regardless of the actual error.                      

 *** WARNING ***                         ELAPSED TIME =       7.930   TIME= 11:04:04
 The estimated error in isolated selected elements (such as element 138  
 ) defaults to zero regardless of the actual error.                      

 *** WARNING ***                         ELAPSED TIME =       7.932   TIME= 11:04:04
 The estimated error in isolated selected elements (such as element 139  
 ) defaults to zero regardless of the actual error.                      

 *** WARNING ***                         ELAPSED TIME =       7.934   TIME= 11:04:04
 The estimated error in isolated selected elements (such as element 140  
 ) defaults to zero regardless of the actual error.                      

 *** WARNING ***                         ELAPSED TIME =       7.936   TIME= 11:04:04
 The estimated error in isolated selected elements (such as element 141  
 ) defaults to zero regardless of the actual error.                      

 *** WARNING ***                         ELAPSED TIME =       7.938   TIME= 11:04:04
 The estimated error in isolated selected elements (such as element 142  
 ) defaults to zero regardless of the actual error.                      

 *** WARNING ***                         ELAPSED TIME =       7.940   TIME= 11:04:04
 The estimated error in isolated selected elements (such as element 143  
 ) defaults to zero regardless of the actual error.                      

 *** WARNING ***                         ELAPSED TIME =       7.942   TIME= 11:04:04
 The estimated error in isolated selected elements (such as element 144  
 ) defaults to zero regardless of the actual error.                      

 *** WARNING ***                         ELAPSED TIME =       7.944   TIME= 11:04:04
 The estimated error in isolated selected elements (such as element 145  
 ) defaults to zero regardless of the actual error.                      

 *** WARNING ***                         ELAPSED TIME =       7.946   TIME= 11:04:04
 The estimated error in isolated selected elements (such as element 146  
 ) defaults to zero regardless of the actual error.                      

 *** WARNING ***                         ELAPSED TIME =       7.947   TIME= 11:04:04
 The estimated error in isolated selected elements (such as element 147  
 ) defaults to zero regardless of the actual error.                      

 *** WARNING ***                         ELAPSED TIME =       7.949   TIME= 11:04:04
 The estimated error in isolated selected elements (such as element 148  
 ) defaults to zero regardless of the actual error.                      

 *** WARNING ***                         ELAPSED TIME =       7.951   TIME= 11:04:04
 The estimated error in isolated selected elements (such as element 149  
 ) defaults to zero regardless of the actual error.                      

 *** WARNING ***                         ELAPSED TIME =       7.952   TIME= 11:04:04
 The estimated error in isolated selected elements (such as element 150  
 ) defaults to zero regardless of the actual error.                      

 *** WARNING ***                         ELAPSED TIME =       7.954   TIME= 11:04:04
 The estimated error in isolated selected elements (such as element 151  
 ) defaults to zero regardless of the actual error.                      

 *** WARNING ***                         ELAPSED TIME =       7.956   TIME= 11:04:04
 The estimated error in isolated selected elements (such as element 152  
 ) defaults to zero regardless of the actual error.                      

 *** WARNING ***                         ELAPSED TIME =       7.957   TIME= 11:04:04
 The estimated error in isolated selected elements (such as element 153  
 ) defaults to zero regardless of the actual error.                      

 *** WARNING ***                         ELAPSED TIME =       7.960   TIME= 11:04:04
 The estimated error in isolated selected elements (such as element 154  
 ) defaults to zero regardless of the actual error.                      

 *** WARNING ***                         ELAPSED TIME =       7.963   TIME= 11:04:04
 The estimated error in isolated selected elements (such as element 155  
 ) defaults to zero regardless of the actual error.                      

 *** WARNING ***                         ELAPSED TIME =       7.967   TIME= 11:04:04
 The estimated error in isolated selected elements (such as element 156  
 ) defaults to zero regardless of the actual error.                      

 *** WARNING ***                         ELAPSED TIME =       7.968   TIME= 11:04:04
 The estimated error in isolated selected elements (such as element 157  
 ) defaults to zero regardless of the actual error.                      

 *** WARNING ***                         ELAPSED TIME =       7.970   TIME= 11:04:04
 The estimated error in isolated selected elements (such as element 158  
 ) defaults to zero regardless of the actual error.                      

 *** WARNING ***                         ELAPSED TIME =       7.972   TIME= 11:04:04
 The estimated error in isolated selected elements (such as element 159  
 ) defaults to zero regardless of the actual error.                      

 *** WARNING ***                         ELAPSED TIME =       7.973   TIME= 11:04:04
 The estimated error in isolated selected elements (such as element 160  
 ) defaults to zero regardless of the actual error.                      

 *** WARNING ***                         ELAPSED TIME =       7.976   TIME= 11:04:04
 The estimated error in isolated selected elements (such as element 161  
 ) defaults to zero regardless of the actual error.                      

 *** WARNING ***                         ELAPSED TIME =       7.978   TIME= 11:04:04
 The estimated error in isolated selected elements (such as element 162  
 ) defaults to zero regardless of the actual error.                      

 *** WARNING ***                         ELAPSED TIME =       7.979   TIME= 11:04:04
 The estimated error in isolated selected elements (such as element 163  
 ) defaults to zero regardless of the actual error.                      

 *** WARNING ***                         ELAPSED TIME =       7.981   TIME= 11:04:04
 The estimated error in isolated selected elements (such as element 164  
 ) defaults to zero regardless of the actual error.                      

 *** WARNING ***                         ELAPSED TIME =       7.983   TIME= 11:04:04
 The estimated error in isolated selected elements (such as element 165  
 ) defaults to zero regardless of the actual error.                      

 *** WARNING ***                         ELAPSED TIME =       7.984   TIME= 11:04:04
 The estimated error in isolated selected elements (such as element 166  
 ) defaults to zero regardless of the actual error.                      

 *** WARNING ***                         ELAPSED TIME =       7.986   TIME= 11:04:04
 The estimated error in isolated selected elements (such as element 167  
 ) defaults to zero regardless of the actual error.                      

 *** WARNING ***                         ELAPSED TIME =       7.988   TIME= 11:04:04
 The estimated error in isolated selected elements (such as element 168  
 ) defaults to zero regardless of the actual error.                      

 *** WARNING ***                         ELAPSED TIME =       7.990   TIME= 11:04:04
 The estimated error in isolated selected elements (such as element 169  
 ) defaults to zero regardless of the actual error.                      

 *** WARNING ***                         ELAPSED TIME =       7.991   TIME= 11:04:04
 The estimated error in isolated selected elements (such as element 170  
 ) defaults to zero regardless of the actual error.                      

 *** WARNING ***                         ELAPSED TIME =       7.993   TIME= 11:04:04
 The estimated error in isolated selected elements (such as element 171  
 ) defaults to zero regardless of the actual error.                      

 *** WARNING ***                         ELAPSED TIME =       7.995   TIME= 11:04:04
 The estimated error in isolated selected elements (such as element 172  
 ) defaults to zero regardless of the actual error.                      

 *** WARNING ***                         ELAPSED TIME =       7.997   TIME= 11:04:04
 The estimated error in isolated selected elements (such as element 173  
 ) defaults to zero regardless of the actual error.                      

 *** WARNING ***                         ELAPSED TIME =       7.998   TIME= 11:04:04
 The estimated error in isolated selected elements (such as element 174  
 ) defaults to zero regardless of the actual error.                      

 *** WARNING ***                         ELAPSED TIME =       8.000   TIME= 11:04:04
 The estimated error in isolated selected elements (such as element 175  
 ) defaults to zero regardless of the actual error.                      

 *** WARNING ***                         ELAPSED TIME =       8.002   TIME= 11:04:04
 The estimated error in isolated selected elements (such as element 176  
 ) defaults to zero regardless of the actual error.                      

 *** WARNING ***                         ELAPSED TIME =       8.003   TIME= 11:04:04
 The estimated error in isolated selected elements (such as element 177  
 ) defaults to zero regardless of the actual error.                      

 *** WARNING ***                         ELAPSED TIME =       8.005   TIME= 11:04:04
 The estimated error in isolated selected elements (such as element 178  
 ) defaults to zero regardless of the actual error.                      

 *** WARNING ***                         ELAPSED TIME =       8.007   TIME= 11:04:04
 The estimated error in isolated selected elements (such as element 179  
 ) defaults to zero regardless of the actual error.                      

 *** WARNING ***                         ELAPSED TIME =       8.009   TIME= 11:04:04
 The estimated error in isolated selected elements (such as element 180  
 ) defaults to zero regardless of the actual error.                      

 *** WARNING ***                         ELAPSED TIME =       8.010   TIME= 11:04:04
 The estimated error in isolated selected elements (such as element 181  
 ) defaults to zero regardless of the actual error.                      

 *** WARNING ***                         ELAPSED TIME =       8.012   TIME= 11:04:04
 The estimated error in isolated selected elements (such as element 182  
 ) defaults to zero regardless of the actual error.                      

 *** WARNING ***                         ELAPSED TIME =       8.014   TIME= 11:04:04
 The estimated error in isolated selected elements (such as element 183  
 ) defaults to zero regardless of the actual error.                      

 *** WARNING ***                         ELAPSED TIME =       8.015   TIME= 11:04:04
 The estimated error in isolated selected elements (such as element 184  
 ) defaults to zero regardless of the actual error.                      

 *** WARNING ***                         ELAPSED TIME =       8.017   TIME= 11:04:04
 The estimated error in isolated selected elements (such as element 185  
 ) defaults to zero regardless of the actual error.                      

 *** WARNING ***                         ELAPSED TIME =       8.019   TIME= 11:04:04
 The estimated error in isolated selected elements (such as element 186  
 ) defaults to zero regardless of the actual error.                      

 *** WARNING ***                         ELAPSED TIME =       8.021   TIME= 11:04:04
 The estimated error in isolated selected elements (such as element 187  
 ) defaults to zero regardless of the actual error.                      

 *** WARNING ***                         ELAPSED TIME =       8.024   TIME= 11:04:04
 The estimated error in isolated selected elements (such as element 188  
 ) defaults to zero regardless of the actual error.                      

 *** WARNING ***                         ELAPSED TIME =       8.027   TIME= 11:04:04
 The estimated error in isolated selected elements (such as element 189  
 ) defaults to zero regardless of the actual error.                      

 *** WARNING ***                         ELAPSED TIME =       8.029   TIME= 11:04:04
 The estimated error in isolated selected elements (such as element 190  
 ) defaults to zero regardless of the actual error.                      

 *** WARNING ***                         ELAPSED TIME =       8.030   TIME= 11:04:04
 The estimated error in isolated selected elements (such as element 191  
 ) defaults to zero regardless of the actual error.                      

 *** WARNING ***                         ELAPSED TIME =       8.032   TIME= 11:04:04
 The estimated error in isolated selected elements (such as element 192  
 ) defaults to zero regardless of the actual error.                      

 *** WARNING ***                         ELAPSED TIME =       8.034   TIME= 11:04:04
 The estimated error in isolated selected elements (such as element 193  
 ) defaults to zero regardless of the actual error.                      

 *** WARNING ***                         ELAPSED TIME =       8.035   TIME= 11:04:04
 The estimated error in isolated selected elements (such as element 194  
 ) defaults to zero regardless of the actual error.                      

 *** WARNING ***                         ELAPSED TIME =       8.037   TIME= 11:04:04
 The estimated error in isolated selected elements (such as element 195  
 ) defaults to zero regardless of the actual error.                      

 *** WARNING ***                         ELAPSED TIME =       8.039   TIME= 11:04:04
 The estimated error in isolated selected elements (such as element 196  
 ) defaults to zero regardless of the actual error.                      

 *** WARNING ***                         ELAPSED TIME =       8.041   TIME= 11:04:04
 The estimated error in isolated selected elements (such as element 197  
 ) defaults to zero regardless of the actual error.                      

 *** WARNING ***                         ELAPSED TIME =       8.042   TIME= 11:04:04
 The estimated error in isolated selected elements (such as element 198  
 ) defaults to zero regardless of the actual error.                      

 *** WARNING ***                         ELAPSED TIME =       8.044   TIME= 11:04:04
 The estimated error in isolated selected elements (such as element 199  
 ) defaults to zero regardless of the actual error.                      

 *** WARNING ***                         ELAPSED TIME =       8.046   TIME= 11:04:04
 The estimated error in isolated selected elements (such as element 200  
 ) defaults to zero regardless of the actual error.                      

 *** WARNING ***                         ELAPSED TIME =       8.047   TIME= 11:04:04
 The estimated error in isolated selected elements (such as element 201  
 ) defaults to zero regardless of the actual error.                      

 *** WARNING ***                         ELAPSED TIME =       8.049   TIME= 11:04:04
 The estimated error in isolated selected elements (such as element 202  
 ) defaults to zero regardless of the actual error.                      

 *** WARNING ***                         ELAPSED TIME =       8.051   TIME= 11:04:04
 The estimated error in isolated selected elements (such as element 203  
 ) defaults to zero regardless of the actual error.                      

 *** WARNING ***                         ELAPSED TIME =       8.052   TIME= 11:04:04
 The estimated error in isolated selected elements (such as element 204  
 ) defaults to zero regardless of the actual error.                      

 *** WARNING ***                         ELAPSED TIME =       8.054   TIME= 11:04:04
 The estimated error in isolated selected elements (such as element 205  
 ) defaults to zero regardless of the actual error.                      

 *** WARNING ***                         ELAPSED TIME =       8.056   TIME= 11:04:04
 The estimated error in isolated selected elements (such as element 206  
 ) defaults to zero regardless of the actual error.                      

 *** WARNING ***                         ELAPSED TIME =       8.058   TIME= 11:04:04
 The estimated error in isolated selected elements (such as element 207  
 ) defaults to zero regardless of the actual error.                      

 *** WARNING ***                         ELAPSED TIME =       8.059   TIME= 11:04:04
 The estimated error in isolated selected elements (such as element 208  
 ) defaults to zero regardless of the actual error.                      

 *** WARNING ***                         ELAPSED TIME =       8.061   TIME= 11:04:04
 The estimated error in isolated selected elements (such as element 209  
 ) defaults to zero regardless of the actual error.                      

 *** WARNING ***                         ELAPSED TIME =       8.063   TIME= 11:04:04
 The estimated error in isolated selected elements (such as element 210  
 ) defaults to zero regardless of the actual error.                      

 *** WARNING ***                         ELAPSED TIME =       8.064   TIME= 11:04:04
 The estimated error in isolated selected elements (such as element 211  
 ) defaults to zero regardless of the actual error.                      

 *** WARNING ***                         ELAPSED TIME =       8.066   TIME= 11:04:04
 The estimated error in isolated selected elements (such as element 212  
 ) defaults to zero regardless of the actual error.                      

 *** WARNING ***                         ELAPSED TIME =       8.068   TIME= 11:04:04
 The estimated error in isolated selected elements (such as element 213  
 ) defaults to zero regardless of the actual error.                      

 *** WARNING ***                         ELAPSED TIME =       8.069   TIME= 11:04:04
 The estimated error in isolated selected elements (such as element 214  
 ) defaults to zero regardless of the actual error.                      

 *** WARNING ***                         ELAPSED TIME =       8.071   TIME= 11:04:04
 The estimated error in isolated selected elements (such as element 215  
 ) defaults to zero regardless of the actual error.                      

 *** WARNING ***                         ELAPSED TIME =       8.073   TIME= 11:04:04
 The estimated error in isolated selected elements (such as element 216  
 ) defaults to zero regardless of the actual error.                      

 *** WARNING ***                         ELAPSED TIME =       8.075   TIME= 11:04:04
 The estimated error in isolated selected elements (such as element 217  
 ) defaults to zero regardless of the actual error.                      

 *** WARNING ***                         ELAPSED TIME =       8.076   TIME= 11:04:04
 The estimated error in isolated selected elements (such as element 218  
 ) defaults to zero regardless of the actual error.                      

 *** WARNING ***                         ELAPSED TIME =       8.078   TIME= 11:04:04
 The estimated error in isolated selected elements (such as element 219  
 ) defaults to zero regardless of the actual error.                      

 *** WARNING ***                         ELAPSED TIME =       8.080   TIME= 11:04:04
 The estimated error in isolated selected elements (such as element 220  
 ) defaults to zero regardless of the actual error.                      

 *** WARNING ***                         ELAPSED TIME =       8.081   TIME= 11:04:04
 The estimated error in isolated selected elements (such as element 221  
 ) defaults to zero regardless of the actual error.                      

 *** WARNING ***                         ELAPSED TIME =       8.083   TIME= 11:04:04
 The estimated error in isolated selected elements (such as element 222  
 ) defaults to zero regardless of the actual error.                      

 *** WARNING ***                         ELAPSED TIME =       8.085   TIME= 11:04:04
 The estimated error in isolated selected elements (such as element 223  
 ) defaults to zero regardless of the actual error.                      

 *** WARNING ***                         ELAPSED TIME =       8.088   TIME= 11:04:04
 The estimated error in isolated selected elements (such as element 224  
 ) defaults to zero regardless of the actual error.                      

 *** WARNING ***                         ELAPSED TIME =       8.090   TIME= 11:04:04
 The estimated error in isolated selected elements (such as element 225  
 ) defaults to zero regardless of the actual error.                      

 *** WARNING ***                         ELAPSED TIME =       8.092   TIME= 11:04:04
 The estimated error in isolated selected elements (such as element 226  
 ) defaults to zero regardless of the actual error.                      

 *** WARNING ***                         ELAPSED TIME =       8.093   TIME= 11:04:04
 The estimated error in isolated selected elements (such as element 227  
 ) defaults to zero regardless of the actual error.                      

 *** WARNING ***                         ELAPSED TIME =       8.095   TIME= 11:04:04
 The estimated error in isolated selected elements (such as element 228  
 ) defaults to zero regardless of the actual error.                      

 *** WARNING ***                         ELAPSED TIME =       8.097   TIME= 11:04:04
 The estimated error in isolated selected elements (such as element 229  
 ) defaults to zero regardless of the actual error.                      

 *** WARNING ***                         ELAPSED TIME =       8.098   TIME= 11:04:04
 The estimated error in isolated selected elements (such as element 230  
 ) defaults to zero regardless of the actual error.                      

 *** WARNING ***                         ELAPSED TIME =       8.100   TIME= 11:04:04
 The estimated error in isolated selected elements (such as element 231  
 ) defaults to zero regardless of the actual error.                      

 *** WARNING ***                         ELAPSED TIME =       8.102   TIME= 11:04:04
 The estimated error in isolated selected elements (such as element 232  
 ) defaults to zero regardless of the actual error.                      

 *** WARNING ***                         ELAPSED TIME =       8.104   TIME= 11:04:04
 The estimated error in isolated selected elements (such as element 233  
 ) defaults to zero regardless of the actual error.                      

 *** WARNING ***                         ELAPSED TIME =       8.106   TIME= 11:04:04
 The estimated error in isolated selected elements (such as element 234  
 ) defaults to zero regardless of the actual error.                      

 *** WARNING ***                         ELAPSED TIME =       8.107   TIME= 11:04:04
 The estimated error in isolated selected elements (such as element 235  
 ) defaults to zero regardless of the actual error.                      

 *** WARNING ***                         ELAPSED TIME =       8.109   TIME= 11:04:04
 The estimated error in isolated selected elements (such as element 236  
 ) defaults to zero regardless of the actual error.                      

 *** WARNING ***                         ELAPSED TIME =       8.111   TIME= 11:04:04
 The estimated error in isolated selected elements (such as element 237  
 ) defaults to zero regardless of the actual error.                      

 *** WARNING ***                         ELAPSED TIME =       8.112   TIME= 11:04:04
 The estimated error in isolated selected elements (such as element 238  
 ) defaults to zero regardless of the actual error.                      

 *** WARNING ***                         ELAPSED TIME =       8.114   TIME= 11:04:04
 The estimated error in isolated selected elements (such as element 239  
 ) defaults to zero regardless of the actual error.                      

 *** WARNING ***                         ELAPSED TIME =       8.116   TIME= 11:04:04
 The estimated error in isolated selected elements (such as element 240  
 ) defaults to zero regardless of the actual error.                      

 *** WARNING ***                         ELAPSED TIME =       8.118   TIME= 11:04:04
 The estimated error in isolated selected elements (such as element 241  
 ) defaults to zero regardless of the actual error.                      

 *** WARNING ***                         ELAPSED TIME =       8.120   TIME= 11:04:04
 The estimated error in isolated selected elements (such as element 242  
 ) defaults to zero regardless of the actual error.                      

 *** WARNING ***                         ELAPSED TIME =       8.121   TIME= 11:04:04
 The estimated error in isolated selected elements (such as element 243  
 ) defaults to zero regardless of the actual error.                      

 *** WARNING ***                         ELAPSED TIME =       8.123   TIME= 11:04:04
 The estimated error in isolated selected elements (such as element 244  
 ) defaults to zero regardless of the actual error.                      

 *** WARNING ***                         ELAPSED TIME =       8.125   TIME= 11:04:04
 The estimated error in isolated selected elements (such as element 245  
 ) defaults to zero regardless of the actual error.                      

 *** WARNING ***                         ELAPSED TIME =       8.126   TIME= 11:04:04
 The estimated error in isolated selected elements (such as element 246  
 ) defaults to zero regardless of the actual error.                      

 *** WARNING ***                         ELAPSED TIME =       8.128   TIME= 11:04:04
 The estimated error in isolated selected elements (such as element 247  
 ) defaults to zero regardless of the actual error.                      

 *** WARNING ***                         ELAPSED TIME =       8.130   TIME= 11:04:04
 The estimated error in isolated selected elements (such as element 248  
 ) defaults to zero regardless of the actual error.                      

 *** WARNING ***                         ELAPSED TIME =       8.131   TIME= 11:04:04
 The estimated error in isolated selected elements (such as element 249  
 ) defaults to zero regardless of the actual error.                      

 *** WARNING ***                         ELAPSED TIME =       8.133   TIME= 11:04:04
 The estimated error in isolated selected elements (such as element 250  
 ) defaults to zero regardless of the actual error.                      

 *** WARNING ***                         ELAPSED TIME =       8.135   TIME= 11:04:04
 The estimated error in isolated selected elements (such as element 251  
 ) defaults to zero regardless of the actual error.                      

 *** WARNING ***                         ELAPSED TIME =       8.136   TIME= 11:04:04
 The estimated error in isolated selected elements (such as element 252  
 ) defaults to zero regardless of the actual error.                      

 *** WARNING ***                         ELAPSED TIME =       8.138   TIME= 11:04:04
 The estimated error in isolated selected elements (such as element 253  
 ) defaults to zero regardless of the actual error.                      

 *** WARNING ***                         ELAPSED TIME =       8.140   TIME= 11:04:04
 The estimated error in isolated selected elements (such as element 254  
 ) defaults to zero regardless of the actual error.                      

 *** WARNING ***                         ELAPSED TIME =       8.142   TIME= 11:04:04
 The estimated error in isolated selected elements (such as element 255  
 ) defaults to zero regardless of the actual error.                      

 *** WARNING ***                         ELAPSED TIME =       8.143   TIME= 11:04:04
 The estimated error in isolated selected elements (such as element 256  
 ) defaults to zero regardless of the actual error.                      

 *** WARNING ***                         ELAPSED TIME =       8.145   TIME= 11:04:04
 The estimated error in isolated selected elements (such as element 257  
 ) defaults to zero regardless of the actual error.                      

 *** WARNING ***                         ELAPSED TIME =       8.147   TIME= 11:04:04
 The estimated error in isolated selected elements (such as element 258  
 ) defaults to zero regardless of the actual error.                      

 *** WARNING ***                         ELAPSED TIME =       8.149   TIME= 11:04:04
 The estimated error in isolated selected elements (such as element 259  
 ) defaults to zero regardless of the actual error.                      

 *** WARNING ***                         ELAPSED TIME =       8.150   TIME= 11:04:04
 The estimated error in isolated selected elements (such as element 260  
 ) defaults to zero regardless of the actual error.                      

 *** WARNING ***                         ELAPSED TIME =       8.152   TIME= 11:04:04
 The estimated error in isolated selected elements (such as element 261  
 ) defaults to zero regardless of the actual error.                      

 *** WARNING ***                         ELAPSED TIME =       8.154   TIME= 11:04:04
 The estimated error in isolated selected elements (such as element 262  
 ) defaults to zero regardless of the actual error.                      

 *** WARNING ***                         ELAPSED TIME =       8.155   TIME= 11:04:04
 The estimated error in isolated selected elements (such as element 263  
 ) defaults to zero regardless of the actual error.                      

 *** WARNING ***                         ELAPSED TIME =       8.157   TIME= 11:04:04
 The estimated error in isolated selected elements (such as element 264  
 ) defaults to zero regardless of the actual error.                      

 *** WARNING ***                         ELAPSED TIME =       8.159   TIME= 11:04:04
 The estimated error in isolated selected elements (such as element 265  
 ) defaults to zero regardless of the actual error.                      

 *** WARNING ***                         ELAPSED TIME =       8.161   TIME= 11:04:04
 The estimated error in isolated selected elements (such as element 266  
 ) defaults to zero regardless of the actual error.                      

 *** WARNING ***                         ELAPSED TIME =       8.162   TIME= 11:04:04
 The estimated error in isolated selected elements (such as element 267  
 ) defaults to zero regardless of the actual error.                      

 *** WARNING ***                         ELAPSED TIME =       8.164   TIME= 11:04:04
 The estimated error in isolated selected elements (such as element 268  
 ) defaults to zero regardless of the actual error.                      

 *** WARNING ***                         ELAPSED TIME =       8.166   TIME= 11:04:04
 The estimated error in isolated selected elements (such as element 269  
 ) defaults to zero regardless of the actual error.                      

 *** WARNING ***                         ELAPSED TIME =       8.167   TIME= 11:04:04
 The estimated error in isolated selected elements (such as element 270  
 ) defaults to zero regardless of the actual error.                      

 *** WARNING ***                         ELAPSED TIME =       8.169   TIME= 11:04:04
 The estimated error in isolated selected elements (such as element 271  
 ) defaults to zero regardless of the actual error.                      

 *** WARNING ***                         ELAPSED TIME =       8.171   TIME= 11:04:04
 The estimated error in isolated selected elements (such as element 272  
 ) defaults to zero regardless of the actual error.                      

 *** WARNING ***                         ELAPSED TIME =       8.172   TIME= 11:04:04
 The estimated error in isolated selected elements (such as element 273  
 ) defaults to zero regardless of the actual error.                      

 *** WARNING ***                         ELAPSED TIME =       8.174   TIME= 11:04:04
 The estimated error in isolated selected elements (such as element 274  
 ) defaults to zero regardless of the actual error.                      

 *** WARNING ***                         ELAPSED TIME =       8.176   TIME= 11:04:04
 The estimated error in isolated selected elements (such as element 275  
 ) defaults to zero regardless of the actual error.                      

 *** WARNING ***                         ELAPSED TIME =       8.178   TIME= 11:04:04
 The estimated error in isolated selected elements (such as element 276  
 ) defaults to zero regardless of the actual error.                      

 *** WARNING ***                         ELAPSED TIME =       8.180   TIME= 11:04:04
 The estimated error in isolated selected elements (such as element 277  
 ) defaults to zero regardless of the actual error.                      

 *** WARNING ***                         ELAPSED TIME =       8.182   TIME= 11:04:04
 The estimated error in isolated selected elements (such as element 278  
 ) defaults to zero regardless of the actual error.                      

 *** WARNING ***                         ELAPSED TIME =       8.184   TIME= 11:04:05
 The estimated error in isolated selected elements (such as element 279  
 ) defaults to zero regardless of the actual error.                      

 *** WARNING ***                         ELAPSED TIME =       8.186   TIME= 11:04:05
 The estimated error in isolated selected elements (such as element 280  
 ) defaults to zero regardless of the actual error.                      

 *** WARNING ***                         ELAPSED TIME =       8.188   TIME= 11:04:05
 The estimated error in isolated selected elements (such as element 281  
 ) defaults to zero regardless of the actual error.                      

 *** WARNING ***                         ELAPSED TIME =       8.190   TIME= 11:04:05
 The estimated error in isolated selected elements (such as element 282  
 ) defaults to zero regardless of the actual error.                      

 *** WARNING ***                         ELAPSED TIME =       8.191   TIME= 11:04:05
 The estimated error in isolated selected elements (such as element 283  
 ) defaults to zero regardless of the actual error.                      

 *** WARNING ***                         ELAPSED TIME =       8.193   TIME= 11:04:05
 The estimated error in isolated selected elements (such as element 284  
 ) defaults to zero regardless of the actual error.                      

 *** WARNING ***                         ELAPSED TIME =       8.195   TIME= 11:04:05
 The estimated error in isolated selected elements (such as element 285  
 ) defaults to zero regardless of the actual error.                      

 *** WARNING ***                         ELAPSED TIME =       8.197   TIME= 11:04:05
 The estimated error in isolated selected elements (such as element 286  
 ) defaults to zero regardless of the actual error.                      

 *** WARNING ***                         ELAPSED TIME =       8.199   TIME= 11:04:05
 The estimated error in isolated selected elements (such as element 287  
 ) defaults to zero regardless of the actual error.                      

 *** WARNING ***                         ELAPSED TIME =       8.201   TIME= 11:04:05
 The estimated error in isolated selected elements (such as element 288  
 ) defaults to zero regardless of the actual error.                      

 *** WARNING ***                         ELAPSED TIME =       8.203   TIME= 11:04:05
 The estimated error in isolated selected elements (such as element 289  
 ) defaults to zero regardless of the actual error.                      

 *** WARNING ***                         ELAPSED TIME =       8.204   TIME= 11:04:05
 The estimated error in isolated selected elements (such as element 290  
 ) defaults to zero regardless of the actual error.                      

 *** WARNING ***                         ELAPSED TIME =       8.206   TIME= 11:04:05
 The estimated error in isolated selected elements (such as element 291  
 ) defaults to zero regardless of the actual error.                      

 *** WARNING ***                         ELAPSED TIME =       8.208   TIME= 11:04:05
 The estimated error in isolated selected elements (such as element 292  
 ) defaults to zero regardless of the actual error.                      

 *** WARNING ***                         ELAPSED TIME =       8.210   TIME= 11:04:05
 The estimated error in isolated selected elements (such as element 293  
 ) defaults to zero regardless of the actual error.                      

 *** WARNING ***                         ELAPSED TIME =       8.212   TIME= 11:04:05
 The estimated error in isolated selected elements (such as element 294  
 ) defaults to zero regardless of the actual error.                      

 *** WARNING ***                         ELAPSED TIME =       8.214   TIME= 11:04:05
 The estimated error in isolated selected elements (such as element 295  
 ) defaults to zero regardless of the actual error.                      

 *** WARNING ***                         ELAPSED TIME =       8.215   TIME= 11:04:05
 The estimated error in isolated selected elements (such as element 296  
 ) defaults to zero regardless of the actual error.                      

 *** WARNING ***                         ELAPSED TIME =       8.217   TIME= 11:04:05
 The estimated error in isolated selected elements (such as element 297  
 ) defaults to zero regardless of the actual error.                      

 *** WARNING ***                         ELAPSED TIME =       8.219   TIME= 11:04:05
 The estimated error in isolated selected elements (such as element 298  
 ) defaults to zero regardless of the actual error.                      

 *** WARNING ***                         ELAPSED TIME =       8.221   TIME= 11:04:05
 The estimated error in isolated selected elements (such as element 299  
 ) defaults to zero regardless of the actual error.                      

 *** WARNING ***                         ELAPSED TIME =       8.222   TIME= 11:04:05
 The estimated error in isolated selected elements (such as element 300  
 ) defaults to zero regardless of the actual error.                      

 *** WARNING ***                         ELAPSED TIME =       8.224   TIME= 11:04:05
 The estimated error in isolated selected elements (such as element 301  
 ) defaults to zero regardless of the actual error.                      

 *** WARNING ***                         ELAPSED TIME =       8.226   TIME= 11:04:05
 The estimated error in isolated selected elements (such as element 302  
 ) defaults to zero regardless of the actual error.                      

 *** WARNING ***                         ELAPSED TIME =       8.228   TIME= 11:04:05
 The estimated error in isolated selected elements (such as element 303  
 ) defaults to zero regardless of the actual error.                      

 *** WARNING ***                         ELAPSED TIME =       8.230   TIME= 11:04:05
 The estimated error in isolated selected elements (such as element 304  
 ) defaults to zero regardless of the actual error.                      

 *** WARNING ***                         ELAPSED TIME =       8.232   TIME= 11:04:05
 The estimated error in isolated selected elements (such as element 305  
 ) defaults to zero regardless of the actual error.                      

 *** WARNING ***                         ELAPSED TIME =       8.233   TIME= 11:04:05
 The estimated error in isolated selected elements (such as element 306  
 ) defaults to zero regardless of the actual error.                      

 *** WARNING ***                         ELAPSED TIME =       8.235   TIME= 11:04:05
 The estimated error in isolated selected elements (such as element 307  
 ) defaults to zero regardless of the actual error.                      

 *** WARNING ***                         ELAPSED TIME =       8.237   TIME= 11:04:05
 The estimated error in isolated selected elements (such as element 308  
 ) defaults to zero regardless of the actual error.                      

 *** WARNING ***                         ELAPSED TIME =       8.238   TIME= 11:04:05
 The estimated error in isolated selected elements (such as element 309  
 ) defaults to zero regardless of the actual error.                      

 *** WARNING ***                         ELAPSED TIME =       8.241   TIME= 11:04:05
 The estimated error in isolated selected elements (such as element 310  
 ) defaults to zero regardless of the actual error.                      

 *** WARNING ***                         ELAPSED TIME =       8.242   TIME= 11:04:05
 The estimated error in isolated selected elements (such as element 311  
 ) defaults to zero regardless of the actual error.                      

 *** WARNING ***                         ELAPSED TIME =       8.244   TIME= 11:04:05
 The estimated error in isolated selected elements (such as element 312  
 ) defaults to zero regardless of the actual error.                      

 *** WARNING ***                         ELAPSED TIME =       8.246   TIME= 11:04:05
 The estimated error in isolated selected elements (such as element 313  
 ) defaults to zero regardless of the actual error.                      

 *** WARNING ***                         ELAPSED TIME =       8.247   TIME= 11:04:05
 The estimated error in isolated selected elements (such as element 314  
 ) defaults to zero regardless of the actual error.                      

 *** WARNING ***                         ELAPSED TIME =       8.249   TIME= 11:04:05
 The estimated error in isolated selected elements (such as element 315  
 ) defaults to zero regardless of the actual error.                      

 *** WARNING ***                         ELAPSED TIME =       8.251   TIME= 11:04:05
 The estimated error in isolated selected elements (such as element 316  
 ) defaults to zero regardless of the actual error.                      

 *** WARNING ***                         ELAPSED TIME =       8.252   TIME= 11:04:05
 The estimated error in isolated selected elements (such as element 317  
 ) defaults to zero regardless of the actual error.                      

 *** WARNING ***                         ELAPSED TIME =       8.254   TIME= 11:04:05
 The estimated error in isolated selected elements (such as element 318  
 ) defaults to zero regardless of the actual error.                      

 *** WARNING ***                         ELAPSED TIME =       8.256   TIME= 11:04:05
 The estimated error in isolated selected elements (such as element 319  
 ) defaults to zero regardless of the actual error.                      

 *** WARNING ***                         ELAPSED TIME =       8.258   TIME= 11:04:05
 The estimated error in isolated selected elements (such as element 320  
 ) defaults to zero regardless of the actual error.                      

 *** WARNING ***                         ELAPSED TIME =       8.260   TIME= 11:04:05
 The estimated error in isolated selected elements (such as element 321  
 ) defaults to zero regardless of the actual error.                      

 *** WARNING ***                         ELAPSED TIME =       8.261   TIME= 11:04:05
 The estimated error in isolated selected elements (such as element 322  
 ) defaults to zero regardless of the actual error.                      

 *** WARNING ***                         ELAPSED TIME =       8.263   TIME= 11:04:05
 The estimated error in isolated selected elements (such as element 323  
 ) defaults to zero regardless of the actual error.                      

 *** WARNING ***                         ELAPSED TIME =       8.265   TIME= 11:04:05
 The estimated error in isolated selected elements (such as element 324  
 ) defaults to zero regardless of the actual error.                      

 *** WARNING ***                         ELAPSED TIME =       8.266   TIME= 11:04:05
 The estimated error in isolated selected elements (such as element 325  
 ) defaults to zero regardless of the actual error.                      

 *** WARNING ***                         ELAPSED TIME =       8.268   TIME= 11:04:05
 The estimated error in isolated selected elements (such as element 326  
 ) defaults to zero regardless of the actual error.                      

 *** WARNING ***                         ELAPSED TIME =       8.270   TIME= 11:04:05
 The estimated error in isolated selected elements (such as element 327  
 ) defaults to zero regardless of the actual error.                      

 *** WARNING ***                         ELAPSED TIME =       8.271   TIME= 11:04:05
 The estimated error in isolated selected elements (such as element 328  
 ) defaults to zero regardless of the actual error.                      

 *** WARNING ***                         ELAPSED TIME =       8.273   TIME= 11:04:05
 The estimated error in isolated selected elements (such as element 329  
 ) defaults to zero regardless of the actual error.                      

 *** WARNING ***                         ELAPSED TIME =       8.276   TIME= 11:04:05
 The estimated error in isolated selected elements (such as element 330  
 ) defaults to zero regardless of the actual error.                      

 *** WARNING ***                         ELAPSED TIME =       8.277   TIME= 11:04:05
 The estimated error in isolated selected elements (such as element 331  
 ) defaults to zero regardless of the actual error.                      

 *** WARNING ***                         ELAPSED TIME =       8.279   TIME= 11:04:05
 The estimated error in isolated selected elements (such as element 332  
 ) defaults to zero regardless of the actual error.                      

 *** WARNING ***                         ELAPSED TIME =       8.281   TIME= 11:04:05
 The estimated error in isolated selected elements (such as element 333  
 ) defaults to zero regardless of the actual error.                      

 *** WARNING ***                         ELAPSED TIME =       8.283   TIME= 11:04:05
 The estimated error in isolated selected elements (such as element 334  
 ) defaults to zero regardless of the actual error.                      

 *** WARNING ***                         ELAPSED TIME =       8.284   TIME= 11:04:05
 The estimated error in isolated selected elements (such as element 335  
 ) defaults to zero regardless of the actual error.                      

 *** WARNING ***                         ELAPSED TIME =       8.286   TIME= 11:04:05
 The estimated error in isolated selected elements (such as element 336  
 ) defaults to zero regardless of the actual error.                      

 *** WARNING ***                         ELAPSED TIME =       8.288   TIME= 11:04:05
 The estimated error in isolated selected elements (such as element 337  
 ) defaults to zero regardless of the actual error.                      

 *** WARNING ***                         ELAPSED TIME =       8.289   TIME= 11:04:05
 The estimated error in isolated selected elements (such as element 338  
 ) defaults to zero regardless of the actual error.                      

 *** WARNING ***                         ELAPSED TIME =       8.291   TIME= 11:04:05
 The estimated error in isolated selected elements (such as element 339  
 ) defaults to zero regardless of the actual error.                      

 *** WARNING ***                         ELAPSED TIME =       8.293   TIME= 11:04:05
 The estimated error in isolated selected elements (such as element 340  
 ) defaults to zero regardless of the actual error.                      

 *** WARNING ***                         ELAPSED TIME =       8.295   TIME= 11:04:05
 The estimated error in isolated selected elements (such as element 341  
 ) defaults to zero regardless of the actual error.                      

 *** WARNING ***                         ELAPSED TIME =       8.296   TIME= 11:04:05
 The estimated error in isolated selected elements (such as element 342  
 ) defaults to zero regardless of the actual error.                      

 *** WARNING ***                         ELAPSED TIME =       8.298   TIME= 11:04:05
 The estimated error in isolated selected elements (such as element 343  
 ) defaults to zero regardless of the actual error.                      

 *** WARNING ***                         ELAPSED TIME =       8.300   TIME= 11:04:05
 The estimated error in isolated selected elements (such as element 344  
 ) defaults to zero regardless of the actual error.                      

 *** WARNING ***                         ELAPSED TIME =       8.301   TIME= 11:04:05
 The estimated error in isolated selected elements (such as element 345  
 ) defaults to zero regardless of the actual error.                      

 *** WARNING ***                         ELAPSED TIME =       8.303   TIME= 11:04:05
 The estimated error in isolated selected elements (such as element 346  
 ) defaults to zero regardless of the actual error.                      

 *** WARNING ***                         ELAPSED TIME =       8.305   TIME= 11:04:05
 The estimated error in isolated selected elements (such as element 347  
 ) defaults to zero regardless of the actual error.                      

 *** WARNING ***                         ELAPSED TIME =       8.307   TIME= 11:04:05
 The estimated error in isolated selected elements (such as element 348  
 ) defaults to zero regardless of the actual error.                      

 *** WARNING ***                         ELAPSED TIME =       8.308   TIME= 11:04:05
 The estimated error in isolated selected elements (such as element 349  
 ) defaults to zero regardless of the actual error.                      

 *** WARNING ***                         ELAPSED TIME =       8.310   TIME= 11:04:05
 The estimated error in isolated selected elements (such as element 350  
 ) defaults to zero regardless of the actual error.                      

 *** WARNING ***                         ELAPSED TIME =       8.312   TIME= 11:04:05
 The estimated error in isolated selected elements (such as element 351  
 ) defaults to zero regardless of the actual error.                      

 *** WARNING ***                         ELAPSED TIME =       8.313   TIME= 11:04:05
 The estimated error in isolated selected elements (such as element 352  
 ) defaults to zero regardless of the actual error.                      

 *** WARNING ***                         ELAPSED TIME =       8.315   TIME= 11:04:05
 The estimated error in isolated selected elements (such as element 353  
 ) defaults to zero regardless of the actual error.                      

 *** WARNING ***                         ELAPSED TIME =       8.317   TIME= 11:04:05
 The estimated error in isolated selected elements (such as element 354  
 ) defaults to zero regardless of the actual error.                      

 *** WARNING ***                         ELAPSED TIME =       8.318   TIME= 11:04:05
 The estimated error in isolated selected elements (such as element 355  
 ) defaults to zero regardless of the actual error.                      

 *** WARNING ***                         ELAPSED TIME =       8.320   TIME= 11:04:05
 The estimated error in isolated selected elements (such as element 356  
 ) defaults to zero regardless of the actual error.                      

 *** WARNING ***                         ELAPSED TIME =       8.322   TIME= 11:04:05
 The estimated error in isolated selected elements (such as element 357  
 ) defaults to zero regardless of the actual error.                      

 *** WARNING ***                         ELAPSED TIME =       8.324   TIME= 11:04:05
 The estimated error in isolated selected elements (such as element 358  
 ) defaults to zero regardless of the actual error.                      

 *** WARNING ***                         ELAPSED TIME =       8.325   TIME= 11:04:05
 The estimated error in isolated selected elements (such as element 359  
 ) defaults to zero regardless of the actual error.                      

 *** WARNING ***                         ELAPSED TIME =       8.327   TIME= 11:04:05
 The estimated error in isolated selected elements (such as element 360  
 ) defaults to zero regardless of the actual error.                      

 *** WARNING ***                         ELAPSED TIME =       8.329   TIME= 11:04:05
 The estimated error in isolated selected elements (such as element 361  
 ) defaults to zero regardless of the actual error.                      

 *** WARNING ***                         ELAPSED TIME =       8.330   TIME= 11:04:05
 The estimated error in isolated selected elements (such as element 362  
 ) defaults to zero regardless of the actual error.                      

 *** WARNING ***                         ELAPSED TIME =       8.332   TIME= 11:04:05
 The estimated error in isolated selected elements (such as element 363  
 ) defaults to zero regardless of the actual error.                      

 *** WARNING ***                         ELAPSED TIME =       8.334   TIME= 11:04:05
 The estimated error in isolated selected elements (such as element 364  
 ) defaults to zero regardless of the actual error.                      

 *** WARNING ***                         ELAPSED TIME =       8.335   TIME= 11:04:05
 The estimated error in isolated selected elements (such as element 365  
 ) defaults to zero regardless of the actual error.                      

 *** WARNING ***                         ELAPSED TIME =       8.337   TIME= 11:04:05
 The estimated error in isolated selected elements (such as element 366  
 ) defaults to zero regardless of the actual error.                      

 *** WARNING ***                         ELAPSED TIME =       8.340   TIME= 11:04:05
 The estimated error in isolated selected elements (such as element 367  
 ) defaults to zero regardless of the actual error.                      

 *** WARNING ***                         ELAPSED TIME =       8.342   TIME= 11:04:05
 The estimated error in isolated selected elements (such as element 368  
 ) defaults to zero regardless of the actual error.                      

 *** WARNING ***                         ELAPSED TIME =       8.343   TIME= 11:04:05
 The estimated error in isolated selected elements (such as element 369  
 ) defaults to zero regardless of the actual error.                      

 *** WARNING ***                         ELAPSED TIME =       8.345   TIME= 11:04:05
 The estimated error in isolated selected elements (such as element 370  
 ) defaults to zero regardless of the actual error.                      

 *** WARNING ***                         ELAPSED TIME =       8.347   TIME= 11:04:05
 The estimated error in isolated selected elements (such as element 371  
 ) defaults to zero regardless of the actual error.                      

 *** WARNING ***                         ELAPSED TIME =       8.348   TIME= 11:04:05
 The estimated error in isolated selected elements (such as element 372  
 ) defaults to zero regardless of the actual error.                      

 *** WARNING ***                         ELAPSED TIME =       8.350   TIME= 11:04:05
 The estimated error in isolated selected elements (such as element 373  
 ) defaults to zero regardless of the actual error.                      

 *** WARNING ***                         ELAPSED TIME =       8.352   TIME= 11:04:05
 The estimated error in isolated selected elements (such as element 374  
 ) defaults to zero regardless of the actual error.                      

 *** WARNING ***                         ELAPSED TIME =       8.354   TIME= 11:04:05
 The estimated error in isolated selected elements (such as element 375  
 ) defaults to zero regardless of the actual error.                      

 *** WARNING ***                         ELAPSED TIME =       8.356   TIME= 11:04:05
 The estimated error in isolated selected elements (such as element 376  
 ) defaults to zero regardless of the actual error.                      

 *** WARNING ***                         ELAPSED TIME =       8.358   TIME= 11:04:05
 The estimated error in isolated selected elements (such as element 377  
 ) defaults to zero regardless of the actual error.                      

 *** WARNING ***                         ELAPSED TIME =       8.360   TIME= 11:04:05
 The estimated error in isolated selected elements (such as element 378  
 ) defaults to zero regardless of the actual error.                      

 *** WARNING ***                         ELAPSED TIME =       8.362   TIME= 11:04:05
 The estimated error in isolated selected elements (such as element 379  
 ) defaults to zero regardless of the actual error.                      

 *** WARNING ***                         ELAPSED TIME =       8.363   TIME= 11:04:05
 The estimated error in isolated selected elements (such as element 380  
 ) defaults to zero regardless of the actual error.                      

 *** WARNING ***                         ELAPSED TIME =       8.365   TIME= 11:04:05
 The estimated error in isolated selected elements (such as element 381  
 ) defaults to zero regardless of the actual error.                      

 *** WARNING ***                         ELAPSED TIME =       8.367   TIME= 11:04:05
 The estimated error in isolated selected elements (such as element 382  
 ) defaults to zero regardless of the actual error.                      

 *** WARNING ***                         ELAPSED TIME =       8.368   TIME= 11:04:05
 The estimated error in isolated selected elements (such as element 383  
 ) defaults to zero regardless of the actual error.                      

 *** WARNING ***                         ELAPSED TIME =       8.370   TIME= 11:04:05
 The estimated error in isolated selected elements (such as element 384  
 ) defaults to zero regardless of the actual error.                      

 *** WARNING ***                         ELAPSED TIME =       8.372   TIME= 11:04:05
 The estimated error in isolated selected elements (such as element 385  
 ) defaults to zero regardless of the actual error.                      

 *** WARNING ***                         ELAPSED TIME =       8.374   TIME= 11:04:05
 The estimated error in isolated selected elements (such as element 386  
 ) defaults to zero regardless of the actual error.                      

 *** WARNING ***                         ELAPSED TIME =       8.375   TIME= 11:04:05
 The estimated error in isolated selected elements (such as element 387  
 ) defaults to zero regardless of the actual error.                      

 *** WARNING ***                         ELAPSED TIME =       8.377   TIME= 11:04:05
 The estimated error in isolated selected elements (such as element 388  
 ) defaults to zero regardless of the actual error.                      

 *** WARNING ***                         ELAPSED TIME =       8.379   TIME= 11:04:05
 The estimated error in isolated selected elements (such as element 389  
 ) defaults to zero regardless of the actual error.                      

 *** WARNING ***                         ELAPSED TIME =       8.380   TIME= 11:04:05
 The estimated error in isolated selected elements (such as element 390  
 ) defaults to zero regardless of the actual error.                      

 *** WARNING ***                         ELAPSED TIME =       8.382   TIME= 11:04:05
 The estimated error in isolated selected elements (such as element 391  
 ) defaults to zero regardless of the actual error.                      

 *** WARNING ***                         ELAPSED TIME =       8.384   TIME= 11:04:05
 The estimated error in isolated selected elements (such as element 392  
 ) defaults to zero regardless of the actual error.                      

 *** WARNING ***                         ELAPSED TIME =       8.386   TIME= 11:04:05
 The estimated error in isolated selected elements (such as element 393  
 ) defaults to zero regardless of the actual error.                      

 *** WARNING ***                         ELAPSED TIME =       8.394   TIME= 11:04:05
 The estimated error in isolated selected elements (such as element 394  
 ) defaults to zero regardless of the actual error.                      

 *** WARNING ***                         ELAPSED TIME =       8.396   TIME= 11:04:05
 The estimated error in isolated selected elements (such as element 395  
 ) defaults to zero regardless of the actual error.                      

 *** WARNING ***                         ELAPSED TIME =       8.398   TIME= 11:04:05
 The estimated error in isolated selected elements (such as element 396  
 ) defaults to zero regardless of the actual error.                      

 *** WARNING ***                         ELAPSED TIME =       8.401   TIME= 11:04:05
 The estimated error in isolated selected elements (such as element 397  
 ) defaults to zero regardless of the actual error.                      

 *** WARNING ***                         ELAPSED TIME =       8.404   TIME= 11:04:05
 The estimated error in isolated selected elements (such as element 398  
 ) defaults to zero regardless of the actual error.                      

 *** WARNING ***                         ELAPSED TIME =       8.412   TIME= 11:04:05
 The estimated error in isolated selected elements (such as element 399  
 ) defaults to zero regardless of the actual error.                      

 *** WARNING ***                         ELAPSED TIME =       8.414   TIME= 11:04:05
 The estimated error in isolated selected elements (such as element 400  
 ) defaults to zero regardless of the actual error.                      

 *** WARNING ***                         ELAPSED TIME =       8.416   TIME= 11:04:05
 The estimated error in isolated selected elements (such as element 401  
 ) defaults to zero regardless of the actual error.                      

 *** WARNING ***                         ELAPSED TIME =       8.418   TIME= 11:04:05
 The estimated error in isolated selected elements (such as element 402  
 ) defaults to zero regardless of the actual error.                      

 *** WARNING ***                         ELAPSED TIME =       8.420   TIME= 11:04:05
 The estimated error in isolated selected elements (such as element 403  
 ) defaults to zero regardless of the actual error.                      

 *** WARNING ***                         ELAPSED TIME =       8.422   TIME= 11:04:05
 The estimated error in isolated selected elements (such as element 404  
 ) defaults to zero regardless of the actual error.                      

 *** WARNING ***                         ELAPSED TIME =       8.423   TIME= 11:04:05
 The estimated error in isolated selected elements (such as element 405  
 ) defaults to zero regardless of the actual error.                      

 *** WARNING ***                         ELAPSED TIME =       8.425   TIME= 11:04:05
 The estimated error in isolated selected elements (such as element 406  
 ) defaults to zero regardless of the actual error.                      

 *** WARNING ***                         ELAPSED TIME =       8.427   TIME= 11:04:05
 The estimated error in isolated selected elements (such as element 407  
 ) defaults to zero regardless of the actual error.                      

 *** WARNING ***                         ELAPSED TIME =       8.428   TIME= 11:04:05
 The estimated error in isolated selected elements (such as element 408  
 ) defaults to zero regardless of the actual error.                      

 *** WARNING ***                         ELAPSED TIME =       8.430   TIME= 11:04:05
 The estimated error in isolated selected elements (such as element 409  
 ) defaults to zero regardless of the actual error.                      

 *** WARNING ***                         ELAPSED TIME =       8.432   TIME= 11:04:05
 The estimated error in isolated selected elements (such as element 410  
 ) defaults to zero regardless of the actual error.                      

 *** WARNING ***                         ELAPSED TIME =       8.434   TIME= 11:04:05
 The estimated error in isolated selected elements (such as element 411  
 ) defaults to zero regardless of the actual error.                      

 *** WARNING ***                         ELAPSED TIME =       8.435   TIME= 11:04:05
 The estimated error in isolated selected elements (such as element 412  
 ) defaults to zero regardless of the actual error.                      

 *** WARNING ***                         ELAPSED TIME =       8.437   TIME= 11:04:05
 The estimated error in isolated selected elements (such as element 413  
 ) defaults to zero regardless of the actual error.                      

 *** WARNING ***                         ELAPSED TIME =       8.439   TIME= 11:04:05
 The estimated error in isolated selected elements (such as element 414  
 ) defaults to zero regardless of the actual error.                      

 *** WARNING ***                         ELAPSED TIME =       8.440   TIME= 11:04:05
 The estimated error in isolated selected elements (such as element 415  
 ) defaults to zero regardless of the actual error.                      

 *** WARNING ***                         ELAPSED TIME =       8.442   TIME= 11:04:05
 The estimated error in isolated selected elements (such as element 416  
 ) defaults to zero regardless of the actual error.                      

 *** WARNING ***                         ELAPSED TIME =       8.444   TIME= 11:04:05
 The estimated error in isolated selected elements (such as element 417  
 ) defaults to zero regardless of the actual error.                      

 *** WARNING ***                         ELAPSED TIME =       8.445   TIME= 11:04:05
 The estimated error in isolated selected elements (such as element 418  
 ) defaults to zero regardless of the actual error.                      

 *** WARNING ***                         ELAPSED TIME =       8.447   TIME= 11:04:05
 The estimated error in isolated selected elements (such as element 419  
 ) defaults to zero regardless of the actual error.                      

 *** WARNING ***                         ELAPSED TIME =       8.450   TIME= 11:04:05
 The estimated error in isolated selected elements (such as element 420  
 ) defaults to zero regardless of the actual error.                      

 *** WARNING ***                         ELAPSED TIME =       8.452   TIME= 11:04:05
 The estimated error in isolated selected elements (such as element 421  
 ) defaults to zero regardless of the actual error.                      

 *** WARNING ***                         ELAPSED TIME =       8.454   TIME= 11:04:05
 The estimated error in isolated selected elements (such as element 422  
 ) defaults to zero regardless of the actual error.                      

 *** WARNING ***                         ELAPSED TIME =       8.455   TIME= 11:04:05
 The estimated error in isolated selected elements (such as element 423  
 ) defaults to zero regardless of the actual error.                      

 *** WARNING ***                         ELAPSED TIME =       8.457   TIME= 11:04:05
 The estimated error in isolated selected elements (such as element 424  
 ) defaults to zero regardless of the actual error.                      

 *** WARNING ***                         ELAPSED TIME =       8.459   TIME= 11:04:05
 The estimated error in isolated selected elements (such as element 425  
 ) defaults to zero regardless of the actual error.                      

 *** WARNING ***                         ELAPSED TIME =       8.460   TIME= 11:04:05
 The estimated error in isolated selected elements (such as element 426  
 ) defaults to zero regardless of the actual error.                      

 *** WARNING ***                         ELAPSED TIME =       8.462   TIME= 11:04:05
 The estimated error in isolated selected elements (such as element 427  
 ) defaults to zero regardless of the actual error.                      

 *** WARNING ***                         ELAPSED TIME =       8.464   TIME= 11:04:05
 The estimated error in isolated selected elements (such as element 428  
 ) defaults to zero regardless of the actual error.                      

 *** WARNING ***                         ELAPSED TIME =       8.466   TIME= 11:04:05
 The estimated error in isolated selected elements (such as element 429  
 ) defaults to zero regardless of the actual error.                      

 *** WARNING ***                         ELAPSED TIME =       8.468   TIME= 11:04:05
 The estimated error in isolated selected elements (such as element 430  
 ) defaults to zero regardless of the actual error.                      

 *** WARNING ***                         ELAPSED TIME =       8.470   TIME= 11:04:05
 The estimated error in isolated selected elements (such as element 431  
 ) defaults to zero regardless of the actual error.                      

 *** WARNING ***                         ELAPSED TIME =       8.471   TIME= 11:04:05
 The estimated error in isolated selected elements (such as element 432  
 ) defaults to zero regardless of the actual error.                      

 *** WARNING ***                         ELAPSED TIME =       8.473   TIME= 11:04:05
 The estimated error in isolated selected elements (such as element 433  
 ) defaults to zero regardless of the actual error.                      

 *** WARNING ***                         ELAPSED TIME =       8.475   TIME= 11:04:05
 The estimated error in isolated selected elements (such as element 434  
 ) defaults to zero regardless of the actual error.                      

 *** WARNING ***                         ELAPSED TIME =       8.476   TIME= 11:04:05
 The estimated error in isolated selected elements (such as element 435  
 ) defaults to zero regardless of the actual error.                      

 *** WARNING ***                         ELAPSED TIME =       8.478   TIME= 11:04:05
 The estimated error in isolated selected elements (such as element 436  
 ) defaults to zero regardless of the actual error.                      

 *** WARNING ***                         ELAPSED TIME =       8.480   TIME= 11:04:05
 The estimated error in isolated selected elements (such as element 437  
 ) defaults to zero regardless of the actual error.                      

 *** WARNING ***                         ELAPSED TIME =       8.482   TIME= 11:04:05
 The estimated error in isolated selected elements (such as element 438  
 ) defaults to zero regardless of the actual error.                      

 *** WARNING ***                         ELAPSED TIME =       8.484   TIME= 11:04:05
 The estimated error in isolated selected elements (such as element 439  
 ) defaults to zero regardless of the actual error.                      

 *** WARNING ***                         ELAPSED TIME =       8.486   TIME= 11:04:05
 The estimated error in isolated selected elements (such as element 440  
 ) defaults to zero regardless of the actual error.                      

 *** WARNING ***                         ELAPSED TIME =       8.488   TIME= 11:04:05
 The estimated error in isolated selected elements (such as element 441  
 ) defaults to zero regardless of the actual error.                      

 *** WARNING ***                         ELAPSED TIME =       8.489   TIME= 11:04:05
 The estimated error in isolated selected elements (such as element 442  
 ) defaults to zero regardless of the actual error.                      

 *** WARNING ***                         ELAPSED TIME =       8.491   TIME= 11:04:05
 The estimated error in isolated selected elements (such as element 443  
 ) defaults to zero regardless of the actual error.                      

 *** WARNING ***                         ELAPSED TIME =       8.493   TIME= 11:04:05
 The estimated error in isolated selected elements (such as element 444  
 ) defaults to zero regardless of the actual error.                      

 *** WARNING ***                         ELAPSED TIME =       8.494   TIME= 11:04:05
 The estimated error in isolated selected elements (such as element 445  
 ) defaults to zero regardless of the actual error.                      

 *** WARNING ***                         ELAPSED TIME =       8.497   TIME= 11:04:05
 The estimated error in isolated selected elements (such as element 446  
 ) defaults to zero regardless of the actual error.                      

 *** WARNING ***                         ELAPSED TIME =       8.499   TIME= 11:04:05
 The estimated error in isolated selected elements (such as element 447  
 ) defaults to zero regardless of the actual error.                      

 *** WARNING ***                         ELAPSED TIME =       8.500   TIME= 11:04:05
 The estimated error in isolated selected elements (such as element 448  
 ) defaults to zero regardless of the actual error.                      

 *** WARNING ***                         ELAPSED TIME =       8.502   TIME= 11:04:05
 The estimated error in isolated selected elements (such as element 449  
 ) defaults to zero regardless of the actual error.                      

 *** WARNING ***                         ELAPSED TIME =       8.504   TIME= 11:04:05
 The estimated error in isolated selected elements (such as element 450  
 ) defaults to zero regardless of the actual error.                      

 *** WARNING ***                         ELAPSED TIME =       8.505   TIME= 11:04:05
 The estimated error in isolated selected elements (such as element 451  
 ) defaults to zero regardless of the actual error.                      

 *** WARNING ***                         ELAPSED TIME =       8.507   TIME= 11:04:05
 The estimated error in isolated selected elements (such as element 452  
 ) defaults to zero regardless of the actual error.                      

 *** WARNING ***                         ELAPSED TIME =       8.509   TIME= 11:04:05
 The estimated error in isolated selected elements (such as element 453  
 ) defaults to zero regardless of the actual error.                      

 *** WARNING ***                         ELAPSED TIME =       8.511   TIME= 11:04:05
 The estimated error in isolated selected elements (such as element 454  
 ) defaults to zero regardless of the actual error.                      

 *** WARNING ***                         ELAPSED TIME =       8.512   TIME= 11:04:05
 The estimated error in isolated selected elements (such as element 455  
 ) defaults to zero regardless of the actual error.                      

 *** WARNING ***                         ELAPSED TIME =       8.514   TIME= 11:04:05
 The estimated error in isolated selected elements (such as element 456  
 ) defaults to zero regardless of the actual error.                      

 *** WARNING ***                         ELAPSED TIME =       8.516   TIME= 11:04:05
 The estimated error in isolated selected elements (such as element 457  
 ) defaults to zero regardless of the actual error.                      

 *** WARNING ***                         ELAPSED TIME =       8.517   TIME= 11:04:05
 The estimated error in isolated selected elements (such as element 458  
 ) defaults to zero regardless of the actual error.                      

 *** WARNING ***                         ELAPSED TIME =       8.519   TIME= 11:04:05
 The estimated error in isolated selected elements (such as element 459  
 ) defaults to zero regardless of the actual error.                      

 *** WARNING ***                         ELAPSED TIME =       8.521   TIME= 11:04:05
 The estimated error in isolated selected elements (such as element 460  
 ) defaults to zero regardless of the actual error.                      

 *** WARNING ***                         ELAPSED TIME =       8.522   TIME= 11:04:05
 The estimated error in isolated selected elements (such as element 461  
 ) defaults to zero regardless of the actual error.                      

 *** WARNING ***                         ELAPSED TIME =       8.524   TIME= 11:04:05
 The estimated error in isolated selected elements (such as element 462  
 ) defaults to zero regardless of the actual error.                      

 *** WARNING ***                         ELAPSED TIME =       8.526   TIME= 11:04:05
 The estimated error in isolated selected elements (such as element 463  
 ) defaults to zero regardless of the actual error.                      

 *** WARNING ***                         ELAPSED TIME =       8.528   TIME= 11:04:05
 The estimated error in isolated selected elements (such as element 464  
 ) defaults to zero regardless of the actual error.                      

 *** WARNING ***                         ELAPSED TIME =       8.530   TIME= 11:04:05
 The estimated error in isolated selected elements (such as element 465  
 ) defaults to zero regardless of the actual error.                      

 *** WARNING ***                         ELAPSED TIME =       8.531   TIME= 11:04:05
 The estimated error in isolated selected elements (such as element 466  
 ) defaults to zero regardless of the actual error.                      

 *** WARNING ***                         ELAPSED TIME =       8.533   TIME= 11:04:05
 The estimated error in isolated selected elements (such as element 467  
 ) defaults to zero regardless of the actual error.                      

 *** WARNING ***                         ELAPSED TIME =       8.535   TIME= 11:04:05
 The estimated error in isolated selected elements (such as element 468  
 ) defaults to zero regardless of the actual error.                      

 *** WARNING ***                         ELAPSED TIME =       8.536   TIME= 11:04:05
 The estimated error in isolated selected elements (such as element 469  
 ) defaults to zero regardless of the actual error.                      

 *** WARNING ***                         ELAPSED TIME =       8.538   TIME= 11:04:05
 The estimated error in isolated selected elements (such as element 470  
 ) defaults to zero regardless of the actual error.                      

 *** WARNING ***                         ELAPSED TIME =       8.540   TIME= 11:04:05
 The estimated error in isolated selected elements (such as element 471  
 ) defaults to zero regardless of the actual error.                      

 *** WARNING ***                         ELAPSED TIME =       8.541   TIME= 11:04:05
 The estimated error in isolated selected elements (such as element 472  
 ) defaults to zero regardless of the actual error.                      

 *** WARNING ***                         ELAPSED TIME =       8.543   TIME= 11:04:05
 The estimated error in isolated selected elements (such as element 473  
 ) defaults to zero regardless of the actual error.                      

 *** WARNING ***                         ELAPSED TIME =       8.545   TIME= 11:04:05
 The estimated error in isolated selected elements (such as element 474  
 ) defaults to zero regardless of the actual error.                      

 *** WARNING ***                         ELAPSED TIME =       8.547   TIME= 11:04:05
 The estimated error in isolated selected elements (such as element 475  
 ) defaults to zero regardless of the actual error.                      

 *** WARNING ***                         ELAPSED TIME =       8.548   TIME= 11:04:05
 The estimated error in isolated selected elements (such as element 476  
 ) defaults to zero regardless of the actual error.                      

 *** WARNING ***                         ELAPSED TIME =       8.550   TIME= 11:04:05
 The estimated error in isolated selected elements (such as element 477  
 ) defaults to zero regardless of the actual error.                      

 *** WARNING ***                         ELAPSED TIME =       8.552   TIME= 11:04:05
 The estimated error in isolated selected elements (such as element 478  
 ) defaults to zero regardless of the actual error.                      

 *** WARNING ***                         ELAPSED TIME =       8.553   TIME= 11:04:05
 The estimated error in isolated selected elements (such as element 479  
 ) defaults to zero regardless of the actual error.                      

 *** WARNING ***                         ELAPSED TIME =       8.555   TIME= 11:04:05
 The estimated error in isolated selected elements (such as element 480  
 ) defaults to zero regardless of the actual error.                      

 *** WARNING ***                         ELAPSED TIME =       8.557   TIME= 11:04:05
 The estimated error in isolated selected elements (such as element 481  
 ) defaults to zero regardless of the actual error.                      

 *** WARNING ***                         ELAPSED TIME =       8.559   TIME= 11:04:05
 The estimated error in isolated selected elements (such as element 482  
 ) defaults to zero regardless of the actual error.                      

 *** WARNING ***                         ELAPSED TIME =       8.560   TIME= 11:04:05
 The estimated error in isolated selected elements (such as element 483  
 ) defaults to zero regardless of the actual error.                      

 *** WARNING ***                         ELAPSED TIME =       8.562   TIME= 11:04:05
 The estimated error in isolated selected elements (such as element 484  
 ) defaults to zero regardless of the actual error.                      

 *** WARNING ***                         ELAPSED TIME =       8.564   TIME= 11:04:05
 The estimated error in isolated selected elements (such as element 485  
 ) defaults to zero regardless of the actual error.                      

 *** WARNING ***                         ELAPSED TIME =       8.565   TIME= 11:04:05
 The estimated error in isolated selected elements (such as element 486  
 ) defaults to zero regardless of the actual error.                      

 *** WARNING ***                         ELAPSED TIME =       8.567   TIME= 11:04:05
 The estimated error in isolated selected elements (such as element 487  
 ) defaults to zero regardless of the actual error.                      

 *** WARNING ***                         ELAPSED TIME =       8.569   TIME= 11:04:05
 The estimated error in isolated selected elements (such as element 488  
 ) defaults to zero regardless of the actual error.                      

 *** WARNING ***                         ELAPSED TIME =       8.570   TIME= 11:04:05
 The estimated error in isolated selected elements (such as element 489  
 ) defaults to zero regardless of the actual error.                      

 *** WARNING ***                         ELAPSED TIME =       8.572   TIME= 11:04:05
 The estimated error in isolated selected elements (such as element 490  
 ) defaults to zero regardless of the actual error.                      

 *** WARNING ***                         ELAPSED TIME =       8.574   TIME= 11:04:05
 The estimated error in isolated selected elements (such as element 491  
 ) defaults to zero regardless of the actual error.                      

 *** WARNING ***                         ELAPSED TIME =       8.575   TIME= 11:04:05
 The estimated error in isolated selected elements (such as element 492  
 ) defaults to zero regardless of the actual error.                      

 *** WARNING ***                         ELAPSED TIME =       8.577   TIME= 11:04:05
 The estimated error in isolated selected elements (such as element 493  
 ) defaults to zero regardless of the actual error.                      

 *** WARNING ***                         ELAPSED TIME =       8.579   TIME= 11:04:05
 The estimated error in isolated selected elements (such as element 494  
 ) defaults to zero regardless of the actual error.                      

 *** WARNING ***                         ELAPSED TIME =       8.581   TIME= 11:04:05
 The estimated error in isolated selected elements (such as element 495  
 ) defaults to zero regardless of the actual error.                      

 *** WARNING ***                         ELAPSED TIME =       8.582   TIME= 11:04:05
 The estimated error in isolated selected elements (such as element 496  
 ) defaults to zero regardless of the actual error.                      

 *** WARNING ***                         ELAPSED TIME =       8.584   TIME= 11:04:05
 The estimated error in isolated selected elements (such as element 497  
 ) defaults to zero regardless of the actual error.                      

 *** WARNING ***                         ELAPSED TIME =       8.586   TIME= 11:04:05
 The estimated error in isolated selected elements (such as element 498  
 ) defaults to zero regardless of the actual error.                      

 *** WARNING ***                         ELAPSED TIME =       8.587   TIME= 11:04:05
 The estimated error in isolated selected elements (such as element 499  
 ) defaults to zero regardless of the actual error.                      

 *** WARNING ***                         ELAPSED TIME =       8.589   TIME= 11:04:05
 The estimated error in isolated selected elements (such as element 500  
 ) defaults to zero regardless of the actual error.                      

 *** WARNING ***                         ELAPSED TIME =       8.591   TIME= 11:04:05
 The estimated error in isolated selected elements (such as element 501  
 ) defaults to zero regardless of the actual error.                      

 *** WARNING ***                         ELAPSED TIME =       8.593   TIME= 11:04:05
 The estimated error in isolated selected elements (such as element 502  
 ) defaults to zero regardless of the actual error.                      

 *** WARNING ***                         ELAPSED TIME =       8.594   TIME= 11:04:05
 The estimated error in isolated selected elements (such as element 503  
 ) defaults to zero regardless of the actual error.                      

 *** WARNING ***                         ELAPSED TIME =       8.596   TIME= 11:04:05
 The estimated error in isolated selected elements (such as element 504  
 ) defaults to zero regardless of the actual error.                      

 *** WARNING ***                         ELAPSED TIME =       8.598   TIME= 11:04:05
 The estimated error in isolated selected elements (such as element 505  
 ) defaults to zero regardless of the actual error.                      

 *** WARNING ***                         ELAPSED TIME =       8.600   TIME= 11:04:05
 The estimated error in isolated selected elements (such as element 506  
 ) defaults to zero regardless of the actual error.                      

 *** WARNING ***                         ELAPSED TIME =       8.601   TIME= 11:04:05
 The estimated error in isolated selected elements (such as element 507  
 ) defaults to zero regardless of the actual error.                      

 *** WARNING ***                         ELAPSED TIME =       8.603   TIME= 11:04:05
 The estimated error in isolated selected elements (such as element 508  
 ) defaults to zero regardless of the actual error.                      

 *** WARNING ***                         ELAPSED TIME =       8.604   TIME= 11:04:05
 The estimated error in isolated selected elements (such as element 509  
 ) defaults to zero regardless of the actual error.                      

 *** WARNING ***                         ELAPSED TIME =       8.607   TIME= 11:04:05
 The estimated error in isolated selected elements (such as element 510  
 ) defaults to zero regardless of the actual error.                      

 *** WARNING ***                         ELAPSED TIME =       8.609   TIME= 11:04:05
 The estimated error in isolated selected elements (such as element 511  
 ) defaults to zero regardless of the actual error.                      

 *** WARNING ***                         ELAPSED TIME =       8.611   TIME= 11:04:05
 The estimated error in isolated selected elements (such as element 512  
 ) defaults to zero regardless of the actual error.                      

 *** WARNING ***                         ELAPSED TIME =       8.613   TIME= 11:04:05
 The estimated error in isolated selected elements (such as element 513  
 ) defaults to zero regardless of the actual error.                      

 *** WARNING ***                         ELAPSED TIME =       8.615   TIME= 11:04:05
 The estimated error in isolated selected elements (such as element 514  
 ) defaults to zero regardless of the actual error.                      

 *** WARNING ***                         ELAPSED TIME =       8.616   TIME= 11:04:05
 The estimated error in isolated selected elements (such as element 515  
 ) defaults to zero regardless of the actual error.                      

 *** WARNING ***                         ELAPSED TIME =       8.618   TIME= 11:04:05
 The estimated error in isolated selected elements (such as element 516  
 ) defaults to zero regardless of the actual error.                      

 *** WARNING ***                         ELAPSED TIME =       8.620   TIME= 11:04:05
 The estimated error in isolated selected elements (such as element 517  
 ) defaults to zero regardless of the actual error.                      

 *** WARNING ***                         ELAPSED TIME =       8.622   TIME= 11:04:05
 The estimated error in isolated selected elements (such as element 518  
 ) defaults to zero regardless of the actual error.                      

 *** WARNING ***                         ELAPSED TIME =       8.623   TIME= 11:04:05
 The estimated error in isolated selected elements (such as element 519  
 ) defaults to zero regardless of the actual error.                      

 *** WARNING ***                         ELAPSED TIME =       8.625   TIME= 11:04:05
 The estimated error in isolated selected elements (such as element 520  
 ) defaults to zero regardless of the actual error.                      

 *** WARNING ***                         ELAPSED TIME =       8.627   TIME= 11:04:05
 The estimated error in isolated selected elements (such as element 521  
 ) defaults to zero regardless of the actual error.                      

 *** WARNING ***                         ELAPSED TIME =       8.628   TIME= 11:04:05
 The estimated error in isolated selected elements (such as element 522  
 ) defaults to zero regardless of the actual error.                      

 *** WARNING ***                         ELAPSED TIME =       8.630   TIME= 11:04:05
 The estimated error in isolated selected elements (such as element 523  
 ) defaults to zero regardless of the actual error.                      

 *** WARNING ***                         ELAPSED TIME =       8.632   TIME= 11:04:05
 The estimated error in isolated selected elements (such as element 524  
 ) defaults to zero regardless of the actual error.                      

 *** WARNING ***                         ELAPSED TIME =       8.634   TIME= 11:04:05
 The estimated error in isolated selected elements (such as element 525  
 ) defaults to zero regardless of the actual error.                      

 *** WARNING ***                         ELAPSED TIME =       8.635   TIME= 11:04:05
 The estimated error in isolated selected elements (such as element 526  
 ) defaults to zero regardless of the actual error.                      

 *** WARNING ***                         ELAPSED TIME =       8.637   TIME= 11:04:05
 The estimated error in isolated selected elements (such as element 527  
 ) defaults to zero regardless of the actual error.                      

 *** WARNING ***                         ELAPSED TIME =       8.639   TIME= 11:04:05
 The estimated error in isolated selected elements (such as element 528  
 ) defaults to zero regardless of the actual error.                      

 *** WARNING ***                         ELAPSED TIME =       8.641   TIME= 11:04:05
 The estimated error in isolated selected elements (such as element 529  
 ) defaults to zero regardless of the actual error.                      

 *** WARNING ***                         ELAPSED TIME =       8.642   TIME= 11:04:05
 The estimated error in isolated selected elements (such as element 530  
 ) defaults to zero regardless of the actual error.                      

 *** WARNING ***                         ELAPSED TIME =       8.644   TIME= 11:04:05
 The estimated error in isolated selected elements (such as element 531  
 ) defaults to zero regardless of the actual error.                      

 *** WARNING ***                         ELAPSED TIME =       8.646   TIME= 11:04:05
 The estimated error in isolated selected elements (such as element 532  
 ) defaults to zero regardless of the actual error.                      

 *** WARNING ***                         ELAPSED TIME =       8.647   TIME= 11:04:05
 The estimated error in isolated selected elements (such as element 533  
 ) defaults to zero regardless of the actual error.                      

 *** WARNING ***                         ELAPSED TIME =       8.649   TIME= 11:04:05
 The estimated error in isolated selected elements (such as element 534  
 ) defaults to zero regardless of the actual error.                      

 *** WARNING ***                         ELAPSED TIME =       8.651   TIME= 11:04:05
 The estimated error in isolated selected elements (such as element 535  
 ) defaults to zero regardless of the actual error.                      

 *** WARNING ***                         ELAPSED TIME =       8.652   TIME= 11:04:05
 The estimated error in isolated selected elements (such as element 536  
 ) defaults to zero regardless of the actual error.                      

 *** WARNING ***                         ELAPSED TIME =       8.655   TIME= 11:04:05
 The estimated error in isolated selected elements (such as element 537  
 ) defaults to zero regardless of the actual error.                      

 *** WARNING ***                         ELAPSED TIME =       8.657   TIME= 11:04:05
 The estimated error in isolated selected elements (such as element 538  
 ) defaults to zero regardless of the actual error.                      

 *** WARNING ***                         ELAPSED TIME =       8.659   TIME= 11:04:05
 The estimated error in isolated selected elements (such as element 539  
 ) defaults to zero regardless of the actual error.                      

 *** WARNING ***                         ELAPSED TIME =       8.661   TIME= 11:04:05
 The estimated error in isolated selected elements (such as element 540  
 ) defaults to zero regardless of the actual error.                      

 *** WARNING ***                         ELAPSED TIME =       8.662   TIME= 11:04:05
 The estimated error in isolated selected elements (such as element 541  
 ) defaults to zero regardless of the actual error.                      

 *** WARNING ***                         ELAPSED TIME =       8.664   TIME= 11:04:05
 The estimated error in isolated selected elements (such as element 542  
 ) defaults to zero regardless of the actual error.                      

 *** WARNING ***                         ELAPSED TIME =       8.666   TIME= 11:04:05
 The estimated error in isolated selected elements (such as element 543  
 ) defaults to zero regardless of the actual error.                      

 *** WARNING ***                         ELAPSED TIME =       8.667   TIME= 11:04:05
 The estimated error in isolated selected elements (such as element 544  
 ) defaults to zero regardless of the actual error.                      

 *** WARNING ***                         ELAPSED TIME =       8.669   TIME= 11:04:05
 The estimated error in isolated selected elements (such as element 545  
 ) defaults to zero regardless of the actual error.                      

 *** WARNING ***                         ELAPSED TIME =       8.671   TIME= 11:04:05
 The estimated error in isolated selected elements (such as element 546  
 ) defaults to zero regardless of the actual error.                      

 *** WARNING ***                         ELAPSED TIME =       8.673   TIME= 11:04:05
 The estimated error in isolated selected elements (such as element 547  
 ) defaults to zero regardless of the actual error.                      

 *** WARNING ***                         ELAPSED TIME =       8.674   TIME= 11:04:05
 The estimated error in isolated selected elements (such as element 548  
 ) defaults to zero regardless of the actual error.                      

 *** WARNING ***                         ELAPSED TIME =       8.676   TIME= 11:04:05
 The estimated error in isolated selected elements (such as element 549  
 ) defaults to zero regardless of the actual error.                      

 *** WARNING ***                         ELAPSED TIME =       8.678   TIME= 11:04:05
 The estimated error in isolated selected elements (such as element 550  
 ) defaults to zero regardless of the actual error.                      

 *** WARNING ***                         ELAPSED TIME =       8.680   TIME= 11:04:05
 The estimated error in isolated selected elements (such as element 551  
 ) defaults to zero regardless of the actual error.                      

 *** WARNING ***                         ELAPSED TIME =       8.681   TIME= 11:04:05
 The estimated error in isolated selected elements (such as element 552  
 ) defaults to zero regardless of the actual error.                      

 *** WARNING ***                         ELAPSED TIME =       8.683   TIME= 11:04:05
 The estimated error in isolated selected elements (such as element 553  
 ) defaults to zero regardless of the actual error.                      

 *** WARNING ***                         ELAPSED TIME =       8.685   TIME= 11:04:05
 The estimated error in isolated selected elements (such as element 554  
 ) defaults to zero regardless of the actual error.                      

 *** WARNING ***                         ELAPSED TIME =       8.687   TIME= 11:04:05
 The estimated error in isolated selected elements (such as element 555  
 ) defaults to zero regardless of the actual error.                      

 *** WARNING ***                         ELAPSED TIME =       8.689   TIME= 11:04:05
 The estimated error in isolated selected elements (such as element 556  
 ) defaults to zero regardless of the actual error.                      

 *** WARNING ***                         ELAPSED TIME =       8.690   TIME= 11:04:05
 The estimated error in isolated selected elements (such as element 557  
 ) defaults to zero regardless of the actual error.                      

 *** WARNING ***                         ELAPSED TIME =       8.692   TIME= 11:04:05
 The estimated error in isolated selected elements (such as element 558  
 ) defaults to zero regardless of the actual error.                      

 *** WARNING ***                         ELAPSED TIME =       8.694   TIME= 11:04:05
 The estimated error in isolated selected elements (such as element 559  
 ) defaults to zero regardless of the actual error.                      

 *** WARNING ***                         ELAPSED TIME =       8.696   TIME= 11:04:05
 The estimated error in isolated selected elements (such as element 560  
 ) defaults to zero regardless of the actual error.                      

 *** WARNING ***                         ELAPSED TIME =       8.698   TIME= 11:04:05
 The estimated error in isolated selected elements (such as element 561  
 ) defaults to zero regardless of the actual error.                      

 *** WARNING ***                         ELAPSED TIME =       8.699   TIME= 11:04:05
 The estimated error in isolated selected elements (such as element 562  
 ) defaults to zero regardless of the actual error.                      

 *** WARNING ***                         ELAPSED TIME =       8.701   TIME= 11:04:05
 The estimated error in isolated selected elements (such as element 563  
 ) defaults to zero regardless of the actual error.                      

 *** WARNING ***                         ELAPSED TIME =       8.703   TIME= 11:04:05
 The estimated error in isolated selected elements (such as element 564  
 ) defaults to zero regardless of the actual error.                      

 *** WARNING ***                         ELAPSED TIME =       8.705   TIME= 11:04:05
 The estimated error in isolated selected elements (such as element 565  
 ) defaults to zero regardless of the actual error.                      

 *** WARNING ***                         ELAPSED TIME =       8.707   TIME= 11:04:05
 The estimated error in isolated selected elements (such as element 566  
 ) defaults to zero regardless of the actual error.                      

 *** WARNING ***                         ELAPSED TIME =       8.708   TIME= 11:04:05
 The estimated error in isolated selected elements (such as element 567  
 ) defaults to zero regardless of the actual error.                      

 *** WARNING ***                         ELAPSED TIME =       8.710   TIME= 11:04:05
 The estimated error in isolated selected elements (such as element 568  
 ) defaults to zero regardless of the actual error.                      

 *** WARNING ***                         ELAPSED TIME =       8.712   TIME= 11:04:05
 The estimated error in isolated selected elements (such as element 569  
 ) defaults to zero regardless of the actual error.                      

 *** WARNING ***                         ELAPSED TIME =       8.713   TIME= 11:04:05
 The estimated error in isolated selected elements (such as element 570  
 ) defaults to zero regardless of the actual error.                      

 *** WARNING ***                         ELAPSED TIME =       8.715   TIME= 11:04:05
 The estimated error in isolated selected elements (such as element 571  
 ) defaults to zero regardless of the actual error.                      

 *** WARNING ***                         ELAPSED TIME =       8.718   TIME= 11:04:05
 The estimated error in isolated selected elements (such as element 572  
 ) defaults to zero regardless of the actual error.                      

 *** WARNING ***                         ELAPSED TIME =       8.719   TIME= 11:04:05
 The estimated error in isolated selected elements (such as element 573  
 ) defaults to zero regardless of the actual error.                      

 *** WARNING ***                         ELAPSED TIME =       8.721   TIME= 11:04:05
 The estimated error in isolated selected elements (such as element 574  
 ) defaults to zero regardless of the actual error.                      

 *** WARNING ***                         ELAPSED TIME =       8.723   TIME= 11:04:05
 The estimated error in isolated selected elements (such as element 575  
 ) defaults to zero regardless of the actual error.                      

 *** WARNING ***                         ELAPSED TIME =       8.725   TIME= 11:04:05
 The estimated error in isolated selected elements (such as element 576  
 ) defaults to zero regardless of the actual error.                      

 *** WARNING ***                         ELAPSED TIME =       8.726   TIME= 11:04:05
 The estimated error in isolated selected elements (such as element 577  
 ) defaults to zero regardless of the actual error.                      

 *** WARNING ***                         ELAPSED TIME =       8.728   TIME= 11:04:05
 The estimated error in isolated selected elements (such as element 578  
 ) defaults to zero regardless of the actual error.                      

 *** WARNING ***                         ELAPSED TIME =       8.730   TIME= 11:04:05
 The estimated error in isolated selected elements (such as element 579  
 ) defaults to zero regardless of the actual error.                      

 *** WARNING ***                         ELAPSED TIME =       8.732   TIME= 11:04:05
 The estimated error in isolated selected elements (such as element 580  
 ) defaults to zero regardless of the actual error.                      

 *** WARNING ***                         ELAPSED TIME =       8.734   TIME= 11:04:05
 The estimated error in isolated selected elements (such as element 581  
 ) defaults to zero regardless of the actual error.                      

 *** WARNING ***                         ELAPSED TIME =       8.738   TIME= 11:04:05
 The estimated error in isolated selected elements (such as element 582  
 ) defaults to zero regardless of the actual error.                      

 *** WARNING ***                         ELAPSED TIME =       8.740   TIME= 11:04:05
 The estimated error in isolated selected elements (such as element 583  
 ) defaults to zero regardless of the actual error.                      

 *** WARNING ***                         ELAPSED TIME =       8.743   TIME= 11:04:05
 The estimated error in isolated selected elements (such as element 584  
 ) defaults to zero regardless of the actual error.                      

 *** WARNING ***                         ELAPSED TIME =       8.745   TIME= 11:04:05
 The estimated error in isolated selected elements (such as element 585  
 ) defaults to zero regardless of the actual error.                      

 *** WARNING ***                         ELAPSED TIME =       8.746   TIME= 11:04:05
 The estimated error in isolated selected elements (such as element 586  
 ) defaults to zero regardless of the actual error.                      

 *** WARNING ***                         ELAPSED TIME =       8.748   TIME= 11:04:05
 The estimated error in isolated selected elements (such as element 587  
 ) defaults to zero regardless of the actual error.                      

 *** WARNING ***                         ELAPSED TIME =       8.750   TIME= 11:04:05
 The estimated error in isolated selected elements (such as element 588  
 ) defaults to zero regardless of the actual error.                      

 *** WARNING ***                         ELAPSED TIME =       8.752   TIME= 11:04:05
 The estimated error in isolated selected elements (such as element 589  
 ) defaults to zero regardless of the actual error.                      

 *** WARNING ***                         ELAPSED TIME =       8.753   TIME= 11:04:05
 The estimated error in isolated selected elements (such as element 590  
 ) defaults to zero regardless of the actual error.                      

 *** WARNING ***                         ELAPSED TIME =       8.755   TIME= 11:04:05
 The estimated error in isolated selected elements (such as element 591  
 ) defaults to zero regardless of the actual error.                      

 *** WARNING ***                         ELAPSED TIME =       8.757   TIME= 11:04:05
 The estimated error in isolated selected elements (such as element 592  
 ) defaults to zero regardless of the actual error.                      

 *** WARNING ***                         ELAPSED TIME =       8.759   TIME= 11:04:05
 The estimated error in isolated selected elements (such as element 593  
 ) defaults to zero regardless of the actual error.                      

 *** WARNING ***                         ELAPSED TIME =       8.760   TIME= 11:04:05
 The estimated error in isolated selected elements (such as element 594  
 ) defaults to zero regardless of the actual error.                      

 *** WARNING ***                         ELAPSED TIME =       8.762   TIME= 11:04:05
 The estimated error in isolated selected elements (such as element 595  
 ) defaults to zero regardless of the actual error.                      

 *** WARNING ***                         ELAPSED TIME =       8.764   TIME= 11:04:05
 The estimated error in isolated selected elements (such as element 596  
 ) defaults to zero regardless of the actual error.                      

 *** WARNING ***                         ELAPSED TIME =       8.766   TIME= 11:04:05
 The estimated error in isolated selected elements (such as element 597  
 ) defaults to zero regardless of the actual error.                      

 *** WARNING ***                         ELAPSED TIME =       8.767   TIME= 11:04:05
 The estimated error in isolated selected elements (such as element 598  
 ) defaults to zero regardless of the actual error.                      

 *** WARNING ***                         ELAPSED TIME =       8.769   TIME= 11:04:05
 The estimated error in isolated selected elements (such as element 599  
 ) defaults to zero regardless of the actual error.                      

 *** WARNING ***                         ELAPSED TIME =       8.771   TIME= 11:04:05
 The estimated error in isolated selected elements (such as element 600  
 ) defaults to zero regardless of the actual error.                      

 *** WARNING ***                         ELAPSED TIME =       8.772   TIME= 11:04:05
 The estimated error in isolated selected elements (such as element 601  
 ) defaults to zero regardless of the actual error.                      

 *** WARNING ***                         ELAPSED TIME =       8.774   TIME= 11:04:05
 The estimated error in isolated selected elements (such as element 602  
 ) defaults to zero regardless of the actual error.                      

 *** WARNING ***                         ELAPSED TIME =       8.776   TIME= 11:04:05
 The estimated error in isolated selected elements (such as element 603  
 ) defaults to zero regardless of the actual error.                      

 *** WARNING ***                         ELAPSED TIME =       8.777   TIME= 11:04:05
 The estimated error in isolated selected elements (such as element 604  
 ) defaults to zero regardless of the actual error.                      

 *** WARNING ***                         ELAPSED TIME =       8.780   TIME= 11:04:05
 The estimated error in isolated selected elements (such as element 605  
 ) defaults to zero regardless of the actual error.                      

 *** WARNING ***                         ELAPSED TIME =       8.782   TIME= 11:04:05
 The estimated error in isolated selected elements (such as element 606  
 ) defaults to zero regardless of the actual error.                      

 *** WARNING ***                         ELAPSED TIME =       8.784   TIME= 11:04:05
 The estimated error in isolated selected elements (such as element 607  
 ) defaults to zero regardless of the actual error.                      

 *** WARNING ***                         ELAPSED TIME =       8.786   TIME= 11:04:05
 The estimated error in isolated selected elements (such as element 608  
 ) defaults to zero regardless of the actual error.                      

 *** WARNING ***                         ELAPSED TIME =       8.787   TIME= 11:04:05
 The estimated error in isolated selected elements (such as element 609  
 ) defaults to zero regardless of the actual error.                      

 *** WARNING ***                         ELAPSED TIME =       8.789   TIME= 11:04:05
 The estimated error in isolated selected elements (such as element 610  
 ) defaults to zero regardless of the actual error.                      

 *** WARNING ***                         ELAPSED TIME =       8.791   TIME= 11:04:05
 The estimated error in isolated selected elements (such as element 611  
 ) defaults to zero regardless of the actual error.                      

 *** WARNING ***                         ELAPSED TIME =       8.792   TIME= 11:04:05
 The estimated error in isolated selected elements (such as element 612  
 ) defaults to zero regardless of the actual error.                      

 *** WARNING ***                         ELAPSED TIME =       8.795   TIME= 11:04:05
 The estimated error in isolated selected elements (such as element 613  
 ) defaults to zero regardless of the actual error.                      

 *** WARNING ***                         ELAPSED TIME =       8.796   TIME= 11:04:05
 The estimated error in isolated selected elements (such as element 614  
 ) defaults to zero regardless of the actual error.                      

 *** WARNING ***                         ELAPSED TIME =       8.798   TIME= 11:04:05
 The estimated error in isolated selected elements (such as element 615  
 ) defaults to zero regardless of the actual error.                      

 *** WARNING ***                         ELAPSED TIME =       8.800   TIME= 11:04:05
 The estimated error in isolated selected elements (such as element 616  
 ) defaults to zero regardless of the actual error.                      

 *** WARNING ***                         ELAPSED TIME =       8.802   TIME= 11:04:05
 The estimated error in isolated selected elements (such as element 617  
 ) defaults to zero regardless of the actual error.                      

 *** WARNING ***                         ELAPSED TIME =       8.803   TIME= 11:04:05
 The estimated error in isolated selected elements (such as element 618  
 ) defaults to zero regardless of the actual error.                      

 *** WARNING ***                         ELAPSED TIME =       8.805   TIME= 11:04:05
 The estimated error in isolated selected elements (such as element 619  
 ) defaults to zero regardless of the actual error.                      

 *** WARNING ***                         ELAPSED TIME =       8.807   TIME= 11:04:05
 The estimated error in isolated selected elements (such as element 620  
 ) defaults to zero regardless of the actual error.                      

 *** WARNING ***                         ELAPSED TIME =       8.808   TIME= 11:04:05
 The estimated error in isolated selected elements (such as element 621  
 ) defaults to zero regardless of the actual error.                      

 *** WARNING ***                         ELAPSED TIME =       8.810   TIME= 11:04:05
 The estimated error in isolated selected elements (such as element 622  
 ) defaults to zero regardless of the actual error.                      

 *** WARNING ***                         ELAPSED TIME =       8.812   TIME= 11:04:05
 The estimated error in isolated selected elements (such as element 623  
 ) defaults to zero regardless of the actual error.                      

 *** WARNING ***                         ELAPSED TIME =       8.814   TIME= 11:04:05
 The estimated error in isolated selected elements (such as element 624  
 ) defaults to zero regardless of the actual error.                      

 *** WARNING ***                         ELAPSED TIME =       8.815   TIME= 11:04:05
 The estimated error in isolated selected elements (such as element 625  
 ) defaults to zero regardless of the actual error.                      

 *** WARNING ***                         ELAPSED TIME =       8.817   TIME= 11:04:05
 The estimated error in isolated selected elements (such as element 626  
 ) defaults to zero regardless of the actual error.                      

 *** WARNING ***                         ELAPSED TIME =       8.819   TIME= 11:04:05
 The estimated error in isolated selected elements (such as element 627  
 ) defaults to zero regardless of the actual error.                      

 *** WARNING ***                         ELAPSED TIME =       8.820   TIME= 11:04:05
 The estimated error in isolated selected elements (such as element 628  
 ) defaults to zero regardless of the actual error.                      

 *** WARNING ***                         ELAPSED TIME =       8.822   TIME= 11:04:05
 The estimated error in isolated selected elements (such as element 629  
 ) defaults to zero regardless of the actual error.                      

 *** WARNING ***                         ELAPSED TIME =       8.824   TIME= 11:04:05
 The estimated error in isolated selected elements (such as element 630  
 ) defaults to zero regardless of the actual error.                      

 *** WARNING ***                         ELAPSED TIME =       8.826   TIME= 11:04:05
 The estimated error in isolated selected elements (such as element 631  
 ) defaults to zero regardless of the actual error.                      

 *** WARNING ***                         ELAPSED TIME =       8.828   TIME= 11:04:05
 The estimated error in isolated selected elements (such as element 632  
 ) defaults to zero regardless of the actual error.                      

 *** WARNING ***                         ELAPSED TIME =       8.829   TIME= 11:04:05
 The estimated error in isolated selected elements (such as element 633  
 ) defaults to zero regardless of the actual error.                      

 *** WARNING ***                         ELAPSED TIME =       8.831   TIME= 11:04:05
 The estimated error in isolated selected elements (such as element 634  
 ) defaults to zero regardless of the actual error.                      

 *** WARNING ***                         ELAPSED TIME =       8.833   TIME= 11:04:05
 The estimated error in isolated selected elements (such as element 635  
 ) defaults to zero regardless of the actual error.                      

 *** WARNING ***                         ELAPSED TIME =       8.834   TIME= 11:04:05
 The estimated error in isolated selected elements (such as element 636  
 ) defaults to zero regardless of the actual error.                      

 *** WARNING ***                         ELAPSED TIME =       8.836   TIME= 11:04:05
 The estimated error in isolated selected elements (such as element 637  
 ) defaults to zero regardless of the actual error.                      

 *** WARNING ***                         ELAPSED TIME =       8.838   TIME= 11:04:05
 The estimated error in isolated selected elements (such as element 638  
 ) defaults to zero regardless of the actual error.                      

 *** WARNING ***                         ELAPSED TIME =       8.839   TIME= 11:04:05
 The estimated error in isolated selected elements (such as element 639  
 ) defaults to zero regardless of the actual error.                      

 *** WARNING ***                         ELAPSED TIME =       8.841   TIME= 11:04:05
 The estimated error in isolated selected elements (such as element 640  
 ) defaults to zero regardless of the actual error.                      

 *** WARNING ***                         ELAPSED TIME =       8.843   TIME= 11:04:05
 The estimated error in isolated selected elements (such as element 641  
 ) defaults to zero regardless of the actual error.                      

 *** WARNING ***                         ELAPSED TIME =       8.845   TIME= 11:04:05
 The estimated error in isolated selected elements (such as element 642  
 ) defaults to zero regardless of the actual error.                      

 *** WARNING ***                         ELAPSED TIME =       8.846   TIME= 11:04:05
 The estimated error in isolated selected elements (such as element 643  
 ) defaults to zero regardless of the actual error.                      

 *** WARNING ***                         ELAPSED TIME =       8.848   TIME= 11:04:05
 The estimated error in isolated selected elements (such as element 644  
 ) defaults to zero regardless of the actual error.                      

 *** WARNING ***                         ELAPSED TIME =       8.850   TIME= 11:04:05
 The estimated error in isolated selected elements (such as element 645  
 ) defaults to zero regardless of the actual error.                      

 *** WARNING ***                         ELAPSED TIME =       8.851   TIME= 11:04:05
 The estimated error in isolated selected elements (such as element 646  
 ) defaults to zero regardless of the actual error.                      

 *** WARNING ***                         ELAPSED TIME =       8.853   TIME= 11:04:05
 The estimated error in isolated selected elements (such as element 647  
 ) defaults to zero regardless of the actual error.                      

 *** WARNING ***                         ELAPSED TIME =       8.855   TIME= 11:04:05
 The estimated error in isolated selected elements (such as element 648  
 ) defaults to zero regardless of the actual error.                      

 *** WARNING ***                         ELAPSED TIME =       8.857   TIME= 11:04:05
 The estimated error in isolated selected elements (such as element 649  
 ) defaults to zero regardless of the actual error.                      

 *** WARNING ***                         ELAPSED TIME =       8.859   TIME= 11:04:05
 The estimated error in isolated selected elements (such as element 650  
 ) defaults to zero regardless of the actual error.                      

 *** WARNING ***                         ELAPSED TIME =       8.861   TIME= 11:04:05
 The estimated error in isolated selected elements (such as element 651  
 ) defaults to zero regardless of the actual error.                      

 *** WARNING ***                         ELAPSED TIME =       8.863   TIME= 11:04:05
 The estimated error in isolated selected elements (such as element 652  
 ) defaults to zero regardless of the actual error.                      

 *** WARNING ***                         ELAPSED TIME =       8.864   TIME= 11:04:05
 The estimated error in isolated selected elements (such as element 653  
 ) defaults to zero regardless of the actual error.                      

 *** WARNING ***                         ELAPSED TIME =       8.866   TIME= 11:04:05
 The estimated error in isolated selected elements (such as element 654  
 ) defaults to zero regardless of the actual error.                      

 *** WARNING ***                         ELAPSED TIME =       8.868   TIME= 11:04:05
 The estimated error in isolated selected elements (such as element 655  
 ) defaults to zero regardless of the actual error.                      

 *** WARNING ***                         ELAPSED TIME =       8.869   TIME= 11:04:05
 The estimated error in isolated selected elements (such as element 656  
 ) defaults to zero regardless of the actual error.                      

 *** WARNING ***                         ELAPSED TIME =       8.871   TIME= 11:04:05
 The estimated error in isolated selected elements (such as element 657  
 ) defaults to zero regardless of the actual error.                      

 *** WARNING ***                         ELAPSED TIME =       8.873   TIME= 11:04:05
 The estimated error in isolated selected elements (such as element 658  
 ) defaults to zero regardless of the actual error.                      

 *** WARNING ***                         ELAPSED TIME =       8.875   TIME= 11:04:05
 The estimated error in isolated selected elements (such as element 659  
 ) defaults to zero regardless of the actual error.                      

 *** WARNING ***                         ELAPSED TIME =       8.877   TIME= 11:04:05
 The estimated error in isolated selected elements (such as element 660  
 ) defaults to zero regardless of the actual error.                      

 *** WARNING ***                         ELAPSED TIME =       8.878   TIME= 11:04:05
 The estimated error in isolated selected elements (such as element 661  
 ) defaults to zero regardless of the actual error.                      

 *** WARNING ***                         ELAPSED TIME =       8.880   TIME= 11:04:05
 The estimated error in isolated selected elements (such as element 662  
 ) defaults to zero regardless of the actual error.                      

 *** WARNING ***                         ELAPSED TIME =       8.882   TIME= 11:04:05
 The estimated error in isolated selected elements (such as element 663  
 ) defaults to zero regardless of the actual error.                      

 *** WARNING ***                         ELAPSED TIME =       8.883   TIME= 11:04:05
 The estimated error in isolated selected elements (such as element 664  
 ) defaults to zero regardless of the actual error.                      

 *** WARNING ***                         ELAPSED TIME =       8.885   TIME= 11:04:05
 The estimated error in isolated selected elements (such as element 665  
 ) defaults to zero regardless of the actual error.                      

 *** WARNING ***                         ELAPSED TIME =       8.887   TIME= 11:04:05
 The estimated error in isolated selected elements (such as element 666  
 ) defaults to zero regardless of the actual error.                      

 *** WARNING ***                         ELAPSED TIME =       8.888   TIME= 11:04:05
 The estimated error in isolated selected elements (such as element 667  
 ) defaults to zero regardless of the actual error.                      

 *** WARNING ***                         ELAPSED TIME =       8.890   TIME= 11:04:05
 The estimated error in isolated selected elements (such as element 668  
 ) defaults to zero regardless of the actual error.                      

 *** WARNING ***                         ELAPSED TIME =       8.892   TIME= 11:04:05
 The estimated error in isolated selected elements (such as element 669  
 ) defaults to zero regardless of the actual error.                      

 *** WARNING ***                         ELAPSED TIME =       8.894   TIME= 11:04:05
 The estimated error in isolated selected elements (such as element 670  
 ) defaults to zero regardless of the actual error.                      

 *** WARNING ***                         ELAPSED TIME =       8.895   TIME= 11:04:05
 The estimated error in isolated selected elements (such as element 671  
 ) defaults to zero regardless of the actual error.                      

 *** WARNING ***                         ELAPSED TIME =       8.897   TIME= 11:04:05
 The estimated error in isolated selected elements (such as element 672  
 ) defaults to zero regardless of the actual error.                      

 *** WARNING ***                         ELAPSED TIME =       8.899   TIME= 11:04:05
 The estimated error in isolated selected elements (such as element 673  
 ) defaults to zero regardless of the actual error.                      

 *** WARNING ***                         ELAPSED TIME =       8.900   TIME= 11:04:05
 The estimated error in isolated selected elements (such as element 674  
 ) defaults to zero regardless of the actual error.                      

 *** WARNING ***                         ELAPSED TIME =       8.902   TIME= 11:04:05
 The estimated error in isolated selected elements (such as element 675  
 ) defaults to zero regardless of the actual error.                      

 *** WARNING ***                         ELAPSED TIME =       8.904   TIME= 11:04:05
 The estimated error in isolated selected elements (such as element 676  
 ) defaults to zero regardless of the actual error.                      

 *** WARNING ***                         ELAPSED TIME =       8.906   TIME= 11:04:05
 The estimated error in isolated selected elements (such as element 677  
 ) defaults to zero regardless of the actual error.                      

 *** WARNING ***                         ELAPSED TIME =       8.907   TIME= 11:04:05
 The estimated error in isolated selected elements (such as element 678  
 ) defaults to zero regardless of the actual error.                      

 *** WARNING ***                         ELAPSED TIME =       8.909   TIME= 11:04:05
 The estimated error in isolated selected elements (such as element 679  
 ) defaults to zero regardless of the actual error.                      

 *** WARNING ***                         ELAPSED TIME =       8.911   TIME= 11:04:05
 The estimated error in isolated selected elements (such as element 680  
 ) defaults to zero regardless of the actual error.                      

 *** WARNING ***                         ELAPSED TIME =       8.913   TIME= 11:04:05
 The estimated error in isolated selected elements (such as element 681  
 ) defaults to zero regardless of the actual error.                      

 *** WARNING ***                         ELAPSED TIME =       8.914   TIME= 11:04:05
 The estimated error in isolated selected elements (such as element 682  
 ) defaults to zero regardless of the actual error.                      

 *** WARNING ***                         ELAPSED TIME =       8.916   TIME= 11:04:05
 The estimated error in isolated selected elements (such as element 683  
 ) defaults to zero regardless of the actual error.                      

 *** WARNING ***                         ELAPSED TIME =       8.918   TIME= 11:04:05
 The estimated error in isolated selected elements (such as element 684  
 ) defaults to zero regardless of the actual error.                      

 *** WARNING ***                         ELAPSED TIME =       8.919   TIME= 11:04:05
 The estimated error in isolated selected elements (such as element 685  
 ) defaults to zero regardless of the actual error.                      

 *** WARNING ***                         ELAPSED TIME =       8.921   TIME= 11:04:05
 The estimated error in isolated selected elements (such as element 686  
 ) defaults to zero regardless of the actual error.                      

 *** WARNING ***                         ELAPSED TIME =       8.923   TIME= 11:04:05
 The estimated error in isolated selected elements (such as element 687  
 ) defaults to zero regardless of the actual error.                      

 *** WARNING ***                         ELAPSED TIME =       8.925   TIME= 11:04:05
 The estimated error in isolated selected elements (such as element 688  
 ) defaults to zero regardless of the actual error.                      

 *** WARNING ***                         ELAPSED TIME =       8.926   TIME= 11:04:05
 The estimated error in isolated selected elements (such as element 689  
 ) defaults to zero regardless of the actual error.                      

 *** WARNING ***                         ELAPSED TIME =       8.928   TIME= 11:04:05
 The estimated error in isolated selected elements (such as element 690  
 ) defaults to zero regardless of the actual error.                      

 *** WARNING ***                         ELAPSED TIME =       8.930   TIME= 11:04:05
 The estimated error in isolated selected elements (such as element 691  
 ) defaults to zero regardless of the actual error.                      

 *** WARNING ***                         ELAPSED TIME =       8.931   TIME= 11:04:05
 The estimated error in isolated selected elements (such as element 692  
 ) defaults to zero regardless of the actual error.                      

 *** WARNING ***                         ELAPSED TIME =       8.933   TIME= 11:04:05
 The estimated error in isolated selected elements (such as element 693  
 ) defaults to zero regardless of the actual error.                      

 *** WARNING ***                         ELAPSED TIME =       8.935   TIME= 11:04:05
 The estimated error in isolated selected elements (such as element 694  
 ) defaults to zero regardless of the actual error.                      

 *** WARNING ***                         ELAPSED TIME =       8.937   TIME= 11:04:05
 The estimated error in isolated selected elements (such as element 695  
 ) defaults to zero regardless of the actual error.                      

 *** WARNING ***                         ELAPSED TIME =       8.939   TIME= 11:04:05
 The estimated error in isolated selected elements (such as element 696  
 ) defaults to zero regardless of the actual error.                      

 *** WARNING ***                         ELAPSED TIME =       8.940   TIME= 11:04:05
 The estimated error in isolated selected elements (such as element 697  
 ) defaults to zero regardless of the actual error.                      

 *** WARNING ***                         ELAPSED TIME =       8.942   TIME= 11:04:05
 The estimated error in isolated selected elements (such as element 698  
 ) defaults to zero regardless of the actual error.                      

 *** WARNING ***                         ELAPSED TIME =       8.944   TIME= 11:04:05
 The estimated error in isolated selected elements (such as element 699  
 ) defaults to zero regardless of the actual error.                      

 *** WARNING ***                         ELAPSED TIME =       8.946   TIME= 11:04:05
 The estimated error in isolated selected elements (such as element 700  
 ) defaults to zero regardless of the actual error.                      

 *** WARNING ***                         ELAPSED TIME =       8.947   TIME= 11:04:05
 The estimated error in isolated selected elements (such as element 701  
 ) defaults to zero regardless of the actual error.                      

 *** WARNING ***                         ELAPSED TIME =       8.949   TIME= 11:04:05
 The estimated error in isolated selected elements (such as element 702  
 ) defaults to zero regardless of the actual error.                      

 *** WARNING ***                         ELAPSED TIME =       8.951   TIME= 11:04:05
 The estimated error in isolated selected elements (such as element 703  
 ) defaults to zero regardless of the actual error.                      

 *** WARNING ***                         ELAPSED TIME =       8.952   TIME= 11:04:05
 The estimated error in isolated selected elements (such as element 704  
 ) defaults to zero regardless of the actual error.                      

 *** WARNING ***                         ELAPSED TIME =       8.954   TIME= 11:04:05
 The estimated error in isolated selected elements (such as element 705  
 ) defaults to zero regardless of the actual error.                      

 *** WARNING ***                         ELAPSED TIME =       8.956   TIME= 11:04:05
 The estimated error in isolated selected elements (such as element 706  
 ) defaults to zero regardless of the actual error.                      

 *** WARNING ***                         ELAPSED TIME =       8.957   TIME= 11:04:05
 The estimated error in isolated selected elements (such as element 707  
 ) defaults to zero regardless of the actual error.                      

 *** WARNING ***                         ELAPSED TIME =       8.959   TIME= 11:04:05
 The estimated error in isolated selected elements (such as element 708  
 ) defaults to zero regardless of the actual error.                      

 *** WARNING ***                         ELAPSED TIME =       8.961   TIME= 11:04:05
 The estimated error in isolated selected elements (such as element 709  
 ) defaults to zero regardless of the actual error.                      

 *** WARNING ***                         ELAPSED TIME =       8.962   TIME= 11:04:05
 The estimated error in isolated selected elements (such as element 710  
 ) defaults to zero regardless of the actual error.                      

 *** WARNING ***                         ELAPSED TIME =       8.964   TIME= 11:04:05
 The estimated error in isolated selected elements (such as element 711  
 ) defaults to zero regardless of the actual error.                      

 *** WARNING ***                         ELAPSED TIME =       8.966   TIME= 11:04:05
 The estimated error in isolated selected elements (such as element 712  
 ) defaults to zero regardless of the actual error.                      

 *** WARNING ***                         ELAPSED TIME =       8.967   TIME= 11:04:05
 The estimated error in isolated selected elements (such as element 713  
 ) defaults to zero regardless of the actual error.                      

 *** WARNING ***                         ELAPSED TIME =       8.970   TIME= 11:04:05
 The estimated error in isolated selected elements (such as element 714  
 ) defaults to zero regardless of the actual error.                      

 *** WARNING ***                         ELAPSED TIME =       8.972   TIME= 11:04:05
 The estimated error in isolated selected elements (such as element 715  
 ) defaults to zero regardless of the actual error.                      

 *** WARNING ***                         ELAPSED TIME =       8.973   TIME= 11:04:05
 The estimated error in isolated selected elements (such as element 716  
 ) defaults to zero regardless of the actual error.                      

 *** WARNING ***                         ELAPSED TIME =       8.975   TIME= 11:04:05
 The estimated error in isolated selected elements (such as element 717  
 ) defaults to zero regardless of the actual error.                      

 *** WARNING ***                         ELAPSED TIME =       8.977   TIME= 11:04:05
 The estimated error in isolated selected elements (such as element 718  
 ) defaults to zero regardless of the actual error.                      

 *** WARNING ***                         ELAPSED TIME =       8.979   TIME= 11:04:05
 The estimated error in isolated selected elements (such as element 719  
 ) defaults to zero regardless of the actual error.                      

 *** WARNING ***                         ELAPSED TIME =       8.980   TIME= 11:04:05
 The estimated error in isolated selected elements (such as element 720  
 ) defaults to zero regardless of the actual error.                      

 *** WARNING ***                         ELAPSED TIME =       8.982   TIME= 11:04:05
 The estimated error in isolated selected elements (such as element 721  
 ) defaults to zero regardless of the actual error.                      

 *** WARNING ***                         ELAPSED TIME =       8.984   TIME= 11:04:05
 The estimated error in isolated selected elements (such as element 722  
 ) defaults to zero regardless of the actual error.                      

 *** WARNING ***                         ELAPSED TIME =       8.986   TIME= 11:04:05
 The estimated error in isolated selected elements (such as element 723  
 ) defaults to zero regardless of the actual error.                      

 *** WARNING ***                         ELAPSED TIME =       8.988   TIME= 11:04:05
 The estimated error in isolated selected elements (such as element 724  
 ) defaults to zero regardless of the actual error.                      

 *** WARNING ***                         ELAPSED TIME =       8.989   TIME= 11:04:05
 The estimated error in isolated selected elements (such as element 725  
 ) defaults to zero regardless of the actual error.                      

 *** WARNING ***                         ELAPSED TIME =       8.991   TIME= 11:04:05
 The estimated error in isolated selected elements (such as element 726  
 ) defaults to zero regardless of the actual error.                      

 *** WARNING ***                         ELAPSED TIME =       8.993   TIME= 11:04:05
 The estimated error in isolated selected elements (such as element 727  
 ) defaults to zero regardless of the actual error.                      

 *** WARNING ***                         ELAPSED TIME =       8.995   TIME= 11:04:05
 The estimated error in isolated selected elements (such as element 728  
 ) defaults to zero regardless of the actual error.                      

 *** WARNING ***                         ELAPSED TIME =       8.996   TIME= 11:04:05
 The estimated error in isolated selected elements (such as element 729  
 ) defaults to zero regardless of the actual error.                      

 *** WARNING ***                         ELAPSED TIME =       8.998   TIME= 11:04:05
 The estimated error in isolated selected elements (such as element 730  
 ) defaults to zero regardless of the actual error.                      

 *** WARNING ***                         ELAPSED TIME =       9.000   TIME= 11:04:05
 The estimated error in isolated selected elements (such as element 731  
 ) defaults to zero regardless of the actual error.                      

 *** WARNING ***                         ELAPSED TIME =       9.002   TIME= 11:04:05
 The estimated error in isolated selected elements (such as element 732  
 ) defaults to zero regardless of the actual error.                      

 *** WARNING ***                         ELAPSED TIME =       9.004   TIME= 11:04:05
 The estimated error in isolated selected elements (such as element 733  
 ) defaults to zero regardless of the actual error.                      

 *** WARNING ***                         ELAPSED TIME =       9.006   TIME= 11:04:05
 The estimated error in isolated selected elements (such as element 734  
 ) defaults to zero regardless of the actual error.                      

 *** WARNING ***                         ELAPSED TIME =       9.007   TIME= 11:04:05
 The estimated error in isolated selected elements (such as element 735  
 ) defaults to zero regardless of the actual error.                      

 *** WARNING ***                         ELAPSED TIME =       9.009   TIME= 11:04:05
 The estimated error in isolated selected elements (such as element 736  
 ) defaults to zero regardless of the actual error.                      

 *** WARNING ***                         ELAPSED TIME =       9.011   TIME= 11:04:05
 The estimated error in isolated selected elements (such as element 737  
 ) defaults to zero regardless of the actual error.                      

 *** WARNING ***                         ELAPSED TIME =       9.013   TIME= 11:04:05
 The estimated error in isolated selected elements (such as element 738  
 ) defaults to zero regardless of the actual error.                      

 *** WARNING ***                         ELAPSED TIME =       9.014   TIME= 11:04:05
 The estimated error in isolated selected elements (such as element 739  
 ) defaults to zero regardless of the actual error.                      

 *** WARNING ***                         ELAPSED TIME =       9.016   TIME= 11:04:05
 The estimated error in isolated selected elements (such as element 740  
 ) defaults to zero regardless of the actual error.                      

 *** WARNING ***                         ELAPSED TIME =       9.018   TIME= 11:04:05
 The estimated error in isolated selected elements (such as element 741  
 ) defaults to zero regardless of the actual error.                      

 *** WARNING ***                         ELAPSED TIME =       9.020   TIME= 11:04:05
 The estimated error in isolated selected elements (such as element 742  
 ) defaults to zero regardless of the actual error.                      

 *** WARNING ***                         ELAPSED TIME =       9.021   TIME= 11:04:05
 The estimated error in isolated selected elements (such as element 743  
 ) defaults to zero regardless of the actual error.                      

 *** WARNING ***                         ELAPSED TIME =       9.023   TIME= 11:04:05
 The estimated error in isolated selected elements (such as element 744  
 ) defaults to zero regardless of the actual error.                      

 *** WARNING ***                         ELAPSED TIME =       9.025   TIME= 11:04:05
 The estimated error in isolated selected elements (such as element 745  
 ) defaults to zero regardless of the actual error.                      

 *** WARNING ***                         ELAPSED TIME =       9.026   TIME= 11:04:05
 The estimated error in isolated selected elements (such as element 746  
 ) defaults to zero regardless of the actual error.                      

 *** WARNING ***                         ELAPSED TIME =       9.028   TIME= 11:04:05
 The estimated error in isolated selected elements (such as element 747  
 ) defaults to zero regardless of the actual error.                      

 *** WARNING ***                         ELAPSED TIME =       9.030   TIME= 11:04:05
 The estimated error in isolated selected elements (such as element 748  
 ) defaults to zero regardless of the actual error.                      

 *** WARNING ***                         ELAPSED TIME =       9.032   TIME= 11:04:05
 The estimated error in isolated selected elements (such as element 749  
 ) defaults to zero regardless of the actual error.                      

 *** WARNING ***                         ELAPSED TIME =       9.034   TIME= 11:04:05
 The estimated error in isolated selected elements (such as element 750  
 ) defaults to zero regardless of the actual error.                      

 *** WARNING ***                         ELAPSED TIME =       9.036   TIME= 11:04:05
 The estimated error in isolated selected elements (such as element 751  
 ) defaults to zero regardless of the actual error.                      

 *** WARNING ***                         ELAPSED TIME =       9.038   TIME= 11:04:05
 The estimated error in isolated selected elements (such as element 752  
 ) defaults to zero regardless of the actual error.                      

 *** WARNING ***                         ELAPSED TIME =       9.039   TIME= 11:04:05
 The estimated error in isolated selected elements (such as element 753  
 ) defaults to zero regardless of the actual error.                      

 *** WARNING ***                         ELAPSED TIME =       9.041   TIME= 11:04:05
 The estimated error in isolated selected elements (such as element 754  
 ) defaults to zero regardless of the actual error.                      

 *** WARNING ***                         ELAPSED TIME =       9.043   TIME= 11:04:05
 The estimated error in isolated selected elements (such as element 755  
 ) defaults to zero regardless of the actual error.                      

 *** WARNING ***                         ELAPSED TIME =       9.044   TIME= 11:04:05
 The estimated error in isolated selected elements (such as element 756  
 ) defaults to zero regardless of the actual error.                      

 *** WARNING ***                         ELAPSED TIME =       9.046   TIME= 11:04:05
 The estimated error in isolated selected elements (such as element 757  
 ) defaults to zero regardless of the actual error.                      

 *** WARNING ***                         ELAPSED TIME =       9.048   TIME= 11:04:05
 The estimated error in isolated selected elements (such as element 758  
 ) defaults to zero regardless of the actual error.                      

 *** WARNING ***                         ELAPSED TIME =       9.050   TIME= 11:04:05
 The estimated error in isolated selected elements (such as element 759  
 ) defaults to zero regardless of the actual error.                      

 *** WARNING ***                         ELAPSED TIME =       9.051   TIME= 11:04:05
 The estimated error in isolated selected elements (such as element 760  
 ) defaults to zero regardless of the actual error.                      

 *** WARNING ***                         ELAPSED TIME =       9.053   TIME= 11:04:05
 The estimated error in isolated selected elements (such as element 761  
 ) defaults to zero regardless of the actual error.                      

 *** WARNING ***                         ELAPSED TIME =       9.055   TIME= 11:04:05
 The estimated error in isolated selected elements (such as element 762  
 ) defaults to zero regardless of the actual error.                      

 *** WARNING ***                         ELAPSED TIME =       9.056   TIME= 11:04:05
 The estimated error in isolated selected elements (such as element 763  
 ) defaults to zero regardless of the actual error.                      

 *** WARNING ***                         ELAPSED TIME =       9.058   TIME= 11:04:05
 The estimated error in isolated selected elements (such as element 764  
 ) defaults to zero regardless of the actual error.                      

 *** WARNING ***                         ELAPSED TIME =       9.060   TIME= 11:04:05
 The estimated error in isolated selected elements (such as element 765  
 ) defaults to zero regardless of the actual error.                      

 *** WARNING ***                         ELAPSED TIME =       9.061   TIME= 11:04:05
 The estimated error in isolated selected elements (such as element 766  
 ) defaults to zero regardless of the actual error.                      

 *** WARNING ***                         ELAPSED TIME =       9.063   TIME= 11:04:05
 The estimated error in isolated selected elements (such as element 767  
 ) defaults to zero regardless of the actual error.                      

 *** WARNING ***                         ELAPSED TIME =       9.065   TIME= 11:04:05
 The estimated error in isolated selected elements (such as element 768  
 ) defaults to zero regardless of the actual error.                      

 *** WARNING ***                         ELAPSED TIME =       9.066   TIME= 11:04:05
 The estimated error in isolated selected elements (such as element 769  
 ) defaults to zero regardless of the actual error.                      

 *** WARNING ***                         ELAPSED TIME =       9.068   TIME= 11:04:05
 The estimated error in isolated selected elements (such as element 770  
 ) defaults to zero regardless of the actual error.                      

 *** WARNING ***                         ELAPSED TIME =       9.070   TIME= 11:04:05
 The estimated error in isolated selected elements (such as element 771  
 ) defaults to zero regardless of the actual error.                      

 *** WARNING ***                         ELAPSED TIME =       9.071   TIME= 11:04:05
 The estimated error in isolated selected elements (such as element 772  
 ) defaults to zero regardless of the actual error.                      

 *** WARNING ***                         ELAPSED TIME =       9.073   TIME= 11:04:05
 The estimated error in isolated selected elements (such as element 773  
 ) defaults to zero regardless of the actual error.                      

 *** WARNING ***                         ELAPSED TIME =       9.075   TIME= 11:04:05
 The estimated error in isolated selected elements (such as element 774  
 ) defaults to zero regardless of the actual error.                      

 *** WARNING ***                         ELAPSED TIME =       9.077   TIME= 11:04:05
 The estimated error in isolated selected elements (such as element 775  
 ) defaults to zero regardless of the actual error.                      

 *** WARNING ***                         ELAPSED TIME =       9.078   TIME= 11:04:05
 The estimated error in isolated selected elements (such as element 776  
 ) defaults to zero regardless of the actual error.                      

 *** WARNING ***                         ELAPSED TIME =       9.080   TIME= 11:04:05
 The estimated error in isolated selected elements (such as element 777  
 ) defaults to zero regardless of the actual error.                      

 *** WARNING ***                         ELAPSED TIME =       9.082   TIME= 11:04:05
 The estimated error in isolated selected elements (such as element 778  
 ) defaults to zero regardless of the actual error.                      

 *** WARNING ***                         ELAPSED TIME =       9.083   TIME= 11:04:05
 The estimated error in isolated selected elements (such as element 779  
 ) defaults to zero regardless of the actual error.                      

 *** WARNING ***                         ELAPSED TIME =       9.085   TIME= 11:04:05
 The estimated error in isolated selected elements (such as element 780  
 ) defaults to zero regardless of the actual error.                      

 *** WARNING ***                         ELAPSED TIME =       9.087   TIME= 11:04:05
 The estimated error in isolated selected elements (such as element 781  
 ) defaults to zero regardless of the actual error.                      

 *** WARNING ***                         ELAPSED TIME =       9.088   TIME= 11:04:05
 The estimated error in isolated selected elements (such as element 782  
 ) defaults to zero regardless of the actual error.                      

 *** WARNING ***                         ELAPSED TIME =       9.090   TIME= 11:04:05
 The estimated error in isolated selected elements (such as element 783  
 ) defaults to zero regardless of the actual error.                      

 *** WARNING ***                         ELAPSED TIME =       9.092   TIME= 11:04:05
 The estimated error in isolated selected elements (such as element 784  
 ) defaults to zero regardless of the actual error.                      

 *** WARNING ***                         ELAPSED TIME =       9.093   TIME= 11:04:05
 The estimated error in isolated selected elements (such as element 785  
 ) defaults to zero regardless of the actual error.                      

 *** WARNING ***                         ELAPSED TIME =       9.095   TIME= 11:04:05
 The estimated error in isolated selected elements (such as element 786  
 ) defaults to zero regardless of the actual error.                      

 *** WARNING ***                         ELAPSED TIME =       9.097   TIME= 11:04:05
 The estimated error in isolated selected elements (such as element 787  
 ) defaults to zero regardless of the actual error.                      

 *** WARNING ***                         ELAPSED TIME =       9.099   TIME= 11:04:05
 The estimated error in isolated selected elements (such as element 788  
 ) defaults to zero regardless of the actual error.                      

 *** WARNING ***                         ELAPSED TIME =       9.101   TIME= 11:04:05
 The estimated error in isolated selected elements (such as element 789  
 ) defaults to zero regardless of the actual error.                      

 *** WARNING ***                         ELAPSED TIME =       9.102   TIME= 11:04:05
 The estimated error in isolated selected elements (such as element 790  
 ) defaults to zero regardless of the actual error.                      

 *** WARNING ***                         ELAPSED TIME =       9.104   TIME= 11:04:05
 The estimated error in isolated selected elements (such as element 791  
 ) defaults to zero regardless of the actual error.                      

 *** WARNING ***                         ELAPSED TIME =       9.106   TIME= 11:04:05
 The estimated error in isolated selected elements (such as element 792  
 ) defaults to zero regardless of the actual error.                      

 *** WARNING ***                         ELAPSED TIME =       9.108   TIME= 11:04:05
 The estimated error in isolated selected elements (such as element 793  
 ) defaults to zero regardless of the actual error.                      

 *** WARNING ***                         ELAPSED TIME =       9.109   TIME= 11:04:05
 The estimated error in isolated selected elements (such as element 794  
 ) defaults to zero regardless of the actual error.                      

 *** WARNING ***                         ELAPSED TIME =       9.111   TIME= 11:04:05
 The estimated error in isolated selected elements (such as element 795  
 ) defaults to zero regardless of the actual error.                      

 *** WARNING ***                         ELAPSED TIME =       9.113   TIME= 11:04:05
 The estimated error in isolated selected elements (such as element 796  
 ) defaults to zero regardless of the actual error.                      

 *** WARNING ***                         ELAPSED TIME =       9.115   TIME= 11:04:05
 The estimated error in isolated selected elements (such as element 797  
 ) defaults to zero regardless of the actual error.                      

 *** WARNING ***                         ELAPSED TIME =       9.117   TIME= 11:04:05
 The estimated error in isolated selected elements (such as element 798  
 ) defaults to zero regardless of the actual error.                      

 *** WARNING ***                         ELAPSED TIME =       9.118   TIME= 11:04:05
 The estimated error in isolated selected elements (such as element 799  
 ) defaults to zero regardless of the actual error.                      

 *** WARNING ***                         ELAPSED TIME =       9.120   TIME= 11:04:05
 The estimated error in isolated selected elements (such as element 800  
 ) defaults to zero regardless of the actual error.                      

 *** WARNING ***                         ELAPSED TIME =       9.122   TIME= 11:04:05
 The estimated error in isolated selected elements (such as element 801  
 ) defaults to zero regardless of the actual error.                      

 *** WARNING ***                         ELAPSED TIME =       9.123   TIME= 11:04:05
 The estimated error in isolated selected elements (such as element 802  
 ) defaults to zero regardless of the actual error.                      

 *** WARNING ***                         ELAPSED TIME =       9.125   TIME= 11:04:05
 The estimated error in isolated selected elements (such as element 803  
 ) defaults to zero regardless of the actual error.                      

 *** WARNING ***                         ELAPSED TIME =       9.127   TIME= 11:04:05
 The estimated error in isolated selected elements (such as element 804  
 ) defaults to zero regardless of the actual error.                      

 *** WARNING ***                         ELAPSED TIME =       9.129   TIME= 11:04:05
 The estimated error in isolated selected elements (such as element 805  
 ) defaults to zero regardless of the actual error.                      

 *** WARNING ***                         ELAPSED TIME =       9.130   TIME= 11:04:05
 The estimated error in isolated selected elements (such as element 806  
 ) defaults to zero regardless of the actual error.                      

 *** WARNING ***                         ELAPSED TIME =       9.132   TIME= 11:04:05
 The estimated error in isolated selected elements (such as element 807  
 ) defaults to zero regardless of the actual error.                      

 *** WARNING ***                         ELAPSED TIME =       9.134   TIME= 11:04:05
 The estimated error in isolated selected elements (such as element 808  
 ) defaults to zero regardless of the actual error.                      

 *** WARNING ***                         ELAPSED TIME =       9.136   TIME= 11:04:05
 The estimated error in isolated selected elements (such as element 809  
 ) defaults to zero regardless of the actual error.                      

 *** WARNING ***                         ELAPSED TIME =       9.137   TIME= 11:04:05
 The estimated error in isolated selected elements (such as element 810  
 ) defaults to zero regardless of the actual error.                      

 *** WARNING ***                         ELAPSED TIME =       9.139   TIME= 11:04:05
 The estimated error in isolated selected elements (such as element 811  
 ) defaults to zero regardless of the actual error.                      

 *** WARNING ***                         ELAPSED TIME =       9.141   TIME= 11:04:05
 The estimated error in isolated selected elements (such as element 812  
 ) defaults to zero regardless of the actual error.                      

 *** WARNING ***                         ELAPSED TIME =       9.142   TIME= 11:04:05
 The estimated error in isolated selected elements (such as element 813  
 ) defaults to zero regardless of the actual error.                      

 *** WARNING ***                         ELAPSED TIME =       9.144   TIME= 11:04:05
 The estimated error in isolated selected elements (such as element 814  
 ) defaults to zero regardless of the actual error.                      

 *** WARNING ***                         ELAPSED TIME =       9.146   TIME= 11:04:05
 The estimated error in isolated selected elements (such as element 815  
 ) defaults to zero regardless of the actual error.                      

 *** WARNING ***                         ELAPSED TIME =       9.148   TIME= 11:04:05
 The estimated error in isolated selected elements (such as element 816  
 ) defaults to zero regardless of the actual error.                      

 *** WARNING ***                         ELAPSED TIME =       9.149   TIME= 11:04:05
 The estimated error in isolated selected elements (such as element 817  
 ) defaults to zero regardless of the actual error.                      

 *** WARNING ***                         ELAPSED TIME =       9.151   TIME= 11:04:05
 The estimated error in isolated selected elements (such as element 818  
 ) defaults to zero regardless of the actual error.                      

 *** WARNING ***                         ELAPSED TIME =       9.153   TIME= 11:04:05
 The estimated error in isolated selected elements (such as element 819  
 ) defaults to zero regardless of the actual error.                      

 *** WARNING ***                         ELAPSED TIME =       9.154   TIME= 11:04:05
 The estimated error in isolated selected elements (such as element 820  
 ) defaults to zero regardless of the actual error.                      

 *** WARNING ***                         ELAPSED TIME =       9.156   TIME= 11:04:05
 The estimated error in isolated selected elements (such as element 821  
 ) defaults to zero regardless of the actual error.                      

 *** WARNING ***                         ELAPSED TIME =       9.159   TIME= 11:04:05
 The estimated error in isolated selected elements (such as element 822  
 ) defaults to zero regardless of the actual error.                      

 *** WARNING ***                         ELAPSED TIME =       9.160   TIME= 11:04:05
 The estimated error in isolated selected elements (such as element 823  
 ) defaults to zero regardless of the actual error.                      

 *** WARNING ***                         ELAPSED TIME =       9.162   TIME= 11:04:05
 The estimated error in isolated selected elements (such as element 824  
 ) defaults to zero regardless of the actual error.                      

 *** WARNING ***                         ELAPSED TIME =       9.164   TIME= 11:04:05
 The estimated error in isolated selected elements (such as element 825  
 ) defaults to zero regardless of the actual error.                      

 *** WARNING ***                         ELAPSED TIME =       9.166   TIME= 11:04:05
 The estimated error in isolated selected elements (such as element 826  
 ) defaults to zero regardless of the actual error.                      

 *** WARNING ***                         ELAPSED TIME =       9.167   TIME= 11:04:05
 The estimated error in isolated selected elements (such as element 827  
 ) defaults to zero regardless of the actual error.                      

 *** WARNING ***                         ELAPSED TIME =       9.169   TIME= 11:04:05
 The estimated error in isolated selected elements (such as element 828  
 ) defaults to zero regardless of the actual error.                      

 *** WARNING ***                         ELAPSED TIME =       9.171   TIME= 11:04:05
 The estimated error in isolated selected elements (such as element 829  
 ) defaults to zero regardless of the actual error.                      

 *** WARNING ***                         ELAPSED TIME =       9.173   TIME= 11:04:05
 The estimated error in isolated selected elements (such as element 830  
 ) defaults to zero regardless of the actual error.                      

 *** WARNING ***                         ELAPSED TIME =       9.175   TIME= 11:04:05
 The estimated error in isolated selected elements (such as element 831  
 ) defaults to zero regardless of the actual error.                      

 *** WARNING ***                         ELAPSED TIME =       9.177   TIME= 11:04:05
 The estimated error in isolated selected elements (such as element 832  
 ) defaults to zero regardless of the actual error.                      

 *** WARNING ***                         ELAPSED TIME =       9.179   TIME= 11:04:05
 The estimated error in isolated selected elements (such as element 833  
 ) defaults to zero regardless of the actual error.                      

 *** WARNING ***                         ELAPSED TIME =       9.181   TIME= 11:04:05
 The estimated error in isolated selected elements (such as element 834  
 ) defaults to zero regardless of the actual error.                      

 *** WARNING ***                         ELAPSED TIME =       9.183   TIME= 11:04:06
 The estimated error in isolated selected elements (such as element 835  
 ) defaults to zero regardless of the actual error.                      

 *** WARNING ***                         ELAPSED TIME =       9.185   TIME= 11:04:06
 The estimated error in isolated selected elements (such as element 836  
 ) defaults to zero regardless of the actual error.                      

 *** WARNING ***                         ELAPSED TIME =       9.186   TIME= 11:04:06
 The estimated error in isolated selected elements (such as element 837  
 ) defaults to zero regardless of the actual error.                      

 *** WARNING ***                         ELAPSED TIME =       9.188   TIME= 11:04:06
 The estimated error in isolated selected elements (such as element 838  
 ) defaults to zero regardless of the actual error.                      

 *** WARNING ***                         ELAPSED TIME =       9.191   TIME= 11:04:06
 The estimated error in isolated selected elements (such as element 839  
 ) defaults to zero regardless of the actual error.                      

 *** WARNING ***                         ELAPSED TIME =       9.193   TIME= 11:04:06
 The estimated error in isolated selected elements (such as element 840  
 ) defaults to zero regardless of the actual error.                      

 *** WARNING ***                         ELAPSED TIME =       9.194   TIME= 11:04:06
 The estimated error in isolated selected elements (such as element 841  
 ) defaults to zero regardless of the actual error.                      

 *** WARNING ***                         ELAPSED TIME =       9.196   TIME= 11:04:06
 The estimated error in isolated selected elements (such as element 842  
 ) defaults to zero regardless of the actual error.                      

 *** WARNING ***                         ELAPSED TIME =       9.198   TIME= 11:04:06
 The estimated error in isolated selected elements (such as element 843  
 ) defaults to zero regardless of the actual error.                      

 *** WARNING ***                         ELAPSED TIME =       9.200   TIME= 11:04:06
 The estimated error in isolated selected elements (such as element 844  
 ) defaults to zero regardless of the actual error.                      

 *** WARNING ***                         ELAPSED TIME =       9.201   TIME= 11:04:06
 The estimated error in isolated selected elements (such as element 845  
 ) defaults to zero regardless of the actual error.                      

 *** WARNING ***                         ELAPSED TIME =       9.203   TIME= 11:04:06
 The estimated error in isolated selected elements (such as element 846  
 ) defaults to zero regardless of the actual error.                      

 *** WARNING ***                         ELAPSED TIME =       9.205   TIME= 11:04:06
 The estimated error in isolated selected elements (such as element 847  
 ) defaults to zero regardless of the actual error.                      

 *** WARNING ***                         ELAPSED TIME =       9.207   TIME= 11:04:06
 The estimated error in isolated selected elements (such as element 848  
 ) defaults to zero regardless of the actual error.                      

 *** WARNING ***                         ELAPSED TIME =       9.209   TIME= 11:04:06
 The estimated error in isolated selected elements (such as element 849  
 ) defaults to zero regardless of the actual error.                      

 *** WARNING ***                         ELAPSED TIME =       9.210   TIME= 11:04:06
 The estimated error in isolated selected elements (such as element 850  
 ) defaults to zero regardless of the actual error.                      

 *** WARNING ***                         ELAPSED TIME =       9.212   TIME= 11:04:06
 The estimated error in isolated selected elements (such as element 851  
 ) defaults to zero regardless of the actual error.                      

 *** WARNING ***                         ELAPSED TIME =       9.214   TIME= 11:04:06
 The estimated error in isolated selected elements (such as element 852  
 ) defaults to zero regardless of the actual error.                      

 *** WARNING ***                         ELAPSED TIME =       9.215   TIME= 11:04:06
 The estimated error in isolated selected elements (such as element 853  
 ) defaults to zero regardless of the actual error.                      

 *** WARNING ***                         ELAPSED TIME =       9.217   TIME= 11:04:06
 The estimated error in isolated selected elements (such as element 854  
 ) defaults to zero regardless of the actual error.                      

 *** WARNING ***                         ELAPSED TIME =       9.219   TIME= 11:04:06
 The estimated error in isolated selected elements (such as element 855  
 ) defaults to zero regardless of the actual error.                      

 *** WARNING ***                         ELAPSED TIME =       9.221   TIME= 11:04:06
 The estimated error in isolated selected elements (such as element 856  
 ) defaults to zero regardless of the actual error.                      

 *** WARNING ***                         ELAPSED TIME =       9.223   TIME= 11:04:06
 The estimated error in isolated selected elements (such as element 857  
 ) defaults to zero regardless of the actual error.                      

 *** WARNING ***                         ELAPSED TIME =       9.224   TIME= 11:04:06
 The estimated error in isolated selected elements (such as element 858  
 ) defaults to zero regardless of the actual error.                      

 *** WARNING ***                         ELAPSED TIME =       9.226   TIME= 11:04:06
 The estimated error in isolated selected elements (such as element 859  
 ) defaults to zero regardless of the actual error.                      

 *** WARNING ***                         ELAPSED TIME =       9.228   TIME= 11:04:06
 The estimated error in isolated selected elements (such as element 860  
 ) defaults to zero regardless of the actual error.                      

 *** WARNING ***                         ELAPSED TIME =       9.230   TIME= 11:04:06
 The estimated error in isolated selected elements (such as element 861  
 ) defaults to zero regardless of the actual error.                      

 *** WARNING ***                         ELAPSED TIME =       9.231   TIME= 11:04:06
 The estimated error in isolated selected elements (such as element 862  
 ) defaults to zero regardless of the actual error.                      

 *** WARNING ***                         ELAPSED TIME =       9.233   TIME= 11:04:06
 The estimated error in isolated selected elements (such as element 863  
 ) defaults to zero regardless of the actual error.                      

 *** WARNING ***                         ELAPSED TIME =       9.235   TIME= 11:04:06
 The estimated error in isolated selected elements (such as element 864  
 ) defaults to zero regardless of the actual error.                      

 *** WARNING ***                         ELAPSED TIME =       9.237   TIME= 11:04:06
 The estimated error in isolated selected elements (such as element 865  
 ) defaults to zero regardless of the actual error.                      

 *** WARNING ***                         ELAPSED TIME =       9.239   TIME= 11:04:06
 The estimated error in isolated selected elements (such as element 866  
 ) defaults to zero regardless of the actual error.                      

 *** WARNING ***                         ELAPSED TIME =       9.241   TIME= 11:04:06
 The estimated error in isolated selected elements (such as element 867  
 ) defaults to zero regardless of the actual error.                      

 *** WARNING ***                         ELAPSED TIME =       9.242   TIME= 11:04:06
 The estimated error in isolated selected elements (such as element 868  
 ) defaults to zero regardless of the actual error.                      

 *** WARNING ***                         ELAPSED TIME =       9.244   TIME= 11:04:06
 The estimated error in isolated selected elements (such as element 869  
 ) defaults to zero regardless of the actual error.                      

 *** WARNING ***                         ELAPSED TIME =       9.246   TIME= 11:04:06
 The estimated error in isolated selected elements (such as element 870  
 ) defaults to zero regardless of the actual error.                      

 *** WARNING ***                         ELAPSED TIME =       9.247   TIME= 11:04:06
 The estimated error in isolated selected elements (such as element 871  
 ) defaults to zero regardless of the actual error.                      

 *** WARNING ***                         ELAPSED TIME =       9.249   TIME= 11:04:06
 The estimated error in isolated selected elements (such as element 872  
 ) defaults to zero regardless of the actual error.                      

 *** WARNING ***                         ELAPSED TIME =       9.251   TIME= 11:04:06
 The estimated error in isolated selected elements (such as element 873  
 ) defaults to zero regardless of the actual error.                      

 *** WARNING ***                         ELAPSED TIME =       9.253   TIME= 11:04:06
 The estimated error in isolated selected elements (such as element 874  
 ) defaults to zero regardless of the actual error.                      

 *** WARNING ***                         ELAPSED TIME =       9.255   TIME= 11:04:06
 The estimated error in isolated selected elements (such as element 875  
 ) defaults to zero regardless of the actual error.                      

 *** WARNING ***                         ELAPSED TIME =       9.257   TIME= 11:04:06
 The estimated error in isolated selected elements (such as element 876  
 ) defaults to zero regardless of the actual error.                      

 *** WARNING ***                         ELAPSED TIME =       9.259   TIME= 11:04:06
 The estimated error in isolated selected elements (such as element 877  
 ) defaults to zero regardless of the actual error.                      

 *** WARNING ***                         ELAPSED TIME =       9.260   TIME= 11:04:06
 The estimated error in isolated selected elements (such as element 878  
 ) defaults to zero regardless of the actual error.                      

 *** WARNING ***                         ELAPSED TIME =       9.262   TIME= 11:04:06
 The estimated error in isolated selected elements (such as element 879  
 ) defaults to zero regardless of the actual error.                      

 *** WARNING ***                         ELAPSED TIME =       9.264   TIME= 11:04:06
 The estimated error in isolated selected elements (such as element 880  
 ) defaults to zero regardless of the actual error.                      

 *** WARNING ***                         ELAPSED TIME =       9.265   TIME= 11:04:06
 The estimated error in isolated selected elements (such as element 881  
 ) defaults to zero regardless of the actual error.                      

 *** WARNING ***                         ELAPSED TIME =       9.267   TIME= 11:04:06
 The estimated error in isolated selected elements (such as element 882  
 ) defaults to zero regardless of the actual error.                      

 *** WARNING ***                         ELAPSED TIME =       9.269   TIME= 11:04:06
 The estimated error in isolated selected elements (such as element 883  
 ) defaults to zero regardless of the actual error.                      

 *** WARNING ***                         ELAPSED TIME =       9.271   TIME= 11:04:06
 The estimated error in isolated selected elements (such as element 884  
 ) defaults to zero regardless of the actual error.                      

 *** WARNING ***                         ELAPSED TIME =       9.272   TIME= 11:04:06
 The estimated error in isolated selected elements (such as element 885  
 ) defaults to zero regardless of the actual error.                      

 *** WARNING ***                         ELAPSED TIME =       9.274   TIME= 11:04:06
 The estimated error in isolated selected elements (such as element 886  
 ) defaults to zero regardless of the actual error.                      

 *** WARNING ***                         ELAPSED TIME =       9.276   TIME= 11:04:06
 The estimated error in isolated selected elements (such as element 887  
 ) defaults to zero regardless of the actual error.                      

 *** WARNING ***                         ELAPSED TIME =       9.278   TIME= 11:04:06
 The estimated error in isolated selected elements (such as element 888  
 ) defaults to zero regardless of the actual error.                      

 *** WARNING ***                         ELAPSED TIME =       9.279   TIME= 11:04:06
 The estimated error in isolated selected elements (such as element 889  
 ) defaults to zero regardless of the actual error.                      

 *** WARNING ***                         ELAPSED TIME =       9.281   TIME= 11:04:06
 The estimated error in isolated selected elements (such as element 890  
 ) defaults to zero regardless of the actual error.                      

 *** WARNING ***                         ELAPSED TIME =       9.283   TIME= 11:04:06
 The estimated error in isolated selected elements (such as element 891  
 ) defaults to zero regardless of the actual error.                      

 *** WARNING ***                         ELAPSED TIME =       9.285   TIME= 11:04:06
 The estimated error in isolated selected elements (such as element 892  
 ) defaults to zero regardless of the actual error.                      

 *** WARNING ***                         ELAPSED TIME =       9.287   TIME= 11:04:06
 The estimated error in isolated selected elements (such as element 893  
 ) defaults to zero regardless of the actual error.                      

 *** WARNING ***                         ELAPSED TIME =       9.289   TIME= 11:04:06
 The estimated error in isolated selected elements (such as element 894  
 ) defaults to zero regardless of the actual error.                      

 *** WARNING ***                         ELAPSED TIME =       9.291   TIME= 11:04:06
 The estimated error in isolated selected elements (such as element 895  
 ) defaults to zero regardless of the actual error.                      

 *** WARNING ***                         ELAPSED TIME =       9.292   TIME= 11:04:06
 The estimated error in isolated selected elements (such as element 896  
 ) defaults to zero regardless of the actual error.                      

 *** WARNING ***                         ELAPSED TIME =       9.294   TIME= 11:04:06
 The estimated error in isolated selected elements (such as element 897  
 ) defaults to zero regardless of the actual error.                      

 *** WARNING ***                         ELAPSED TIME =       9.296   TIME= 11:04:06
 The estimated error in isolated selected elements (such as element 898  
 ) defaults to zero regardless of the actual error.                      

 *** WARNING ***                         ELAPSED TIME =       9.298   TIME= 11:04:06
 The estimated error in isolated selected elements (such as element 899  
 ) defaults to zero regardless of the actual error.                      

 *** WARNING ***                         ELAPSED TIME =       9.300   TIME= 11:04:06
 The estimated error in isolated selected elements (such as element 900  
 ) defaults to zero regardless of the actual error.                      

 *** WARNING ***                         ELAPSED TIME =       9.301   TIME= 11:04:06
 The estimated error in isolated selected elements (such as element 901  
 ) defaults to zero regardless of the actual error.                      

 *** WARNING ***                         ELAPSED TIME =       9.303   TIME= 11:04:06
 The estimated error in isolated selected elements (such as element 902  
 ) defaults to zero regardless of the actual error.                      

 *** WARNING ***                         ELAPSED TIME =       9.305   TIME= 11:04:06
 The estimated error in isolated selected elements (such as element 903  
 ) defaults to zero regardless of the actual error.                      

 *** WARNING ***                         ELAPSED TIME =       9.307   TIME= 11:04:06
 The estimated error in isolated selected elements (such as element 904  
 ) defaults to zero regardless of the actual error.                      

 *** WARNING ***                         ELAPSED TIME =       9.308   TIME= 11:04:06
 The estimated error in isolated selected elements (such as element 905  
 ) defaults to zero regardless of the actual error.                      

 *** WARNING ***                         ELAPSED TIME =       9.310   TIME= 11:04:06
 The estimated error in isolated selected elements (such as element 906  
 ) defaults to zero regardless of the actual error.                      

 *** WARNING ***                         ELAPSED TIME =       9.312   TIME= 11:04:06
 The estimated error in isolated selected elements (such as element 907  
 ) defaults to zero regardless of the actual error.                      

 *** WARNING ***                         ELAPSED TIME =       9.313   TIME= 11:04:06
 The estimated error in isolated selected elements (such as element 908  
 ) defaults to zero regardless of the actual error.                      

 *** WARNING ***                         ELAPSED TIME =       9.316   TIME= 11:04:06
 The estimated error in isolated selected elements (such as element 909  
 ) defaults to zero regardless of the actual error.                      

 *** WARNING ***                         ELAPSED TIME =       9.317   TIME= 11:04:06
 The estimated error in isolated selected elements (such as element 910  
 ) defaults to zero regardless of the actual error.                      

 *** WARNING ***                         ELAPSED TIME =       9.319   TIME= 11:04:06
 The estimated error in isolated selected elements (such as element 911  
 ) defaults to zero regardless of the actual error.                      

 *** WARNING ***                         ELAPSED TIME =       9.321   TIME= 11:04:06
 The estimated error in isolated selected elements (such as element 912  
 ) defaults to zero regardless of the actual error.                      

 *** WARNING ***                         ELAPSED TIME =       9.322   TIME= 11:04:06
 The estimated error in isolated selected elements (such as element 913  
 ) defaults to zero regardless of the actual error.                      

 *** WARNING ***                         ELAPSED TIME =       9.324   TIME= 11:04:06
 The estimated error in isolated selected elements (such as element 914  
 ) defaults to zero regardless of the actual error.                      

 *** WARNING ***                         ELAPSED TIME =       9.326   TIME= 11:04:06
 The estimated error in isolated selected elements (such as element 915  
 ) defaults to zero regardless of the actual error.                      

 *** WARNING ***                         ELAPSED TIME =       9.328   TIME= 11:04:06
 The estimated error in isolated selected elements (such as element 916  
 ) defaults to zero regardless of the actual error.                      

 *** WARNING ***                         ELAPSED TIME =       9.329   TIME= 11:04:06
 The estimated error in isolated selected elements (such as element 917  
 ) defaults to zero regardless of the actual error.                      

 *** WARNING ***                         ELAPSED TIME =       9.331   TIME= 11:04:06
 The estimated error in isolated selected elements (such as element 918  
 ) defaults to zero regardless of the actual error.                      

 *** WARNING ***                         ELAPSED TIME =       9.333   TIME= 11:04:06
 The estimated error in isolated selected elements (such as element 919  
 ) defaults to zero regardless of the actual error.                      

 *** WARNING ***                         ELAPSED TIME =       9.335   TIME= 11:04:06
 The estimated error in isolated selected elements (such as element 920  
 ) defaults to zero regardless of the actual error.                      

 *** WARNING ***                         ELAPSED TIME =       9.336   TIME= 11:04:06
 The estimated error in isolated selected elements (such as element 921  
 ) defaults to zero regardless of the actual error.                      

 *** WARNING ***                         ELAPSED TIME =       9.338   TIME= 11:04:06
 The estimated error in isolated selected elements (such as element 922  
 ) defaults to zero regardless of the actual error.                      

 *** WARNING ***                         ELAPSED TIME =       9.340   TIME= 11:04:06
 The estimated error in isolated selected elements (such as element 923  
 ) defaults to zero regardless of the actual error.                      

 *** WARNING ***                         ELAPSED TIME =       9.341   TIME= 11:04:06
 The estimated error in isolated selected elements (such as element 924  
 ) defaults to zero regardless of the actual error.                      

 *** WARNING ***                         ELAPSED TIME =       9.343   TIME= 11:04:06
 The estimated error in isolated selected elements (such as element 925  
 ) defaults to zero regardless of the actual error.                      

 *** WARNING ***                         ELAPSED TIME =       9.345   TIME= 11:04:06
 The estimated error in isolated selected elements (such as element 926  
 ) defaults to zero regardless of the actual error.                      

 *** WARNING ***                         ELAPSED TIME =       9.347   TIME= 11:04:06
 The estimated error in isolated selected elements (such as element 927  
 ) defaults to zero regardless of the actual error.                      

 *** WARNING ***                         ELAPSED TIME =       9.349   TIME= 11:04:06
 The estimated error in isolated selected elements (such as element 928  
 ) defaults to zero regardless of the actual error.                      

 *** WARNING ***                         ELAPSED TIME =       9.351   TIME= 11:04:06
 The estimated error in isolated selected elements (such as element 929  
 ) defaults to zero regardless of the actual error.                      

 *** WARNING ***                         ELAPSED TIME =       9.353   TIME= 11:04:06
 The estimated error in isolated selected elements (such as element 930  
 ) defaults to zero regardless of the actual error.                      

 *** WARNING ***                         ELAPSED TIME =       9.355   TIME= 11:04:06
 The estimated error in isolated selected elements (such as element 931  
 ) defaults to zero regardless of the actual error.                      

 *** WARNING ***                         ELAPSED TIME =       9.356   TIME= 11:04:06
 The estimated error in isolated selected elements (such as element 932  
 ) defaults to zero regardless of the actual error.                      

 *** WARNING ***                         ELAPSED TIME =       9.358   TIME= 11:04:06
 The estimated error in isolated selected elements (such as element 933  
 ) defaults to zero regardless of the actual error.                      

 *** WARNING ***                         ELAPSED TIME =       9.360   TIME= 11:04:06
 The estimated error in isolated selected elements (such as element 934  
 ) defaults to zero regardless of the actual error.                      

 *** WARNING ***                         ELAPSED TIME =       9.361   TIME= 11:04:06
 The estimated error in isolated selected elements (such as element 935  
 ) defaults to zero regardless of the actual error.                      

 *** WARNING ***                         ELAPSED TIME =       9.364   TIME= 11:04:06
 The estimated error in isolated selected elements (such as element 936  
 ) defaults to zero regardless of the actual error.                      

 *** WARNING ***                         ELAPSED TIME =       9.366   TIME= 11:04:06
 The estimated error in isolated selected elements (such as element 937  
 ) defaults to zero regardless of the actual error.                      

 *** WARNING ***                         ELAPSED TIME =       9.367   TIME= 11:04:06
 The estimated error in isolated selected elements (such as element 938  
 ) defaults to zero regardless of the actual error.                      

 *** WARNING ***                         ELAPSED TIME =       9.369   TIME= 11:04:06
 The estimated error in isolated selected elements (such as element 939  
 ) defaults to zero regardless of the actual error.                      

 *** WARNING ***                         ELAPSED TIME =       9.371   TIME= 11:04:06
 The estimated error in isolated selected elements (such as element 940  
 ) defaults to zero regardless of the actual error.                      

 *** WARNING ***                         ELAPSED TIME =       9.372   TIME= 11:04:06
 The estimated error in isolated selected elements (such as element 941  
 ) defaults to zero regardless of the actual error.                      

 *** WARNING ***                         ELAPSED TIME =       9.374   TIME= 11:04:06
 The estimated error in isolated selected elements (such as element 942  
 ) defaults to zero regardless of the actual error.                      

 *** WARNING ***                         ELAPSED TIME =       9.376   TIME= 11:04:06
 The estimated error in isolated selected elements (such as element 943  
 ) defaults to zero regardless of the actual error.                      

 *** WARNING ***                         ELAPSED TIME =       9.378   TIME= 11:04:06
 The estimated error in isolated selected elements (such as element 944  
 ) defaults to zero regardless of the actual error.                      

 *** WARNING ***                         ELAPSED TIME =       9.379   TIME= 11:04:06
 The estimated error in isolated selected elements (such as element 945  
 ) defaults to zero regardless of the actual error.                      

 *** WARNING ***                         ELAPSED TIME =       9.381   TIME= 11:04:06
 The estimated error in isolated selected elements (such as element 946  
 ) defaults to zero regardless of the actual error.                      

 *** WARNING ***                         ELAPSED TIME =       9.383   TIME= 11:04:06
 The estimated error in isolated selected elements (such as element 947  
 ) defaults to zero regardless of the actual error.                      

 *** WARNING ***                         ELAPSED TIME =       9.384   TIME= 11:04:06
 The estimated error in isolated selected elements (such as element 948  
 ) defaults to zero regardless of the actual error.                      

 *** WARNING ***                         ELAPSED TIME =       9.386   TIME= 11:04:06
 The estimated error in isolated selected elements (such as element 949  
 ) defaults to zero regardless of the actual error.                      

 *** WARNING ***                         ELAPSED TIME =       9.388   TIME= 11:04:06
 The estimated error in isolated selected elements (such as element 950  
 ) defaults to zero regardless of the actual error.                      

 *** WARNING ***                         ELAPSED TIME =       9.389   TIME= 11:04:06
 The estimated error in isolated selected elements (such as element 951  
 ) defaults to zero regardless of the actual error.                      

 *** WARNING ***                         ELAPSED TIME =       9.391   TIME= 11:04:06
 The estimated error in isolated selected elements (such as element 952  
 ) defaults to zero regardless of the actual error.                      

 *** WARNING ***                         ELAPSED TIME =       9.393   TIME= 11:04:06
 The estimated error in isolated selected elements (such as element 953  
 ) defaults to zero regardless of the actual error.                      

 *** WARNING ***                         ELAPSED TIME =       9.395   TIME= 11:04:06
 The estimated error in isolated selected elements (such as element 954  
 ) defaults to zero regardless of the actual error.                      

 *** WARNING ***                         ELAPSED TIME =       9.396   TIME= 11:04:06
 The estimated error in isolated selected elements (such as element 955  
 ) defaults to zero regardless of the actual error.                      

 *** WARNING ***                         ELAPSED TIME =       9.398   TIME= 11:04:06
 The estimated error in isolated selected elements (such as element 956  
 ) defaults to zero regardless of the actual error.                      

 *** WARNING ***                         ELAPSED TIME =       9.400   TIME= 11:04:06
 The estimated error in isolated selected elements (such as element 957  
 ) defaults to zero regardless of the actual error.                      

 *** WARNING ***                         ELAPSED TIME =       9.402   TIME= 11:04:06
 The estimated error in isolated selected elements (such as element 958  
 ) defaults to zero regardless of the actual error.                      

 *** WARNING ***                         ELAPSED TIME =       9.403   TIME= 11:04:06
 The estimated error in isolated selected elements (such as element 959  
 ) defaults to zero regardless of the actual error.                      

 *** WARNING ***                         ELAPSED TIME =       9.405   TIME= 11:04:06
 The estimated error in isolated selected elements (such as element 960  
 ) defaults to zero regardless of the actual error.                      

 *** WARNING ***                         ELAPSED TIME =       9.407   TIME= 11:04:06
 The estimated error in isolated selected elements (such as element 961  
 ) defaults to zero regardless of the actual error.                      

 *** WARNING ***                         ELAPSED TIME =       9.408   TIME= 11:04:06
 The estimated error in isolated selected elements (such as element 962  
 ) defaults to zero regardless of the actual error.                      

 *** WARNING ***                         ELAPSED TIME =       9.411   TIME= 11:04:06
 The estimated error in isolated selected elements (such as element 963  
 ) defaults to zero regardless of the actual error.                      

 *** WARNING ***                         ELAPSED TIME =       9.413   TIME= 11:04:06
 The estimated error in isolated selected elements (such as element 964  
 ) defaults to zero regardless of the actual error.                      

 *** WARNING ***                         ELAPSED TIME =       9.415   TIME= 11:04:06
 The estimated error in isolated selected elements (such as element 965  
 ) defaults to zero regardless of the actual error.                      

 *** WARNING ***                         ELAPSED TIME =       9.417   TIME= 11:04:06
 The estimated error in isolated selected elements (such as element 966  
 ) defaults to zero regardless of the actual error.                      

 *** WARNING ***                         ELAPSED TIME =       9.418   TIME= 11:04:06
 The estimated error in isolated selected elements (such as element 967  
 ) defaults to zero regardless of the actual error.                      

 *** WARNING ***                         ELAPSED TIME =       9.420   TIME= 11:04:06
 The estimated error in isolated selected elements (such as element 968  
 ) defaults to zero regardless of the actual error.                      

 *** WARNING ***                         ELAPSED TIME =       9.422   TIME= 11:04:06
 The estimated error in isolated selected elements (such as element 969  
 ) defaults to zero regardless of the actual error.                      

 *** WARNING ***                         ELAPSED TIME =       9.423   TIME= 11:04:06
 The estimated error in isolated selected elements (such as element 970  
 ) defaults to zero regardless of the actual error.                      

 *** WARNING ***                         ELAPSED TIME =       9.425   TIME= 11:04:06
 The estimated error in isolated selected elements (such as element 971  
 ) defaults to zero regardless of the actual error.                      

 *** WARNING ***                         ELAPSED TIME =       9.428   TIME= 11:04:06
 The estimated error in isolated selected elements (such as element 972  
 ) defaults to zero regardless of the actual error.                      

 *** WARNING ***                         ELAPSED TIME =       9.430   TIME= 11:04:06
 The estimated error in isolated selected elements (such as element 973  
 ) defaults to zero regardless of the actual error.                      

 *** WARNING ***                         ELAPSED TIME =       9.431   TIME= 11:04:06
 The estimated error in isolated selected elements (such as element 974  
 ) defaults to zero regardless of the actual error.                      

 *** WARNING ***                         ELAPSED TIME =       9.433   TIME= 11:04:06
 The estimated error in isolated selected elements (such as element 975  
 ) defaults to zero regardless of the actual error.                      

 *** WARNING ***                         ELAPSED TIME =       9.435   TIME= 11:04:06
 The estimated error in isolated selected elements (such as element 976  
 ) defaults to zero regardless of the actual error.                      

 *** WARNING ***                         ELAPSED TIME =       9.437   TIME= 11:04:06
 The estimated error in isolated selected elements (such as element 977  
 ) defaults to zero regardless of the actual error.                      

 *** WARNING ***                         ELAPSED TIME =       9.438   TIME= 11:04:06
 The estimated error in isolated selected elements (such as element 978  
 ) defaults to zero regardless of the actual error.                      

 *** WARNING ***                         ELAPSED TIME =       9.440   TIME= 11:04:06
 The estimated error in isolated selected elements (such as element 979  
 ) defaults to zero regardless of the actual error.                      

 *** WARNING ***                         ELAPSED TIME =       9.442   TIME= 11:04:06
 The estimated error in isolated selected elements (such as element 980  
 ) defaults to zero regardless of the actual error.                      

 *** WARNING ***                         ELAPSED TIME =       9.444   TIME= 11:04:06
 The estimated error in isolated selected elements (such as element 981  
 ) defaults to zero regardless of the actual error.                      

 *** WARNING ***                         ELAPSED TIME =       9.445   TIME= 11:04:06
 The estimated error in isolated selected elements (such as element 982  
 ) defaults to zero regardless of the actual error.                      

 *** WARNING ***                         ELAPSED TIME =       9.447   TIME= 11:04:06
 The estimated error in isolated selected elements (such as element 983  
 ) defaults to zero regardless of the actual error.                      

 *** WARNING ***                         ELAPSED TIME =       9.449   TIME= 11:04:06
 The estimated error in isolated selected elements (such as element 984  
 ) defaults to zero regardless of the actual error.                      

 *** WARNING ***                         ELAPSED TIME =       9.451   TIME= 11:04:06
 The estimated error in isolated selected elements (such as element 985  
 ) defaults to zero regardless of the actual error.                      

 *** WARNING ***                         ELAPSED TIME =       9.452   TIME= 11:04:06
 The estimated error in isolated selected elements (such as element 986  
 ) defaults to zero regardless of the actual error.                      

 *** WARNING ***                         ELAPSED TIME =       9.454   TIME= 11:04:06
 The estimated error in isolated selected elements (such as element 987  
 ) defaults to zero regardless of the actual error.                      

 *** WARNING ***                         ELAPSED TIME =       9.456   TIME= 11:04:06
 The estimated error in isolated selected elements (such as element 988  
 ) defaults to zero regardless of the actual error.                      

 *** WARNING ***                         ELAPSED TIME =       9.457   TIME= 11:04:06
 The estimated error in isolated selected elements (such as element 989  
 ) defaults to zero regardless of the actual error.                      

 *** WARNING ***                         ELAPSED TIME =       9.459   TIME= 11:04:06
 The estimated error in isolated selected elements (such as element 990  
 ) defaults to zero regardless of the actual error.                      

 *** WARNING ***                         ELAPSED TIME =       9.461   TIME= 11:04:06
 The estimated error in isolated selected elements (such as element 991  
 ) defaults to zero regardless of the actual error.                      

 *** WARNING ***                         ELAPSED TIME =       9.463   TIME= 11:04:06
 The estimated error in isolated selected elements (such as element 992  
 ) defaults to zero regardless of the actual error.                      

 *** WARNING ***                         ELAPSED TIME =       9.464   TIME= 11:04:06
 The estimated error in isolated selected elements (such as element 993  
 ) defaults to zero regardless of the actual error.                      

 *** WARNING ***                         ELAPSED TIME =       9.466   TIME= 11:04:06
 The estimated error in isolated selected elements (such as element 994  
 ) defaults to zero regardless of the actual error.                      

 *** WARNING ***                         ELAPSED TIME =       9.468   TIME= 11:04:06
 The estimated error in isolated selected elements (such as element 995  
 ) defaults to zero regardless of the actual error.                      

 *** WARNING ***                         ELAPSED TIME =       9.469   TIME= 11:04:06
 The estimated error in isolated selected elements (such as element 996  
 ) defaults to zero regardless of the actual error.                      

 *** WARNING ***                         ELAPSED TIME =       9.471   TIME= 11:04:06
 The estimated error in isolated selected elements (such as element 997  
 ) defaults to zero regardless of the actual error.                      

 *** WARNING ***                         ELAPSED TIME =       9.473   TIME= 11:04:06
 The estimated error in isolated selected elements (such as element 998  
 ) defaults to zero regardless of the actual error.                      

 *** WARNING ***                         ELAPSED TIME =       9.476   TIME= 11:04:06
 The estimated error in isolated selected elements (such as element 999  
 ) defaults to zero regardless of the actual error.                      

 *** WARNING ***                         ELAPSED TIME =       9.478   TIME= 11:04:06
 The estimated error in isolated selected elements (such as element 1000 
 ) defaults to zero regardless of the actual error.                      

 *** WARNING ***                         ELAPSED TIME =       9.480   TIME= 11:04:06
 The estimated error in isolated selected elements (such as element 1001 
 ) defaults to zero regardless of the actual error.                      

 *** WARNING ***                         ELAPSED TIME =       9.481   TIME= 11:04:06
 The estimated error in isolated selected elements (such as element 1002 
 ) defaults to zero regardless of the actual error.                      

 *** WARNING ***                         ELAPSED TIME =       9.483   TIME= 11:04:06
 The estimated error in isolated selected elements (such as element 1003 
 ) defaults to zero regardless of the actual error.                      

 *** WARNING ***                         ELAPSED TIME =       9.485   TIME= 11:04:06
 The estimated error in isolated selected elements (such as element 1004 
 ) defaults to zero regardless of the actual error.                      

 *** WARNING ***                         ELAPSED TIME =       9.487   TIME= 11:04:06
 The estimated error in isolated selected elements (such as element 1005 
 ) defaults to zero regardless of the actual error.                      

 *** WARNING ***                         ELAPSED TIME =       9.488   TIME= 11:04:06
 The estimated error in isolated selected elements (such as element 1006 
 ) defaults to zero regardless of the actual error.                      

 *** WARNING ***                         ELAPSED TIME =       9.491   TIME= 11:04:06
 The estimated error in isolated selected elements (such as element 1007 
 ) defaults to zero regardless of the actual error.                      

 *** WARNING ***                         ELAPSED TIME =       9.492   TIME= 11:04:06
 The estimated error in isolated selected elements (such as element 1008 
 ) defaults to zero regardless of the actual error.                      

 *** WARNING ***                         ELAPSED TIME =       9.494   TIME= 11:04:06
 The estimated error in isolated selected elements (such as element 1009 
 ) defaults to zero regardless of the actual error.                      

 *** WARNING ***                         ELAPSED TIME =       9.496   TIME= 11:04:06
 The estimated error in isolated selected elements (such as element 1010 
 ) defaults to zero regardless of the actual error.                      

 *** WARNING ***                         ELAPSED TIME =       9.498   TIME= 11:04:06
 The estimated error in isolated selected elements (such as element 1011 
 ) defaults to zero regardless of the actual error.                      

 *** WARNING ***                         ELAPSED TIME =       9.499   TIME= 11:04:06
 The estimated error in isolated selected elements (such as element 1012 
 ) defaults to zero regardless of the actual error.                      

 *** WARNING ***                         ELAPSED TIME =       9.501   TIME= 11:04:06
 The estimated error in isolated selected elements (such as element 1013 
 ) defaults to zero regardless of the actual error.                      

 *** WARNING ***                         ELAPSED TIME =       9.503   TIME= 11:04:06
 The estimated error in isolated selected elements (such as element 1014 
 ) defaults to zero regardless of the actual error.                      

 *** WARNING ***                         ELAPSED TIME =       9.504   TIME= 11:04:06
 The estimated error in isolated selected elements (such as element 1015 
 ) defaults to zero regardless of the actual error.                      

 *** WARNING ***                         ELAPSED TIME =       9.506   TIME= 11:04:06
 The estimated error in isolated selected elements (such as element 1016 
 ) defaults to zero regardless of the actual error.                      

 *** WARNING ***                         ELAPSED TIME =       9.508   TIME= 11:04:06
 The estimated error in isolated selected elements (such as element 1017 
 ) defaults to zero regardless of the actual error.                      

 *** WARNING ***                         ELAPSED TIME =       9.510   TIME= 11:04:06
 The estimated error in isolated selected elements (such as element 1018 
 ) defaults to zero regardless of the actual error.                      

 *** WARNING ***                         ELAPSED TIME =       9.511   TIME= 11:04:06
 The estimated error in isolated selected elements (such as element 1019 
 ) defaults to zero regardless of the actual error.                      

 *** WARNING ***                         ELAPSED TIME =       9.513   TIME= 11:04:06
 The estimated error in isolated selected elements (such as element 1020 
 ) defaults to zero regardless of the actual error.                      

 *** WARNING ***                         ELAPSED TIME =       9.515   TIME= 11:04:06
 The estimated error in isolated selected elements (such as element 1021 
 ) defaults to zero regardless of the actual error.                      

 *** WARNING ***                         ELAPSED TIME =       9.516   TIME= 11:04:06
 The estimated error in isolated selected elements (such as element 1022 
 ) defaults to zero regardless of the actual error.                      

 *** WARNING ***                         ELAPSED TIME =       9.518   TIME= 11:04:06
 The estimated error in isolated selected elements (such as element 1023 
 ) defaults to zero regardless of the actual error.                      

 *** WARNING ***                         ELAPSED TIME =       9.520   TIME= 11:04:06
 The estimated error in isolated selected elements (such as element 1024 
 ) defaults to zero regardless of the actual error.                      

 *** WARNING ***                         ELAPSED TIME =       9.522   TIME= 11:04:06
 The estimated error in isolated selected elements (such as element 1025 
 ) defaults to zero regardless of the actual error.                      

 *** WARNING ***                         ELAPSED TIME =       9.523   TIME= 11:04:06
 The estimated error in isolated selected elements (such as element 1026 
 ) defaults to zero regardless of the actual error.                      

 *** WARNING ***                         ELAPSED TIME =       9.525   TIME= 11:04:06
 The estimated error in isolated selected elements (such as element 1027 
 ) defaults to zero regardless of the actual error.                      

 *** WARNING ***                         ELAPSED TIME =       9.527   TIME= 11:04:06
 The estimated error in isolated selected elements (such as element 1028 
 ) defaults to zero regardless of the actual error.                      

 *** WARNING ***                         ELAPSED TIME =       9.528   TIME= 11:04:06
 The estimated error in isolated selected elements (such as element 1029 
 ) defaults to zero regardless of the actual error.                      

 *** WARNING ***                         ELAPSED TIME =       9.530   TIME= 11:04:06
 The estimated error in isolated selected elements (such as element 1030 
 ) defaults to zero regardless of the actual error.                      

 *** WARNING ***                         ELAPSED TIME =       9.532   TIME= 11:04:06
 The estimated error in isolated selected elements (such as element 1031 
 ) defaults to zero regardless of the actual error.                      

 *** WARNING ***                         ELAPSED TIME =       9.533   TIME= 11:04:06
 The estimated error in isolated selected elements (such as element 1032 
 ) defaults to zero regardless of the actual error.                      

 *** WARNING ***                         ELAPSED TIME =       9.535   TIME= 11:04:06
 The estimated error in isolated selected elements (such as element 1033 
 ) defaults to zero regardless of the actual error.                      

 *** WARNING ***                         ELAPSED TIME =       9.537   TIME= 11:04:06
 The estimated error in isolated selected elements (such as element 1034 
 ) defaults to zero regardless of the actual error.                      

 *** WARNING ***                         ELAPSED TIME =       9.539   TIME= 11:04:06
 The estimated error in isolated selected elements (such as element 1035 
 ) defaults to zero regardless of the actual error.                      

 *** WARNING ***                         ELAPSED TIME =       9.541   TIME= 11:04:06
 The estimated error in isolated selected elements (such as element 1036 
 ) defaults to zero regardless of the actual error.                      

 *** WARNING ***                         ELAPSED TIME =       9.543   TIME= 11:04:06
 The estimated error in isolated selected elements (such as element 1037 
 ) defaults to zero regardless of the actual error.                      

 *** WARNING ***                         ELAPSED TIME =       9.545   TIME= 11:04:06
 The estimated error in isolated selected elements (such as element 1038 
 ) defaults to zero regardless of the actual error.                      

 *** WARNING ***                         ELAPSED TIME =       9.546   TIME= 11:04:06
 The estimated error in isolated selected elements (such as element 1039 
 ) defaults to zero regardless of the actual error.                      

 *** WARNING ***                         ELAPSED TIME =       9.548   TIME= 11:04:06
 The estimated error in isolated selected elements (such as element 1040 
 ) defaults to zero regardless of the actual error.                      

 *** WARNING ***                         ELAPSED TIME =       9.550   TIME= 11:04:06
 The estimated error in isolated selected elements (such as element 1041 
 ) defaults to zero regardless of the actual error.                      

 *** WARNING ***                         ELAPSED TIME =       9.551   TIME= 11:04:06
 The estimated error in isolated selected elements (such as element 1042 
 ) defaults to zero regardless of the actual error.                      

 *** WARNING ***                         ELAPSED TIME =       9.553   TIME= 11:04:06
 The estimated error in isolated selected elements (such as element 1043 
 ) defaults to zero regardless of the actual error.                      

 *** WARNING ***                         ELAPSED TIME =       9.555   TIME= 11:04:06
 The estimated error in isolated selected elements (such as element 1044 
 ) defaults to zero regardless of the actual error.                      

 *** WARNING ***                         ELAPSED TIME =       9.557   TIME= 11:04:06
 The estimated error in isolated selected elements (such as element 1045 
 ) defaults to zero regardless of the actual error.                      

 *** WARNING ***                         ELAPSED TIME =       9.559   TIME= 11:04:06
 The estimated error in isolated selected elements (such as element 1046 
 ) defaults to zero regardless of the actual error.                      

 *** WARNING ***                         ELAPSED TIME =       9.560   TIME= 11:04:06
 The estimated error in isolated selected elements (such as element 1047 
 ) defaults to zero regardless of the actual error.                      

 *** WARNING ***                         ELAPSED TIME =       9.562   TIME= 11:04:06
 The estimated error in isolated selected elements (such as element 1048 
 ) defaults to zero regardless of the actual error.                      

 *** WARNING ***                         ELAPSED TIME =       9.564   TIME= 11:04:06
 The estimated error in isolated selected elements (such as element 1049 
 ) defaults to zero regardless of the actual error.                      

 *** WARNING ***                         ELAPSED TIME =       9.565   TIME= 11:04:06
 The estimated error in isolated selected elements (such as element 1050 
 ) defaults to zero regardless of the actual error.                      

 *** WARNING ***                         ELAPSED TIME =       9.567   TIME= 11:04:06
 The estimated error in isolated selected elements (such as element 1051 
 ) defaults to zero regardless of the actual error.                      

 *** WARNING ***                         ELAPSED TIME =       9.569   TIME= 11:04:06
 The estimated error in isolated selected elements (such as element 1052 
 ) defaults to zero regardless of the actual error.                      

 *** WARNING ***                         ELAPSED TIME =       9.571   TIME= 11:04:06
 The estimated error in isolated selected elements (such as element 1053 
 ) defaults to zero regardless of the actual error.                      

 *** WARNING ***                         ELAPSED TIME =       9.572   TIME= 11:04:06
 The estimated error in isolated selected elements (such as element 1054 
 ) defaults to zero regardless of the actual error.                      

 *** WARNING ***                         ELAPSED TIME =       9.574   TIME= 11:04:06
 The estimated error in isolated selected elements (such as element 1055 
 ) defaults to zero regardless of the actual error.                      

 *** WARNING ***                         ELAPSED TIME =       9.576   TIME= 11:04:06
 The estimated error in isolated selected elements (such as element 1056 
 ) defaults to zero regardless of the actual error.                      

 *** WARNING ***                         ELAPSED TIME =       9.577   TIME= 11:04:06
 The estimated error in isolated selected elements (such as element 1057 
 ) defaults to zero regardless of the actual error.                      

 *** WARNING ***                         ELAPSED TIME =       9.579   TIME= 11:04:06
 The estimated error in isolated selected elements (such as element 1058 
 ) defaults to zero regardless of the actual error.                      

 *** WARNING ***                         ELAPSED TIME =       9.581   TIME= 11:04:06
 The estimated error in isolated selected elements (such as element 1059 
 ) defaults to zero regardless of the actual error.                      

 *** WARNING ***                         ELAPSED TIME =       9.582   TIME= 11:04:06
 The estimated error in isolated selected elements (such as element 1060 
 ) defaults to zero regardless of the actual error.                      

 *** WARNING ***                         ELAPSED TIME =       9.584   TIME= 11:04:06
 The estimated error in isolated selected elements (such as element 1061 
 ) defaults to zero regardless of the actual error.                      

 *** WARNING ***                         ELAPSED TIME =       9.586   TIME= 11:04:06
 The estimated error in isolated selected elements (such as element 1062 
 ) defaults to zero regardless of the actual error.                      

 *** WARNING ***                         ELAPSED TIME =       9.588   TIME= 11:04:06
 The estimated error in isolated selected elements (such as element 1063 
 ) defaults to zero regardless of the actual error.                      

 *** WARNING ***                         ELAPSED TIME =       9.589   TIME= 11:04:06
 The estimated error in isolated selected elements (such as element 1064 
 ) defaults to zero regardless of the actual error.                      

 *** WARNING ***                         ELAPSED TIME =       9.591   TIME= 11:04:06
 The estimated error in isolated selected elements (such as element 1065 
 ) defaults to zero regardless of the actual error.                      

 *** WARNING ***                         ELAPSED TIME =       9.593   TIME= 11:04:06
 The estimated error in isolated selected elements (such as element 1066 
 ) defaults to zero regardless of the actual error.                      

 *** WARNING ***                         ELAPSED TIME =       9.595   TIME= 11:04:06
 The estimated error in isolated selected elements (such as element 1067 
 ) defaults to zero regardless of the actual error.                      

 *** WARNING ***                         ELAPSED TIME =       9.596   TIME= 11:04:06
 The estimated error in isolated selected elements (such as element 1068 
 ) defaults to zero regardless of the actual error.                      

 *** WARNING ***                         ELAPSED TIME =       9.598   TIME= 11:04:06
 The estimated error in isolated selected elements (such as element 1069 
 ) defaults to zero regardless of the actual error.                      

 *** WARNING ***                         ELAPSED TIME =       9.601   TIME= 11:04:06
 The estimated error in isolated selected elements (such as element 1070 
 ) defaults to zero regardless of the actual error.                      

 *** WARNING ***                         ELAPSED TIME =       9.602   TIME= 11:04:06
 The estimated error in isolated selected elements (such as element 1071 
 ) defaults to zero regardless of the actual error.                      

 *** WARNING ***                         ELAPSED TIME =       9.604   TIME= 11:04:06
 The estimated error in isolated selected elements (such as element 1072 
 ) defaults to zero regardless of the actual error.                      

 *** WARNING ***                         ELAPSED TIME =       9.606   TIME= 11:04:06
 The estimated error in isolated selected elements (such as element 1073 
 ) defaults to zero regardless of the actual error.                      

 *** WARNING ***                         ELAPSED TIME =       9.608   TIME= 11:04:06
 The estimated error in isolated selected elements (such as element 1074 
 ) defaults to zero regardless of the actual error.                      

 *** WARNING ***                         ELAPSED TIME =       9.609   TIME= 11:04:06
 The estimated error in isolated selected elements (such as element 1075 
 ) defaults to zero regardless of the actual error.                      

 *** WARNING ***                         ELAPSED TIME =       9.611   TIME= 11:04:06
 The estimated error in isolated selected elements (such as element 1076 
 ) defaults to zero regardless of the actual error.                      

 *** WARNING ***                         ELAPSED TIME =       9.613   TIME= 11:04:06
 The estimated error in isolated selected elements (such as element 1077 
 ) defaults to zero regardless of the actual error.                      

 *** WARNING ***                         ELAPSED TIME =       9.614   TIME= 11:04:06
 The estimated error in isolated selected elements (such as element 1078 
 ) defaults to zero regardless of the actual error.                      

 *** WARNING ***                         ELAPSED TIME =       9.617   TIME= 11:04:06
 The estimated error in isolated selected elements (such as element 1079 
 ) defaults to zero regardless of the actual error.                      

 *** WARNING ***                         ELAPSED TIME =       9.619   TIME= 11:04:06
 The estimated error in isolated selected elements (such as element 1080 
 ) defaults to zero regardless of the actual error.                      

 *** WARNING ***                         ELAPSED TIME =       9.621   TIME= 11:04:06
 The estimated error in isolated selected elements (such as element 1081 
 ) defaults to zero regardless of the actual error.                      

 *** WARNING ***                         ELAPSED TIME =       9.622   TIME= 11:04:06
 The estimated error in isolated selected elements (such as element 1082 
 ) defaults to zero regardless of the actual error.                      

 *** WARNING ***                         ELAPSED TIME =       9.624   TIME= 11:04:06
 The estimated error in isolated selected elements (such as element 1083 
 ) defaults to zero regardless of the actual error.                      

 *** WARNING ***                         ELAPSED TIME =       9.626   TIME= 11:04:06
 The estimated error in isolated selected elements (such as element 1084 
 ) defaults to zero regardless of the actual error.                      

 *** WARNING ***                         ELAPSED TIME =       9.628   TIME= 11:04:06
 The estimated error in isolated selected elements (such as element 1085 
 ) defaults to zero regardless of the actual error.                      

 *** WARNING ***                         ELAPSED TIME =       9.629   TIME= 11:04:06
 The estimated error in isolated selected elements (such as element 1086 
 ) defaults to zero regardless of the actual error.                      

 *** WARNING ***                         ELAPSED TIME =       9.631   TIME= 11:04:06
 The estimated error in isolated selected elements (such as element 1087 
 ) defaults to zero regardless of the actual error.                      

 *** WARNING ***                         ELAPSED TIME =       9.633   TIME= 11:04:06
 The estimated error in isolated selected elements (such as element 1088 
 ) defaults to zero regardless of the actual error.                      

 *** WARNING ***                         ELAPSED TIME =       9.635   TIME= 11:04:06
 The estimated error in isolated selected elements (such as element 1089 
 ) defaults to zero regardless of the actual error.                      

 *** WARNING ***                         ELAPSED TIME =       9.636   TIME= 11:04:06
 The estimated error in isolated selected elements (such as element 1090 
 ) defaults to zero regardless of the actual error.                      

 *** WARNING ***                         ELAPSED TIME =       9.638   TIME= 11:04:06
 The estimated error in isolated selected elements (such as element 1091 
 ) defaults to zero regardless of the actual error.                      

 *** WARNING ***                         ELAPSED TIME =       9.640   TIME= 11:04:06
 The estimated error in isolated selected elements (such as element 1092 
 ) defaults to zero regardless of the actual error.                      

 *** WARNING ***                         ELAPSED TIME =       9.641   TIME= 11:04:06
 The estimated error in isolated selected elements (such as element 1093 
 ) defaults to zero regardless of the actual error.                      

 *** WARNING ***                         ELAPSED TIME =       9.643   TIME= 11:04:06
 The estimated error in isolated selected elements (such as element 1094 
 ) defaults to zero regardless of the actual error.                      

 *** WARNING ***                         ELAPSED TIME =       9.645   TIME= 11:04:06
 The estimated error in isolated selected elements (such as element 1095 
 ) defaults to zero regardless of the actual error.                      

 *** WARNING ***                         ELAPSED TIME =       9.647   TIME= 11:04:06
 The estimated error in isolated selected elements (such as element 1096 
 ) defaults to zero regardless of the actual error.                      

 *** WARNING ***                         ELAPSED TIME =       9.649   TIME= 11:04:06
 The estimated error in isolated selected elements (such as element 1097 
 ) defaults to zero regardless of the actual error.                      

 *** WARNING ***                         ELAPSED TIME =       9.651   TIME= 11:04:06
 The estimated error in isolated selected elements (such as element 1098 
 ) defaults to zero regardless of the actual error.                      

 *** WARNING ***                         ELAPSED TIME =       9.653   TIME= 11:04:06
 The estimated error in isolated selected elements (such as element 1099 
 ) defaults to zero regardless of the actual error.                      

 *** WARNING ***                         ELAPSED TIME =       9.654   TIME= 11:04:06
 The estimated error in isolated selected elements (such as element 1100 
 ) defaults to zero regardless of the actual error.                      

 *** WARNING ***                         ELAPSED TIME =       9.656   TIME= 11:04:06
 The estimated error in isolated selected elements (such as element 1101 
 ) defaults to zero regardless of the actual error.                      

 *** WARNING ***                         ELAPSED TIME =       9.658   TIME= 11:04:06
 The estimated error in isolated selected elements (such as element 1102 
 ) defaults to zero regardless of the actual error.                      

 *** WARNING ***                         ELAPSED TIME =       9.660   TIME= 11:04:06
 The estimated error in isolated selected elements (such as element 1103 
 ) defaults to zero regardless of the actual error.                      

 *** WARNING ***                         ELAPSED TIME =       9.661   TIME= 11:04:06
 The estimated error in isolated selected elements (such as element 1104 
 ) defaults to zero regardless of the actual error.                      

 *** WARNING ***                         ELAPSED TIME =       9.664   TIME= 11:04:06
 The estimated error in isolated selected elements (such as element 1105 
 ) defaults to zero regardless of the actual error.                      

 *** WARNING ***                         ELAPSED TIME =       9.665   TIME= 11:04:06
 The estimated error in isolated selected elements (such as element 1106 
 ) defaults to zero regardless of the actual error.                      

 *** WARNING ***                         ELAPSED TIME =       9.667   TIME= 11:04:06
 The estimated error in isolated selected elements (such as element 1107 
 ) defaults to zero regardless of the actual error.                      

 *** WARNING ***                         ELAPSED TIME =       9.669   TIME= 11:04:06
 The estimated error in isolated selected elements (such as element 1108 
 ) defaults to zero regardless of the actual error.                      

 *** WARNING ***                         ELAPSED TIME =       9.671   TIME= 11:04:06
 The estimated error in isolated selected elements (such as element 1109 
 ) defaults to zero regardless of the actual error.                      

 *** WARNING ***                         ELAPSED TIME =       9.672   TIME= 11:04:06
 The estimated error in isolated selected elements (such as element 1110 
 ) defaults to zero regardless of the actual error.                      

 *** WARNING ***                         ELAPSED TIME =       9.674   TIME= 11:04:06
 The estimated error in isolated selected elements (such as element 1111 
 ) defaults to zero regardless of the actual error.                      

 *** WARNING ***                         ELAPSED TIME =       9.676   TIME= 11:04:06
 The estimated error in isolated selected elements (such as element 1112 
 ) defaults to zero regardless of the actual error.                      

 *** WARNING ***                         ELAPSED TIME =       9.678   TIME= 11:04:06
 The estimated error in isolated selected elements (such as element 1113 
 ) defaults to zero regardless of the actual error.                      

 *** WARNING ***                         ELAPSED TIME =       9.679   TIME= 11:04:06
 The estimated error in isolated selected elements (such as element 1114 
 ) defaults to zero regardless of the actual error.                      

 *** WARNING ***                         ELAPSED TIME =       9.681   TIME= 11:04:06
 The estimated error in isolated selected elements (such as element 1115 
 ) defaults to zero regardless of the actual error.                      

 *** WARNING ***                         ELAPSED TIME =       9.683   TIME= 11:04:06
 The estimated error in isolated selected elements (such as element 1116 
 ) defaults to zero regardless of the actual error.                      

 *** WARNING ***                         ELAPSED TIME =       9.684   TIME= 11:04:06
 The estimated error in isolated selected elements (such as element 1117 
 ) defaults to zero regardless of the actual error.                      

 *** WARNING ***                         ELAPSED TIME =       9.686   TIME= 11:04:06
 The estimated error in isolated selected elements (such as element 1118 
 ) defaults to zero regardless of the actual error.                      

 *** WARNING ***                         ELAPSED TIME =       9.688   TIME= 11:04:06
 The estimated error in isolated selected elements (such as element 1119 
 ) defaults to zero regardless of the actual error.                      

 *** WARNING ***                         ELAPSED TIME =       9.690   TIME= 11:04:06
 The estimated error in isolated selected elements (such as element 1120 
 ) defaults to zero regardless of the actual error.                      

 *** WARNING ***                         ELAPSED TIME =       9.691   TIME= 11:04:06
 The estimated error in isolated selected elements (such as element 1121 
 ) defaults to zero regardless of the actual error.                      

 *** WARNING ***                         ELAPSED TIME =       9.693   TIME= 11:04:06
 The estimated error in isolated selected elements (such as element 1122 
 ) defaults to zero regardless of the actual error.                      

 *** WARNING ***                         ELAPSED TIME =       9.695   TIME= 11:04:06
 The estimated error in isolated selected elements (such as element 1123 
 ) defaults to zero regardless of the actual error.                      

 *** WARNING ***                         ELAPSED TIME =       9.697   TIME= 11:04:06
 The estimated error in isolated selected elements (such as element 1124 
 ) defaults to zero regardless of the actual error.                      

 *** WARNING ***                         ELAPSED TIME =       9.698   TIME= 11:04:06
 The estimated error in isolated selected elements (such as element 1125 
 ) defaults to zero regardless of the actual error.                      

 *** WARNING ***                         ELAPSED TIME =       9.700   TIME= 11:04:06
 The estimated error in isolated selected elements (such as element 1126 
 ) defaults to zero regardless of the actual error.                      

 *** WARNING ***                         ELAPSED TIME =       9.702   TIME= 11:04:06
 The estimated error in isolated selected elements (such as element 1127 
 ) defaults to zero regardless of the actual error.                      

 *** WARNING ***                         ELAPSED TIME =       9.704   TIME= 11:04:06
 The estimated error in isolated selected elements (such as element 1128 
 ) defaults to zero regardless of the actual error.                      

 *** WARNING ***                         ELAPSED TIME =       9.705   TIME= 11:04:06
 The estimated error in isolated selected elements (such as element 1129 
 ) defaults to zero regardless of the actual error.                      

 *** WARNING ***                         ELAPSED TIME =       9.707   TIME= 11:04:06
 The estimated error in isolated selected elements (such as element 1130 
 ) defaults to zero regardless of the actual error.                      

 *** WARNING ***                         ELAPSED TIME =       9.709   TIME= 11:04:06
 The estimated error in isolated selected elements (such as element 1131 
 ) defaults to zero regardless of the actual error.                      

 *** WARNING ***                         ELAPSED TIME =       9.711   TIME= 11:04:06
 The estimated error in isolated selected elements (such as element 1132 
 ) defaults to zero regardless of the actual error.                      

 *** WARNING ***                         ELAPSED TIME =       9.713   TIME= 11:04:06
 The estimated error in isolated selected elements (such as element 1133 
 ) defaults to zero regardless of the actual error.                      

 *** WARNING ***                         ELAPSED TIME =       9.715   TIME= 11:04:06
 The estimated error in isolated selected elements (such as element 1134 
 ) defaults to zero regardless of the actual error.                      

 *** WARNING ***                         ELAPSED TIME =       9.716   TIME= 11:04:06
 The estimated error in isolated selected elements (such as element 1135 
 ) defaults to zero regardless of the actual error.                      

 *** WARNING ***                         ELAPSED TIME =       9.718   TIME= 11:04:06
 The estimated error in isolated selected elements (such as element 1136 
 ) defaults to zero regardless of the actual error.                      

 *** WARNING ***                         ELAPSED TIME =       9.720   TIME= 11:04:06
 The estimated error in isolated selected elements (such as element 1137 
 ) defaults to zero regardless of the actual error.                      

 *** WARNING ***                         ELAPSED TIME =       9.721   TIME= 11:04:06
 The estimated error in isolated selected elements (such as element 1138 
 ) defaults to zero regardless of the actual error.                      

 *** WARNING ***                         ELAPSED TIME =       9.723   TIME= 11:04:06
 The estimated error in isolated selected elements (such as element 1139 
 ) defaults to zero regardless of the actual error.                      

 *** WARNING ***                         ELAPSED TIME =       9.725   TIME= 11:04:06
 The estimated error in isolated selected elements (such as element 1140 
 ) defaults to zero regardless of the actual error.                      

 *** WARNING ***                         ELAPSED TIME =       9.727   TIME= 11:04:06
 The estimated error in isolated selected elements (such as element 1141 
 ) defaults to zero regardless of the actual error.                      

 *** WARNING ***                         ELAPSED TIME =       9.729   TIME= 11:04:06
 The estimated error in isolated selected elements (such as element 1142 
 ) defaults to zero regardless of the actual error.                      

 *** WARNING ***                         ELAPSED TIME =       9.731   TIME= 11:04:06
 The estimated error in isolated selected elements (such as element 1143 
 ) defaults to zero regardless of the actual error.                      

 *** WARNING ***                         ELAPSED TIME =       9.733   TIME= 11:04:06
 The estimated error in isolated selected elements (such as element 1144 
 ) defaults to zero regardless of the actual error.                      

 *** WARNING ***                         ELAPSED TIME =       9.735   TIME= 11:04:06
 The estimated error in isolated selected elements (such as element 1145 
 ) defaults to zero regardless of the actual error.                      

 *** WARNING ***                         ELAPSED TIME =       9.736   TIME= 11:04:06
 The estimated error in isolated selected elements (such as element 1146 
 ) defaults to zero regardless of the actual error.                      

 *** WARNING ***                         ELAPSED TIME =       9.738   TIME= 11:04:06
 The estimated error in isolated selected elements (such as element 1147 
 ) defaults to zero regardless of the actual error.                      

 *** WARNING ***                         ELAPSED TIME =       9.740   TIME= 11:04:06
 The estimated error in isolated selected elements (such as element 1148 
 ) defaults to zero regardless of the actual error.                      

 *** WARNING ***                         ELAPSED TIME =       9.742   TIME= 11:04:06
 The estimated error in isolated selected elements (such as element 1149 
 ) defaults to zero regardless of the actual error.                      

 *** WARNING ***                         ELAPSED TIME =       9.744   TIME= 11:04:06
 The estimated error in isolated selected elements (such as element 1150 
 ) defaults to zero regardless of the actual error.                      

 *** WARNING ***                         ELAPSED TIME =       9.746   TIME= 11:04:06
 The estimated error in isolated selected elements (such as element 1151 
 ) defaults to zero regardless of the actual error.                      

 *** WARNING ***                         ELAPSED TIME =       9.748   TIME= 11:04:06
 The estimated error in isolated selected elements (such as element 1152 
 ) defaults to zero regardless of the actual error.                      

 *** WARNING ***                         ELAPSED TIME =       9.749   TIME= 11:04:06
 The estimated error in isolated selected elements (such as element 1153 
 ) defaults to zero regardless of the actual error.                      

 *** WARNING ***                         ELAPSED TIME =       9.751   TIME= 11:04:06
 The estimated error in isolated selected elements (such as element 1154 
 ) defaults to zero regardless of the actual error.                      

 *** WARNING ***                         ELAPSED TIME =       9.753   TIME= 11:04:06
 The estimated error in isolated selected elements (such as element 1155 
 ) defaults to zero regardless of the actual error.                      

 *** WARNING ***                         ELAPSED TIME =       9.754   TIME= 11:04:06
 The estimated error in isolated selected elements (such as element 1156 
 ) defaults to zero regardless of the actual error.                      

 *** WARNING ***                         ELAPSED TIME =       9.757   TIME= 11:04:06
 The estimated error in isolated selected elements (such as element 1157 
 ) defaults to zero regardless of the actual error.                      

 *** WARNING ***                         ELAPSED TIME =       9.758   TIME= 11:04:06
 The estimated error in isolated selected elements (such as element 1158 
 ) defaults to zero regardless of the actual error.                      

 *** WARNING ***                         ELAPSED TIME =       9.760   TIME= 11:04:06
 The estimated error in isolated selected elements (such as element 1159 
 ) defaults to zero regardless of the actual error.                      

 *** WARNING ***                         ELAPSED TIME =       9.762   TIME= 11:04:06
 The estimated error in isolated selected elements (such as element 1160 
 ) defaults to zero regardless of the actual error.                      

 *** WARNING ***                         ELAPSED TIME =       9.764   TIME= 11:04:06
 The estimated error in isolated selected elements (such as element 1161 
 ) defaults to zero regardless of the actual error.                      

 *** WARNING ***                         ELAPSED TIME =       9.765   TIME= 11:04:06
 The estimated error in isolated selected elements (such as element 1162 
 ) defaults to zero regardless of the actual error.                      

 *** WARNING ***                         ELAPSED TIME =       9.767   TIME= 11:04:06
 The estimated error in isolated selected elements (such as element 1163 
 ) defaults to zero regardless of the actual error.                      

 *** WARNING ***                         ELAPSED TIME =       9.769   TIME= 11:04:06
 The estimated error in isolated selected elements (such as element 1164 
 ) defaults to zero regardless of the actual error.                      

 *** WARNING ***                         ELAPSED TIME =       9.770   TIME= 11:04:06
 The estimated error in isolated selected elements (such as element 1165 
 ) defaults to zero regardless of the actual error.                      

 *** WARNING ***                         ELAPSED TIME =       9.772   TIME= 11:04:06
 The estimated error in isolated selected elements (such as element 1166 
 ) defaults to zero regardless of the actual error.                      

 *** WARNING ***                         ELAPSED TIME =       9.774   TIME= 11:04:06
 The estimated error in isolated selected elements (such as element 1167 
 ) defaults to zero regardless of the actual error.                      

 *** WARNING ***                         ELAPSED TIME =       9.776   TIME= 11:04:06
 The estimated error in isolated selected elements (such as element 1168 
 ) defaults to zero regardless of the actual error.                      

 *** WARNING ***                         ELAPSED TIME =       9.777   TIME= 11:04:06
 The estimated error in isolated selected elements (such as element 1169 
 ) defaults to zero regardless of the actual error.                      

 *** WARNING ***                         ELAPSED TIME =       9.779   TIME= 11:04:06
 The estimated error in isolated selected elements (such as element 1170 
 ) defaults to zero regardless of the actual error.                      

 *** WARNING ***                         ELAPSED TIME =       9.781   TIME= 11:04:06
 The estimated error in isolated selected elements (such as element 1171 
 ) defaults to zero regardless of the actual error.                      

 *** WARNING ***                         ELAPSED TIME =       9.783   TIME= 11:04:06
 The estimated error in isolated selected elements (such as element 1172 
 ) defaults to zero regardless of the actual error.                      

 *** WARNING ***                         ELAPSED TIME =       9.784   TIME= 11:04:06
 The estimated error in isolated selected elements (such as element 1173 
 ) defaults to zero regardless of the actual error.                      

 *** WARNING ***                         ELAPSED TIME =       9.786   TIME= 11:04:06
 The estimated error in isolated selected elements (such as element 1174 
 ) defaults to zero regardless of the actual error.                      

 *** WARNING ***                         ELAPSED TIME =       9.788   TIME= 11:04:06
 The estimated error in isolated selected elements (such as element 1175 
 ) defaults to zero regardless of the actual error.                      

 *** WARNING ***                         ELAPSED TIME =       9.789   TIME= 11:04:06
 The estimated error in isolated selected elements (such as element 1176 
 ) defaults to zero regardless of the actual error.                      

 *** WARNING ***                         ELAPSED TIME =       9.791   TIME= 11:04:06
 The estimated error in isolated selected elements (such as element 1177 
 ) defaults to zero regardless of the actual error.                      

 *** WARNING ***                         ELAPSED TIME =       9.793   TIME= 11:04:06
 The estimated error in isolated selected elements (such as element 1178 
 ) defaults to zero regardless of the actual error.                      

 *** WARNING ***                         ELAPSED TIME =       9.795   TIME= 11:04:06
 The estimated error in isolated selected elements (such as element 1179 
 ) defaults to zero regardless of the actual error.                      

 *** WARNING ***                         ELAPSED TIME =       9.796   TIME= 11:04:06
 The estimated error in isolated selected elements (such as element 1180 
 ) defaults to zero regardless of the actual error.                      

 *** WARNING ***                         ELAPSED TIME =       9.798   TIME= 11:04:06
 The estimated error in isolated selected elements (such as element 1181 
 ) defaults to zero regardless of the actual error.                      

 *** WARNING ***                         ELAPSED TIME =       9.800   TIME= 11:04:06
 The estimated error in isolated selected elements (such as element 1182 
 ) defaults to zero regardless of the actual error.                      

 *** WARNING ***                         ELAPSED TIME =       9.801   TIME= 11:04:06
 The estimated error in isolated selected elements (such as element 1183 
 ) defaults to zero regardless of the actual error.                      

 *** WARNING ***                         ELAPSED TIME =       9.803   TIME= 11:04:06
 The estimated error in isolated selected elements (such as element 1184 
 ) defaults to zero regardless of the actual error.                      

 *** WARNING ***                         ELAPSED TIME =       9.805   TIME= 11:04:06
 The estimated error in isolated selected elements (such as element 1185 
 ) defaults to zero regardless of the actual error.                      

 *** WARNING ***                         ELAPSED TIME =       9.807   TIME= 11:04:06
 The estimated error in isolated selected elements (such as element 1186 
 ) defaults to zero regardless of the actual error.                      

 *** WARNING ***                         ELAPSED TIME =       9.809   TIME= 11:04:06
 The estimated error in isolated selected elements (such as element 1187 
 ) defaults to zero regardless of the actual error.                      

 *** WARNING ***                         ELAPSED TIME =       9.810   TIME= 11:04:06
 The estimated error in isolated selected elements (such as element 1188 
 ) defaults to zero regardless of the actual error.                      

 *** WARNING ***                         ELAPSED TIME =       9.812   TIME= 11:04:06
 The estimated error in isolated selected elements (such as element 1189 
 ) defaults to zero regardless of the actual error.                      

 *** WARNING ***                         ELAPSED TIME =       9.814   TIME= 11:04:06
 The estimated error in isolated selected elements (such as element 1190 
 ) defaults to zero regardless of the actual error.                      

 *** WARNING ***                         ELAPSED TIME =       9.815   TIME= 11:04:06
 The estimated error in isolated selected elements (such as element 1191 
 ) defaults to zero regardless of the actual error.                      

 *** WARNING ***                         ELAPSED TIME =       9.817   TIME= 11:04:06
 The estimated error in isolated selected elements (such as element 1192 
 ) defaults to zero regardless of the actual error.                      

 *** WARNING ***                         ELAPSED TIME =       9.819   TIME= 11:04:06
 The estimated error in isolated selected elements (such as element 1193 
 ) defaults to zero regardless of the actual error.                      

 *** WARNING ***                         ELAPSED TIME =       9.820   TIME= 11:04:06
 The estimated error in isolated selected elements (such as element 1194 
 ) defaults to zero regardless of the actual error.                      

 *** WARNING ***                         ELAPSED TIME =       9.822   TIME= 11:04:06
 The estimated error in isolated selected elements (such as element 1195 
 ) defaults to zero regardless of the actual error.                      

 *** WARNING ***                         ELAPSED TIME =       9.824   TIME= 11:04:06
 The estimated error in isolated selected elements (such as element 1196 
 ) defaults to zero regardless of the actual error.                      

 *** WARNING ***                         ELAPSED TIME =       9.826   TIME= 11:04:06
 The estimated error in isolated selected elements (such as element 1197 
 ) defaults to zero regardless of the actual error.                      

 *** WARNING ***                         ELAPSED TIME =       9.827   TIME= 11:04:06
 The estimated error in isolated selected elements (such as element 1198 
 ) defaults to zero regardless of the actual error.                      

 *** WARNING ***                         ELAPSED TIME =       9.829   TIME= 11:04:06
 The estimated error in isolated selected elements (such as element 1199 
 ) defaults to zero regardless of the actual error.                      

 *** WARNING ***                         ELAPSED TIME =       9.831   TIME= 11:04:06
 The estimated error in isolated selected elements (such as element 1200 
 ) defaults to zero regardless of the actual error.                      

 *** WARNING ***                         ELAPSED TIME =       9.832   TIME= 11:04:06
 The estimated error in isolated selected elements (such as element 1201 
 ) defaults to zero regardless of the actual error.                      

 *** WARNING ***                         ELAPSED TIME =       9.834   TIME= 11:04:06
 The estimated error in isolated selected elements (such as element 1202 
 ) defaults to zero regardless of the actual error.                      

 *** WARNING ***                         ELAPSED TIME =       9.836   TIME= 11:04:06
 The estimated error in isolated selected elements (such as element 1203 
 ) defaults to zero regardless of the actual error.                      

 *** WARNING ***                         ELAPSED TIME =       9.838   TIME= 11:04:06
 The estimated error in isolated selected elements (such as element 1204 
 ) defaults to zero regardless of the actual error.                      

 *** WARNING ***                         ELAPSED TIME =       9.839   TIME= 11:04:06
 The estimated error in isolated selected elements (such as element 1205 
 ) defaults to zero regardless of the actual error.                      

 *** WARNING ***                         ELAPSED TIME =       9.841   TIME= 11:04:06
 The estimated error in isolated selected elements (such as element 1206 
 ) defaults to zero regardless of the actual error.                      

 *** WARNING ***                         ELAPSED TIME =       9.843   TIME= 11:04:06
 The estimated error in isolated selected elements (such as element 1207 
 ) defaults to zero regardless of the actual error.                      

 *** WARNING ***                         ELAPSED TIME =       9.844   TIME= 11:04:06
 The estimated error in isolated selected elements (such as element 1208 
 ) defaults to zero regardless of the actual error.                      

 *** WARNING ***                         ELAPSED TIME =       9.846   TIME= 11:04:06
 The estimated error in isolated selected elements (such as element 1209 
 ) defaults to zero regardless of the actual error.                      

 *** WARNING ***                         ELAPSED TIME =       9.848   TIME= 11:04:06
 The estimated error in isolated selected elements (such as element 1210 
 ) defaults to zero regardless of the actual error.                      

 *** WARNING ***                         ELAPSED TIME =       9.850   TIME= 11:04:06
 The estimated error in isolated selected elements (such as element 1211 
 ) defaults to zero regardless of the actual error.                      

 *** WARNING ***                         ELAPSED TIME =       9.851   TIME= 11:04:06
 The estimated error in isolated selected elements (such as element 1212 
 ) defaults to zero regardless of the actual error.                      

 *** WARNING ***                         ELAPSED TIME =       9.853   TIME= 11:04:06
 The estimated error in isolated selected elements (such as element 1213 
 ) defaults to zero regardless of the actual error.                      

 *** WARNING ***                         ELAPSED TIME =       9.855   TIME= 11:04:06
 The estimated error in isolated selected elements (such as element 1214 
 ) defaults to zero regardless of the actual error.                      

 *** WARNING ***                         ELAPSED TIME =       9.857   TIME= 11:04:06
 The estimated error in isolated selected elements (such as element 1215 
 ) defaults to zero regardless of the actual error.                      

 *** WARNING ***                         ELAPSED TIME =       9.858   TIME= 11:04:06
 The estimated error in isolated selected elements (such as element 1216 
 ) defaults to zero regardless of the actual error.                      

 *** WARNING ***                         ELAPSED TIME =       9.860   TIME= 11:04:06
 The estimated error in isolated selected elements (such as element 1217 
 ) defaults to zero regardless of the actual error.                      

 *** WARNING ***                         ELAPSED TIME =       9.862   TIME= 11:04:06
 The estimated error in isolated selected elements (such as element 1218 
 ) defaults to zero regardless of the actual error.                      

 *** WARNING ***                         ELAPSED TIME =       9.863   TIME= 11:04:06
 The estimated error in isolated selected elements (such as element 1219 
 ) defaults to zero regardless of the actual error.                      

 *** WARNING ***                         ELAPSED TIME =       9.865   TIME= 11:04:06
 The estimated error in isolated selected elements (such as element 1220 
 ) defaults to zero regardless of the actual error.                      

 *** WARNING ***                         ELAPSED TIME =       9.867   TIME= 11:04:06
 The estimated error in isolated selected elements (such as element 1221 
 ) defaults to zero regardless of the actual error.                      

 *** WARNING ***                         ELAPSED TIME =       9.869   TIME= 11:04:06
 The estimated error in isolated selected elements (such as element 1222 
 ) defaults to zero regardless of the actual error.                      

 *** WARNING ***                         ELAPSED TIME =       9.871   TIME= 11:04:06
 The estimated error in isolated selected elements (such as element 1223 
 ) defaults to zero regardless of the actual error.                      

 *** WARNING ***                         ELAPSED TIME =       9.873   TIME= 11:04:06
 The estimated error in isolated selected elements (such as element 1224 
 ) defaults to zero regardless of the actual error.                      

 *** WARNING ***                         ELAPSED TIME =       9.875   TIME= 11:04:06
 The estimated error in isolated selected elements (such as element 1225 
 ) defaults to zero regardless of the actual error.                      

 *** WARNING ***                         ELAPSED TIME =       9.877   TIME= 11:04:06
 The estimated error in isolated selected elements (such as element 1226 
 ) defaults to zero regardless of the actual error.                      

 *** WARNING ***                         ELAPSED TIME =       9.879   TIME= 11:04:06
 The estimated error in isolated selected elements (such as element 1227 
 ) defaults to zero regardless of the actual error.                      

 *** WARNING ***                         ELAPSED TIME =       9.881   TIME= 11:04:06
 The estimated error in isolated selected elements (such as element 1228 
 ) defaults to zero regardless of the actual error.                      

 *** WARNING ***                         ELAPSED TIME =       9.883   TIME= 11:04:06
 The estimated error in isolated selected elements (such as element 1229 
 ) defaults to zero regardless of the actual error.                      

 *** WARNING ***                         ELAPSED TIME =       9.885   TIME= 11:04:06
 The estimated error in isolated selected elements (such as element 1230 
 ) defaults to zero regardless of the actual error.                      

 *** WARNING ***                         ELAPSED TIME =       9.887   TIME= 11:04:06
 The estimated error in isolated selected elements (such as element 1231 
 ) defaults to zero regardless of the actual error.                      

 *** WARNING ***                         ELAPSED TIME =       9.889   TIME= 11:04:06
 The estimated error in isolated selected elements (such as element 1232 
 ) defaults to zero regardless of the actual error.                      

 *** WARNING ***                         ELAPSED TIME =       9.891   TIME= 11:04:06
 The estimated error in isolated selected elements (such as element 1233 
 ) defaults to zero regardless of the actual error.                      

 *** WARNING ***                         ELAPSED TIME =       9.892   TIME= 11:04:06
 The estimated error in isolated selected elements (such as element 1234 
 ) defaults to zero regardless of the actual error.                      

 *** WARNING ***                         ELAPSED TIME =       9.894   TIME= 11:04:06
 The estimated error in isolated selected elements (such as element 1235 
 ) defaults to zero regardless of the actual error.                      

 *** WARNING ***                         ELAPSED TIME =       9.896   TIME= 11:04:06
 The estimated error in isolated selected elements (such as element 1236 
 ) defaults to zero regardless of the actual error.                      

 *** WARNING ***                         ELAPSED TIME =       9.898   TIME= 11:04:06
 The estimated error in isolated selected elements (such as element 1237 
 ) defaults to zero regardless of the actual error.                      

 *** WARNING ***                         ELAPSED TIME =       9.901   TIME= 11:04:06
 The estimated error in isolated selected elements (such as element 1238 
 ) defaults to zero regardless of the actual error.                      

 *** WARNING ***                         ELAPSED TIME =       9.903   TIME= 11:04:06
 The estimated error in isolated selected elements (such as element 1239 
 ) defaults to zero regardless of the actual error.                      

 *** WARNING ***                         ELAPSED TIME =       9.905   TIME= 11:04:06
 The estimated error in isolated selected elements (such as element 1240 
 ) defaults to zero regardless of the actual error.                      

 *** WARNING ***                         ELAPSED TIME =       9.906   TIME= 11:04:06
 The estimated error in isolated selected elements (such as element 1241 
 ) defaults to zero regardless of the actual error.                      

 *** WARNING ***                         ELAPSED TIME =       9.908   TIME= 11:04:06
 The estimated error in isolated selected elements (such as element 1242 
 ) defaults to zero regardless of the actual error.                      

 *** WARNING ***                         ELAPSED TIME =       9.910   TIME= 11:04:06
 The estimated error in isolated selected elements (such as element 1243 
 ) defaults to zero regardless of the actual error.                      

 *** WARNING ***                         ELAPSED TIME =       9.912   TIME= 11:04:06
 The estimated error in isolated selected elements (such as element 1244 
 ) defaults to zero regardless of the actual error.                      

 *** WARNING ***                         ELAPSED TIME =       9.914   TIME= 11:04:06
 The estimated error in isolated selected elements (such as element 1245 
 ) defaults to zero regardless of the actual error.                      

 *** WARNING ***                         ELAPSED TIME =       9.916   TIME= 11:04:06
 The estimated error in isolated selected elements (such as element 1246 
 ) defaults to zero regardless of the actual error.                      

 *** WARNING ***                         ELAPSED TIME =       9.918   TIME= 11:04:06
 The estimated error in isolated selected elements (such as element 1247 
 ) defaults to zero regardless of the actual error.                      

 *** WARNING ***                         ELAPSED TIME =       9.920   TIME= 11:04:06
 The estimated error in isolated selected elements (such as element 1248 
 ) defaults to zero regardless of the actual error.                      

 *** WARNING ***                         ELAPSED TIME =       9.922   TIME= 11:04:06
 The estimated error in isolated selected elements (such as element 1249 
 ) defaults to zero regardless of the actual error.                      

 *** WARNING ***                         ELAPSED TIME =       9.924   TIME= 11:04:06
 The estimated error in isolated selected elements (such as element 1250 
 ) defaults to zero regardless of the actual error.                      

 *** WARNING ***                         ELAPSED TIME =       9.927   TIME= 11:04:06
 The estimated error in isolated selected elements (such as element 1251 
 ) defaults to zero regardless of the actual error.                      

 *** WARNING ***                         ELAPSED TIME =       9.929   TIME= 11:04:06
 The estimated error in isolated selected elements (such as element 1252 
 ) defaults to zero regardless of the actual error.                      

 *** WARNING ***                         ELAPSED TIME =       9.932   TIME= 11:04:06
 The estimated error in isolated selected elements (such as element 1253 
 ) defaults to zero regardless of the actual error.                      

 *** WARNING ***                         ELAPSED TIME =       9.934   TIME= 11:04:06
 The estimated error in isolated selected elements (such as element 1254 
 ) defaults to zero regardless of the actual error.                      

 *** WARNING ***                         ELAPSED TIME =       9.936   TIME= 11:04:06
 The estimated error in isolated selected elements (such as element 1255 
 ) defaults to zero regardless of the actual error.                      

 *** WARNING ***                         ELAPSED TIME =       9.938   TIME= 11:04:06
 The estimated error in isolated selected elements (such as element 1256 
 ) defaults to zero regardless of the actual error.                      

 *** WARNING ***                         ELAPSED TIME =       9.940   TIME= 11:04:06
 The estimated error in isolated selected elements (such as element 1257 
 ) defaults to zero regardless of the actual error.                      

 *** WARNING ***                         ELAPSED TIME =       9.942   TIME= 11:04:06
 The estimated error in isolated selected elements (such as element 1258 
 ) defaults to zero regardless of the actual error.                      

 *** WARNING ***                         ELAPSED TIME =       9.944   TIME= 11:04:06
 The estimated error in isolated selected elements (such as element 1259 
 ) defaults to zero regardless of the actual error.                      

 *** WARNING ***                         ELAPSED TIME =       9.946   TIME= 11:04:06
 The estimated error in isolated selected elements (such as element 1260 
 ) defaults to zero regardless of the actual error.                      

 *** WARNING ***                         ELAPSED TIME =       9.948   TIME= 11:04:06
 The estimated error in isolated selected elements (such as element 1261 
 ) defaults to zero regardless of the actual error.                      

 *** WARNING ***                         ELAPSED TIME =       9.951   TIME= 11:04:06
 The estimated error in isolated selected elements (such as element 1262 
 ) defaults to zero regardless of the actual error.                      

 *** WARNING ***                         ELAPSED TIME =       9.953   TIME= 11:04:06
 The estimated error in isolated selected elements (such as element 1263 
 ) defaults to zero regardless of the actual error.                      

 *** WARNING ***                         ELAPSED TIME =       9.955   TIME= 11:04:06
 The estimated error in isolated selected elements (such as element 1264 
 ) defaults to zero regardless of the actual error.                      

 *** WARNING ***                         ELAPSED TIME =       9.957   TIME= 11:04:06
 The estimated error in isolated selected elements (such as element 1265 
 ) defaults to zero regardless of the actual error.                      

 *** WARNING ***                         ELAPSED TIME =       9.959   TIME= 11:04:06
 The estimated error in isolated selected elements (such as element 1266 
 ) defaults to zero regardless of the actual error.                      

 *** WARNING ***                         ELAPSED TIME =       9.961   TIME= 11:04:06
 The estimated error in isolated selected elements (such as element 1267 
 ) defaults to zero regardless of the actual error.                      

 *** WARNING ***                         ELAPSED TIME =       9.964   TIME= 11:04:06
 The estimated error in isolated selected elements (such as element 1268 
 ) defaults to zero regardless of the actual error.                      

 *** WARNING ***                         ELAPSED TIME =       9.967   TIME= 11:04:06
 The estimated error in isolated selected elements (such as element 1269 
 ) defaults to zero regardless of the actual error.                      

 *** WARNING ***                         ELAPSED TIME =       9.969   TIME= 11:04:06
 The estimated error in isolated selected elements (such as element 1270 
 ) defaults to zero regardless of the actual error.                      

 *** WARNING ***                         ELAPSED TIME =       9.970   TIME= 11:04:06
 The estimated error in isolated selected elements (such as element 1271 
 ) defaults to zero regardless of the actual error.                      

 *** WARNING ***                         ELAPSED TIME =       9.972   TIME= 11:04:06
 The estimated error in isolated selected elements (such as element 1272 
 ) defaults to zero regardless of the actual error.                      

 *** WARNING ***                         ELAPSED TIME =       9.974   TIME= 11:04:06
 The estimated error in isolated selected elements (such as element 1273 
 ) defaults to zero regardless of the actual error.                      

 *** WARNING ***                         ELAPSED TIME =       9.976   TIME= 11:04:06
 The estimated error in isolated selected elements (such as element 1274 
 ) defaults to zero regardless of the actual error.                      

 *** WARNING ***                         ELAPSED TIME =       9.978   TIME= 11:04:06
 The estimated error in isolated selected elements (such as element 1275 
 ) defaults to zero regardless of the actual error.                      

 *** WARNING ***                         ELAPSED TIME =       9.980   TIME= 11:04:06
 The estimated error in isolated selected elements (such as element 1276 
 ) defaults to zero regardless of the actual error.                      

 *** WARNING ***                         ELAPSED TIME =       9.982   TIME= 11:04:06
 The estimated error in isolated selected elements (such as element 1277 
 ) defaults to zero regardless of the actual error.                      

 *** WARNING ***                         ELAPSED TIME =       9.984   TIME= 11:04:06
 The estimated error in isolated selected elements (such as element 1278 
 ) defaults to zero regardless of the actual error.                      

 *** WARNING ***                         ELAPSED TIME =       9.986   TIME= 11:04:06
 The estimated error in isolated selected elements (such as element 1279 
 ) defaults to zero regardless of the actual error.                      

 *** WARNING ***                         ELAPSED TIME =       9.987   TIME= 11:04:06
 The estimated error in isolated selected elements (such as element 1280 
 ) defaults to zero regardless of the actual error.                      

 *** WARNING ***                         ELAPSED TIME =       9.989   TIME= 11:04:06
 The estimated error in isolated selected elements (such as element 1281 
 ) defaults to zero regardless of the actual error.                      

 *** WARNING ***                         ELAPSED TIME =       9.991   TIME= 11:04:06
 The estimated error in isolated selected elements (such as element 1282 
 ) defaults to zero regardless of the actual error.                      

 *** WARNING ***                         ELAPSED TIME =       9.992   TIME= 11:04:06
 The estimated error in isolated selected elements (such as element 1283 
 ) defaults to zero regardless of the actual error.                      

 *** WARNING ***                         ELAPSED TIME =       9.995   TIME= 11:04:06
 The estimated error in isolated selected elements (such as element 1284 
 ) defaults to zero regardless of the actual error.                      

 *** WARNING ***                         ELAPSED TIME =       9.997   TIME= 11:04:06
 The estimated error in isolated selected elements (such as element 1285 
 ) defaults to zero regardless of the actual error.                      

 *** WARNING ***                         ELAPSED TIME =       9.998   TIME= 11:04:06
 The estimated error in isolated selected elements (such as element 1286 
 ) defaults to zero regardless of the actual error.                      

 *** WARNING ***                         ELAPSED TIME =      10.001   TIME= 11:04:06
 The estimated error in isolated selected elements (such as element 1287 
 ) defaults to zero regardless of the actual error.                      

 *** WARNING ***                         ELAPSED TIME =      10.003   TIME= 11:04:06
 The estimated error in isolated selected elements (such as element 1288 
 ) defaults to zero regardless of the actual error.                      

 *** WARNING ***                         ELAPSED TIME =      10.005   TIME= 11:04:06
 The estimated error in isolated selected elements (such as element 1289 
 ) defaults to zero regardless of the actual error.                      

 *** WARNING ***                         ELAPSED TIME =      10.008   TIME= 11:04:06
 The estimated error in isolated selected elements (such as element 1290 
 ) defaults to zero regardless of the actual error.                      

 *** WARNING ***                         ELAPSED TIME =      10.011   TIME= 11:04:06
 The estimated error in isolated selected elements (such as element 1291 
 ) defaults to zero regardless of the actual error.                      

 *** WARNING ***                         ELAPSED TIME =      10.013   TIME= 11:04:06
 The estimated error in isolated selected elements (such as element 1292 
 ) defaults to zero regardless of the actual error.                      

 *** WARNING ***                         ELAPSED TIME =      10.015   TIME= 11:04:06
 The estimated error in isolated selected elements (such as element 1293 
 ) defaults to zero regardless of the actual error.                      

 *** WARNING ***                         ELAPSED TIME =      10.017   TIME= 11:04:06
 The estimated error in isolated selected elements (such as element 1294 
 ) defaults to zero regardless of the actual error.                      

 *** WARNING ***                         ELAPSED TIME =      10.019   TIME= 11:04:06
 The estimated error in isolated selected elements (such as element 1295 
 ) defaults to zero regardless of the actual error.                      

 *** WARNING ***                         ELAPSED TIME =      10.021   TIME= 11:04:06
 The estimated error in isolated selected elements (such as element 1296 
 ) defaults to zero regardless of the actual error.                      

 *** WARNING ***                         ELAPSED TIME =      10.023   TIME= 11:04:06
 The estimated error in isolated selected elements (such as element 1297 
 ) defaults to zero regardless of the actual error.                      

 *** WARNING ***                         ELAPSED TIME =      10.025   TIME= 11:04:06
 The estimated error in isolated selected elements (such as element 1298 
 ) defaults to zero regardless of the actual error.                      

 *** WARNING ***                         ELAPSED TIME =      10.027   TIME= 11:04:06
 The estimated error in isolated selected elements (such as element 1299 
 ) defaults to zero regardless of the actual error.                      

 *** WARNING ***                         ELAPSED TIME =      10.029   TIME= 11:04:06
 The estimated error in isolated selected elements (such as element 1300 
 ) defaults to zero regardless of the actual error.                      

 *** WARNING ***                         ELAPSED TIME =      10.031   TIME= 11:04:06
 The estimated error in isolated selected elements (such as element 1301 
 ) defaults to zero regardless of the actual error.                      

 *** WARNING ***                         ELAPSED TIME =      10.032   TIME= 11:04:06
 The estimated error in isolated selected elements (such as element 1302 
 ) defaults to zero regardless of the actual error.                      

 *** WARNING ***                         ELAPSED TIME =      10.034   TIME= 11:04:06
 The estimated error in isolated selected elements (such as element 1303 
 ) defaults to zero regardless of the actual error.                      

 *** WARNING ***                         ELAPSED TIME =      10.036   TIME= 11:04:06
 The estimated error in isolated selected elements (such as element 1304 
 ) defaults to zero regardless of the actual error.                      

 *** WARNING ***                         ELAPSED TIME =      10.037   TIME= 11:04:06
 The estimated error in isolated selected elements (such as element 1305 
 ) defaults to zero regardless of the actual error.                      

 *** WARNING ***                         ELAPSED TIME =      10.039   TIME= 11:04:06
 The estimated error in isolated selected elements (such as element 1306 
 ) defaults to zero regardless of the actual error.                      

 *** WARNING ***                         ELAPSED TIME =      10.041   TIME= 11:04:06
 The estimated error in isolated selected elements (such as element 1307 
 ) defaults to zero regardless of the actual error.                      

 *** WARNING ***                         ELAPSED TIME =      10.043   TIME= 11:04:06
 The estimated error in isolated selected elements (such as element 1308 
 ) defaults to zero regardless of the actual error.                      

 *** WARNING ***                         ELAPSED TIME =      10.045   TIME= 11:04:06
 The estimated error in isolated selected elements (such as element 1309 
 ) defaults to zero regardless of the actual error.                      

 *** WARNING ***                         ELAPSED TIME =      10.047   TIME= 11:04:06
 The estimated error in isolated selected elements (such as element 1310 
 ) defaults to zero regardless of the actual error.                      

 *** WARNING ***                         ELAPSED TIME =      10.049   TIME= 11:04:06
 The estimated error in isolated selected elements (such as element 1311 
 ) defaults to zero regardless of the actual error.                      

 *** WARNING ***                         ELAPSED TIME =      10.050   TIME= 11:04:06
 The estimated error in isolated selected elements (such as element 1312 
 ) defaults to zero regardless of the actual error.                      

 *** WARNING ***                         ELAPSED TIME =      10.052   TIME= 11:04:06
 The estimated error in isolated selected elements (such as element 1313 
 ) defaults to zero regardless of the actual error.                      

 *** WARNING ***                         ELAPSED TIME =      10.054   TIME= 11:04:06
 The estimated error in isolated selected elements (such as element 1314 
 ) defaults to zero regardless of the actual error.                      

 *** WARNING ***                         ELAPSED TIME =      10.055   TIME= 11:04:06
 The estimated error in isolated selected elements (such as element 1315 
 ) defaults to zero regardless of the actual error.                      

 *** WARNING ***                         ELAPSED TIME =      10.057   TIME= 11:04:06
 The estimated error in isolated selected elements (such as element 1316 
 ) defaults to zero regardless of the actual error.                      

 *** WARNING ***                         ELAPSED TIME =      10.059   TIME= 11:04:06
 The estimated error in isolated selected elements (such as element 1317 
 ) defaults to zero regardless of the actual error.                      

 *** WARNING ***                         ELAPSED TIME =      10.061   TIME= 11:04:06
 The estimated error in isolated selected elements (such as element 1318 
 ) defaults to zero regardless of the actual error.                      

 *** WARNING ***                         ELAPSED TIME =      10.063   TIME= 11:04:06
 The estimated error in isolated selected elements (such as element 1319 
 ) defaults to zero regardless of the actual error.                      

 *** WARNING ***                         ELAPSED TIME =      10.064   TIME= 11:04:06
 The estimated error in isolated selected elements (such as element 1320 
 ) defaults to zero regardless of the actual error.                      

 *** WARNING ***                         ELAPSED TIME =      10.066   TIME= 11:04:06
 The estimated error in isolated selected elements (such as element 1321 
 ) defaults to zero regardless of the actual error.                      

 *** WARNING ***                         ELAPSED TIME =      10.068   TIME= 11:04:06
 The estimated error in isolated selected elements (such as element 1322 
 ) defaults to zero regardless of the actual error.                      

 *** WARNING ***                         ELAPSED TIME =      10.069   TIME= 11:04:06
 The estimated error in isolated selected elements (such as element 1323 
 ) defaults to zero regardless of the actual error.                      

 *** WARNING ***                         ELAPSED TIME =      10.071   TIME= 11:04:06
 The estimated error in isolated selected elements (such as element 1324 
 ) defaults to zero regardless of the actual error.                      

 *** WARNING ***                         ELAPSED TIME =      10.073   TIME= 11:04:06
 The estimated error in isolated selected elements (such as element 1325 
 ) defaults to zero regardless of the actual error.                      

 *** WARNING ***                         ELAPSED TIME =      10.075   TIME= 11:04:06
 The estimated error in isolated selected elements (such as element 1326 
 ) defaults to zero regardless of the actual error.                      

 *** WARNING ***                         ELAPSED TIME =      10.077   TIME= 11:04:06
 The estimated error in isolated selected elements (such as element 1327 
 ) defaults to zero regardless of the actual error.                      

 *** WARNING ***                         ELAPSED TIME =      10.078   TIME= 11:04:06
 The estimated error in isolated selected elements (such as element 1328 
 ) defaults to zero regardless of the actual error.                      

 *** WARNING ***                         ELAPSED TIME =      10.080   TIME= 11:04:06
 The estimated error in isolated selected elements (such as element 1329 
 ) defaults to zero regardless of the actual error.                      

 *** WARNING ***                         ELAPSED TIME =      10.082   TIME= 11:04:06
 The estimated error in isolated selected elements (such as element 1330 
 ) defaults to zero regardless of the actual error.                      

 *** WARNING ***                         ELAPSED TIME =      10.084   TIME= 11:04:06
 The estimated error in isolated selected elements (such as element 1331 
 ) defaults to zero regardless of the actual error.                      

 *** WARNING ***                         ELAPSED TIME =      10.085   TIME= 11:04:06
 The estimated error in isolated selected elements (such as element 1332 
 ) defaults to zero regardless of the actual error.                      

 *** WARNING ***                         ELAPSED TIME =      10.087   TIME= 11:04:06
 The estimated error in isolated selected elements (such as element 1333 
 ) defaults to zero regardless of the actual error.                      

 *** WARNING ***                         ELAPSED TIME =      10.089   TIME= 11:04:06
 The estimated error in isolated selected elements (such as element 1334 
 ) defaults to zero regardless of the actual error.                      

 *** WARNING ***                         ELAPSED TIME =      10.091   TIME= 11:04:06
 The estimated error in isolated selected elements (such as element 1335 
 ) defaults to zero regardless of the actual error.                      

 *** WARNING ***                         ELAPSED TIME =      10.093   TIME= 11:04:06
 The estimated error in isolated selected elements (such as element 1336 
 ) defaults to zero regardless of the actual error.                      

 *** WARNING ***                         ELAPSED TIME =      10.095   TIME= 11:04:06
 The estimated error in isolated selected elements (such as element 1337 
 ) defaults to zero regardless of the actual error.                      

 *** WARNING ***                         ELAPSED TIME =      10.096   TIME= 11:04:06
 The estimated error in isolated selected elements (such as element 1338 
 ) defaults to zero regardless of the actual error.                      

 *** WARNING ***                         ELAPSED TIME =      10.098   TIME= 11:04:06
 The estimated error in isolated selected elements (such as element 1339 
 ) defaults to zero regardless of the actual error.                      

 *** WARNING ***                         ELAPSED TIME =      10.100   TIME= 11:04:06
 The estimated error in isolated selected elements (such as element 1340 
 ) defaults to zero regardless of the actual error.                      

 *** WARNING ***                         ELAPSED TIME =      10.101   TIME= 11:04:06
 The estimated error in isolated selected elements (such as element 1341 
 ) defaults to zero regardless of the actual error.                      

 *** WARNING ***                         ELAPSED TIME =      10.103   TIME= 11:04:06
 The estimated error in isolated selected elements (such as element 1342 
 ) defaults to zero regardless of the actual error.                      

 *** WARNING ***                         ELAPSED TIME =      10.105   TIME= 11:04:06
 The estimated error in isolated selected elements (such as element 1343 
 ) defaults to zero regardless of the actual error.                      

 *** WARNING ***                         ELAPSED TIME =      10.107   TIME= 11:04:06
 The estimated error in isolated selected elements (such as element 1344 
 ) defaults to zero regardless of the actual error.                      

 *** WARNING ***                         ELAPSED TIME =      10.109   TIME= 11:04:06
 The estimated error in isolated selected elements (such as element 1345 
 ) defaults to zero regardless of the actual error.                      

 *** WARNING ***                         ELAPSED TIME =      10.111   TIME= 11:04:06
 The estimated error in isolated selected elements (such as element 1346 
 ) defaults to zero regardless of the actual error.                      

 *** WARNING ***                         ELAPSED TIME =      10.113   TIME= 11:04:06
 The estimated error in isolated selected elements (such as element 1347 
 ) defaults to zero regardless of the actual error.                      

 *** WARNING ***                         ELAPSED TIME =      10.114   TIME= 11:04:06
 The estimated error in isolated selected elements (such as element 1348 
 ) defaults to zero regardless of the actual error.                      

 *** WARNING ***                         ELAPSED TIME =      10.116   TIME= 11:04:06
 The estimated error in isolated selected elements (such as element 1349 
 ) defaults to zero regardless of the actual error.                      

 *** WARNING ***                         ELAPSED TIME =      10.118   TIME= 11:04:06
 The estimated error in isolated selected elements (such as element 1350 
 ) defaults to zero regardless of the actual error.                      

 *** WARNING ***                         ELAPSED TIME =      10.119   TIME= 11:04:06
 The estimated error in isolated selected elements (such as element 1351 
 ) defaults to zero regardless of the actual error.                      

 *** WARNING ***                         ELAPSED TIME =      10.122   TIME= 11:04:06
 The estimated error in isolated selected elements (such as element 1352 
 ) defaults to zero regardless of the actual error.                      

 *** WARNING ***                         ELAPSED TIME =      10.124   TIME= 11:04:06
 The estimated error in isolated selected elements (such as element 1353 
 ) defaults to zero regardless of the actual error.                      

 *** WARNING ***                         ELAPSED TIME =      10.125   TIME= 11:04:06
 The estimated error in isolated selected elements (such as element 1354 
 ) defaults to zero regardless of the actual error.                      

 *** WARNING ***                         ELAPSED TIME =      10.127   TIME= 11:04:06
 The estimated error in isolated selected elements (such as element 1355 
 ) defaults to zero regardless of the actual error.                      

 *** WARNING ***                         ELAPSED TIME =      10.129   TIME= 11:04:06
 The estimated error in isolated selected elements (such as element 1356 
 ) defaults to zero regardless of the actual error.                      

 *** WARNING ***                         ELAPSED TIME =      10.130   TIME= 11:04:06
 The estimated error in isolated selected elements (such as element 1357 
 ) defaults to zero regardless of the actual error.                      

 *** WARNING ***                         ELAPSED TIME =      10.132   TIME= 11:04:06
 The estimated error in isolated selected elements (such as element 1358 
 ) defaults to zero regardless of the actual error.                      

 *** WARNING ***                         ELAPSED TIME =      10.134   TIME= 11:04:06
 The estimated error in isolated selected elements (such as element 1359 
 ) defaults to zero regardless of the actual error.                      

 *** WARNING ***                         ELAPSED TIME =      10.135   TIME= 11:04:06
 The estimated error in isolated selected elements (such as element 1360 
 ) defaults to zero regardless of the actual error.                      

 *** WARNING ***                         ELAPSED TIME =      10.137   TIME= 11:04:06
 The estimated error in isolated selected elements (such as element 1361 
 ) defaults to zero regardless of the actual error.                      

 *** WARNING ***                         ELAPSED TIME =      10.139   TIME= 11:04:06
 The estimated error in isolated selected elements (such as element 1362 
 ) defaults to zero regardless of the actual error.                      

 *** WARNING ***                         ELAPSED TIME =      10.141   TIME= 11:04:06
 The estimated error in isolated selected elements (such as element 1363 
 ) defaults to zero regardless of the actual error.                      

 *** WARNING ***                         ELAPSED TIME =      10.142   TIME= 11:04:06
 The estimated error in isolated selected elements (such as element 1364 
 ) defaults to zero regardless of the actual error.                      

 *** WARNING ***                         ELAPSED TIME =      10.144   TIME= 11:04:06
 The estimated error in isolated selected elements (such as element 1365 
 ) defaults to zero regardless of the actual error.                      

 *** WARNING ***                         ELAPSED TIME =      10.146   TIME= 11:04:06
 The estimated error in isolated selected elements (such as element 1366 
 ) defaults to zero regardless of the actual error.                      

 *** WARNING ***                         ELAPSED TIME =      10.147   TIME= 11:04:06
 The estimated error in isolated selected elements (such as element 1367 
 ) defaults to zero regardless of the actual error.                      

 *** WARNING ***                         ELAPSED TIME =      10.149   TIME= 11:04:06
 The estimated error in isolated selected elements (such as element 1368 
 ) defaults to zero regardless of the actual error.                      

 *** WARNING ***                         ELAPSED TIME =      10.151   TIME= 11:04:06
 The estimated error in isolated selected elements (such as element 1369 
 ) defaults to zero regardless of the actual error.                      

 *** WARNING ***                         ELAPSED TIME =      10.153   TIME= 11:04:06
 The estimated error in isolated selected elements (such as element 1370 
 ) defaults to zero regardless of the actual error.                      

 *** WARNING ***                         ELAPSED TIME =      10.155   TIME= 11:04:06
 The estimated error in isolated selected elements (such as element 1371 
 ) defaults to zero regardless of the actual error.                      

 *** WARNING ***                         ELAPSED TIME =      10.157   TIME= 11:04:06
 The estimated error in isolated selected elements (such as element 1372 
 ) defaults to zero regardless of the actual error.                      

 *** WARNING ***                         ELAPSED TIME =      10.158   TIME= 11:04:06
 The estimated error in isolated selected elements (such as element 1373 
 ) defaults to zero regardless of the actual error.                      

 *** WARNING ***                         ELAPSED TIME =      10.160   TIME= 11:04:06
 The estimated error in isolated selected elements (such as element 1374 
 ) defaults to zero regardless of the actual error.                      

 *** WARNING ***                         ELAPSED TIME =      10.162   TIME= 11:04:06
 The estimated error in isolated selected elements (such as element 1375 
 ) defaults to zero regardless of the actual error.                      

 *** WARNING ***                         ELAPSED TIME =      10.164   TIME= 11:04:06
 The estimated error in isolated selected elements (such as element 1376 
 ) defaults to zero regardless of the actual error.                      

 *** WARNING ***                         ELAPSED TIME =      10.165   TIME= 11:04:06
 The estimated error in isolated selected elements (such as element 1377 
 ) defaults to zero regardless of the actual error.                      

 *** WARNING ***                         ELAPSED TIME =      10.167   TIME= 11:04:06
 The estimated error in isolated selected elements (such as element 1378 
 ) defaults to zero regardless of the actual error.                      

 *** WARNING ***                         ELAPSED TIME =      10.169   TIME= 11:04:06
 The estimated error in isolated selected elements (such as element 1379 
 ) defaults to zero regardless of the actual error.                      

 *** WARNING ***                         ELAPSED TIME =      10.171   TIME= 11:04:06
 The estimated error in isolated selected elements (such as element 1380 
 ) defaults to zero regardless of the actual error.                      

 *** WARNING ***                         ELAPSED TIME =      10.173   TIME= 11:04:06
 The estimated error in isolated selected elements (such as element 1381 
 ) defaults to zero regardless of the actual error.                      

 *** WARNING ***                         ELAPSED TIME =      10.174   TIME= 11:04:06
 The estimated error in isolated selected elements (such as element 1382 
 ) defaults to zero regardless of the actual error.                      

 *** WARNING ***                         ELAPSED TIME =      10.176   TIME= 11:04:06
 The estimated error in isolated selected elements (such as element 1383 
 ) defaults to zero regardless of the actual error.                      

 *** WARNING ***                         ELAPSED TIME =      10.178   TIME= 11:04:06
 The estimated error in isolated selected elements (such as element 1384 
 ) defaults to zero regardless of the actual error.                      

 *** WARNING ***                         ELAPSED TIME =      10.180   TIME= 11:04:06
 The estimated error in isolated selected elements (such as element 1385 
 ) defaults to zero regardless of the actual error.                      

 *** WARNING ***                         ELAPSED TIME =      10.181   TIME= 11:04:06
 The estimated error in isolated selected elements (such as element 1386 
 ) defaults to zero regardless of the actual error.                      

 *** WARNING ***                         ELAPSED TIME =      10.183   TIME= 11:04:07
 The estimated error in isolated selected elements (such as element 1387 
 ) defaults to zero regardless of the actual error.                      

 *** WARNING ***                         ELAPSED TIME =      10.186   TIME= 11:04:07
 The estimated error in isolated selected elements (such as element 1388 
 ) defaults to zero regardless of the actual error.                      

 *** WARNING ***                         ELAPSED TIME =      10.188   TIME= 11:04:07
 The estimated error in isolated selected elements (such as element 1389 
 ) defaults to zero regardless of the actual error.                      

 *** WARNING ***                         ELAPSED TIME =      10.189   TIME= 11:04:07
 The estimated error in isolated selected elements (such as element 1390 
 ) defaults to zero regardless of the actual error.                      

 *** WARNING ***                         ELAPSED TIME =      10.191   TIME= 11:04:07
 The estimated error in isolated selected elements (such as element 1391 
 ) defaults to zero regardless of the actual error.                      

 *** WARNING ***                         ELAPSED TIME =      10.194   TIME= 11:04:07
 The estimated error in isolated selected elements (such as element 1392 
 ) defaults to zero regardless of the actual error.                      

 *** WARNING ***                         ELAPSED TIME =      10.196   TIME= 11:04:07
 The estimated error in isolated selected elements (such as element 1393 
 ) defaults to zero regardless of the actual error.                      

 *** WARNING ***                         ELAPSED TIME =      10.198   TIME= 11:04:07
 The estimated error in isolated selected elements (such as element 1394 
 ) defaults to zero regardless of the actual error.                      

 *** WARNING ***                         ELAPSED TIME =      10.200   TIME= 11:04:07
 The estimated error in isolated selected elements (such as element 1395 
 ) defaults to zero regardless of the actual error.                      

 *** WARNING ***                         ELAPSED TIME =      10.201   TIME= 11:04:07
 The estimated error in isolated selected elements (such as element 1396 
 ) defaults to zero regardless of the actual error.                      

 *** WARNING ***                         ELAPSED TIME =      10.203   TIME= 11:04:07
 The estimated error in isolated selected elements (such as element 1397 
 ) defaults to zero regardless of the actual error.                      

 *** WARNING ***                         ELAPSED TIME =      10.205   TIME= 11:04:07
 The estimated error in isolated selected elements (such as element 1398 
 ) defaults to zero regardless of the actual error.                      

 *** WARNING ***                         ELAPSED TIME =      10.207   TIME= 11:04:07
 The estimated error in isolated selected elements (such as element 1399 
 ) defaults to zero regardless of the actual error.                      

 *** WARNING ***                         ELAPSED TIME =      10.208   TIME= 11:04:07
 The estimated error in isolated selected elements (such as element 1400 
 ) defaults to zero regardless of the actual error.                      

 *** WARNING ***                         ELAPSED TIME =      10.210   TIME= 11:04:07
 The estimated error in isolated selected elements (such as element 1401 
 ) defaults to zero regardless of the actual error.                      

 *** WARNING ***                         ELAPSED TIME =      10.212   TIME= 11:04:07
 The estimated error in isolated selected elements (such as element 1402 
 ) defaults to zero regardless of the actual error.                      

 *** WARNING ***                         ELAPSED TIME =      10.214   TIME= 11:04:07
 The estimated error in isolated selected elements (such as element 1403 
 ) defaults to zero regardless of the actual error.                      

 *** WARNING ***                         ELAPSED TIME =      10.216   TIME= 11:04:07
 The estimated error in isolated selected elements (such as element 1404 
 ) defaults to zero regardless of the actual error.                      

 *** WARNING ***                         ELAPSED TIME =      10.218   TIME= 11:04:07
 The estimated error in isolated selected elements (such as element 1405 
 ) defaults to zero regardless of the actual error.                      

 *** WARNING ***                         ELAPSED TIME =      10.219   TIME= 11:04:07
 The estimated error in isolated selected elements (such as element 1406 
 ) defaults to zero regardless of the actual error.                      

 *** WARNING ***                         ELAPSED TIME =      10.221   TIME= 11:04:07
 The estimated error in isolated selected elements (such as element 1407 
 ) defaults to zero regardless of the actual error.                      

 *** WARNING ***                         ELAPSED TIME =      10.223   TIME= 11:04:07
 The estimated error in isolated selected elements (such as element 1408 
 ) defaults to zero regardless of the actual error.                      

 *** WARNING ***                         ELAPSED TIME =      10.225   TIME= 11:04:07
 The estimated error in isolated selected elements (such as element 1409 
 ) defaults to zero regardless of the actual error.                      

 *** WARNING ***                         ELAPSED TIME =      10.227   TIME= 11:04:07
 The estimated error in isolated selected elements (such as element 1410 
 ) defaults to zero regardless of the actual error.                      

 *** WARNING ***                         ELAPSED TIME =      10.229   TIME= 11:04:07
 The estimated error in isolated selected elements (such as element 1411 
 ) defaults to zero regardless of the actual error.                      

 *** WARNING ***                         ELAPSED TIME =      10.230   TIME= 11:04:07
 The estimated error in isolated selected elements (such as element 1412 
 ) defaults to zero regardless of the actual error.                      

 *** WARNING ***                         ELAPSED TIME =      10.233   TIME= 11:04:07
 The estimated error in isolated selected elements (such as element 1413 
 ) defaults to zero regardless of the actual error.                      

 *** WARNING ***                         ELAPSED TIME =      10.235   TIME= 11:04:07
 The estimated error in isolated selected elements (such as element 1414 
 ) defaults to zero regardless of the actual error.                      

 *** WARNING ***                         ELAPSED TIME =      10.237   TIME= 11:04:07
 The estimated error in isolated selected elements (such as element 1415 
 ) defaults to zero regardless of the actual error.                      

 *** WARNING ***                         ELAPSED TIME =      10.239   TIME= 11:04:07
 The estimated error in isolated selected elements (such as element 1416 
 ) defaults to zero regardless of the actual error.                      

 *** WARNING ***                         ELAPSED TIME =      10.241   TIME= 11:04:07
 The estimated error in isolated selected elements (such as element 1417 
 ) defaults to zero regardless of the actual error.                      

 *** WARNING ***                         ELAPSED TIME =      10.242   TIME= 11:04:07
 The estimated error in isolated selected elements (such as element 1418 
 ) defaults to zero regardless of the actual error.                      

 *** WARNING ***                         ELAPSED TIME =      10.244   TIME= 11:04:07
 The estimated error in isolated selected elements (such as element 1419 
 ) defaults to zero regardless of the actual error.                      

 *** WARNING ***                         ELAPSED TIME =      10.246   TIME= 11:04:07
 The estimated error in isolated selected elements (such as element 1420 
 ) defaults to zero regardless of the actual error.                      

 *** WARNING ***                         ELAPSED TIME =      10.248   TIME= 11:04:07
 The estimated error in isolated selected elements (such as element 1421 
 ) defaults to zero regardless of the actual error.                      

 *** WARNING ***                         ELAPSED TIME =      10.250   TIME= 11:04:07
 The estimated error in isolated selected elements (such as element 1422 
 ) defaults to zero regardless of the actual error.                      

 *** WARNING ***                         ELAPSED TIME =      10.252   TIME= 11:04:07
 The estimated error in isolated selected elements (such as element 1423 
 ) defaults to zero regardless of the actual error.                      

 *** WARNING ***                         ELAPSED TIME =      10.253   TIME= 11:04:07
 The estimated error in isolated selected elements (such as element 1424 
 ) defaults to zero regardless of the actual error.                      

 *** WARNING ***                         ELAPSED TIME =      10.255   TIME= 11:04:07
 The estimated error in isolated selected elements (such as element 1425 
 ) defaults to zero regardless of the actual error.                      

 *** WARNING ***                         ELAPSED TIME =      10.257   TIME= 11:04:07
 The estimated error in isolated selected elements (such as element 1426 
 ) defaults to zero regardless of the actual error.                      

 *** WARNING ***                         ELAPSED TIME =      10.258   TIME= 11:04:07
 The estimated error in isolated selected elements (such as element 1427 
 ) defaults to zero regardless of the actual error.                      

 *** WARNING ***                         ELAPSED TIME =      10.260   TIME= 11:04:07
 The estimated error in isolated selected elements (such as element 1428 
 ) defaults to zero regardless of the actual error.                      

 *** WARNING ***                         ELAPSED TIME =      10.262   TIME= 11:04:07
 The estimated error in isolated selected elements (such as element 1429 
 ) defaults to zero regardless of the actual error.                      

 *** WARNING ***                         ELAPSED TIME =      10.264   TIME= 11:04:07
 The estimated error in isolated selected elements (such as element 1430 
 ) defaults to zero regardless of the actual error.                      

 *** WARNING ***                         ELAPSED TIME =      10.265   TIME= 11:04:07
 The estimated error in isolated selected elements (such as element 1431 
 ) defaults to zero regardless of the actual error.                      

 *** WARNING ***                         ELAPSED TIME =      10.267   TIME= 11:04:07
 The estimated error in isolated selected elements (such as element 1432 
 ) defaults to zero regardless of the actual error.                      

 *** WARNING ***                         ELAPSED TIME =      10.269   TIME= 11:04:07
 The estimated error in isolated selected elements (such as element 1433 
 ) defaults to zero regardless of the actual error.                      

 *** WARNING ***                         ELAPSED TIME =      10.270   TIME= 11:04:07
 The estimated error in isolated selected elements (such as element 1434 
 ) defaults to zero regardless of the actual error.                      

 *** WARNING ***                         ELAPSED TIME =      10.272   TIME= 11:04:07
 The estimated error in isolated selected elements (such as element 1435 
 ) defaults to zero regardless of the actual error.                      

 *** WARNING ***                         ELAPSED TIME =      10.274   TIME= 11:04:07
 The estimated error in isolated selected elements (such as element 1436 
 ) defaults to zero regardless of the actual error.                      

 *** WARNING ***                         ELAPSED TIME =      10.275   TIME= 11:04:07
 The estimated error in isolated selected elements (such as element 1437 
 ) defaults to zero regardless of the actual error.                      

 *** WARNING ***                         ELAPSED TIME =      10.277   TIME= 11:04:07
 The estimated error in isolated selected elements (such as element 1438 
 ) defaults to zero regardless of the actual error.                      

 *** WARNING ***                         ELAPSED TIME =      10.279   TIME= 11:04:07
 The estimated error in isolated selected elements (such as element 1439 
 ) defaults to zero regardless of the actual error.                      

 *** WARNING ***                         ELAPSED TIME =      10.281   TIME= 11:04:07
 The estimated error in isolated selected elements (such as element 1440 
 ) defaults to zero regardless of the actual error.                      

 *** WARNING ***                         ELAPSED TIME =      10.283   TIME= 11:04:07
 The estimated error in isolated selected elements (such as element 1441 
 ) defaults to zero regardless of the actual error.                      

 *** WARNING ***                         ELAPSED TIME =      10.285   TIME= 11:04:07
 The estimated error in isolated selected elements (such as element 1442 
 ) defaults to zero regardless of the actual error.                      

 *** WARNING ***                         ELAPSED TIME =      10.287   TIME= 11:04:07
 The estimated error in isolated selected elements (such as element 1443 
 ) defaults to zero regardless of the actual error.                      

 *** WARNING ***                         ELAPSED TIME =      10.288   TIME= 11:04:07
 The estimated error in isolated selected elements (such as element 1444 
 ) defaults to zero regardless of the actual error.                      

 *** WARNING ***                         ELAPSED TIME =      10.290   TIME= 11:04:07
 The estimated error in isolated selected elements (such as element 1445 
 ) defaults to zero regardless of the actual error.                      

 *** WARNING ***                         ELAPSED TIME =      10.292   TIME= 11:04:07
 The estimated error in isolated selected elements (such as element 1446 
 ) defaults to zero regardless of the actual error.                      

 *** WARNING ***                         ELAPSED TIME =      10.293   TIME= 11:04:07
 The estimated error in isolated selected elements (such as element 1447 
 ) defaults to zero regardless of the actual error.                      

 *** WARNING ***                         ELAPSED TIME =      10.296   TIME= 11:04:07
 The estimated error in isolated selected elements (such as element 1448 
 ) defaults to zero regardless of the actual error.                      

 *** WARNING ***                         ELAPSED TIME =      10.297   TIME= 11:04:07
 The estimated error in isolated selected elements (such as element 1449 
 ) defaults to zero regardless of the actual error.                      

 *** WARNING ***                         ELAPSED TIME =      10.299   TIME= 11:04:07
 The estimated error in isolated selected elements (such as element 1450 
 ) defaults to zero regardless of the actual error.                      

 *** WARNING ***                         ELAPSED TIME =      10.301   TIME= 11:04:07
 The estimated error in isolated selected elements (such as element 1451 
 ) defaults to zero regardless of the actual error.                      

 *** WARNING ***                         ELAPSED TIME =      10.303   TIME= 11:04:07
 The estimated error in isolated selected elements (such as element 1452 
 ) defaults to zero regardless of the actual error.                      

 *** WARNING ***                         ELAPSED TIME =      10.304   TIME= 11:04:07
 The estimated error in isolated selected elements (such as element 1453 
 ) defaults to zero regardless of the actual error.                      

 *** WARNING ***                         ELAPSED TIME =      10.306   TIME= 11:04:07
 The estimated error in isolated selected elements (such as element 1454 
 ) defaults to zero regardless of the actual error.                      

 *** WARNING ***                         ELAPSED TIME =      10.308   TIME= 11:04:07
 The estimated error in isolated selected elements (such as element 1455 
 ) defaults to zero regardless of the actual error.                      

 *** WARNING ***                         ELAPSED TIME =      10.309   TIME= 11:04:07
 The estimated error in isolated selected elements (such as element 1456 
 ) defaults to zero regardless of the actual error.                      

 *** WARNING ***                         ELAPSED TIME =      10.312   TIME= 11:04:07
 The estimated error in isolated selected elements (such as element 1457 
 ) defaults to zero regardless of the actual error.                      

 *** WARNING ***                         ELAPSED TIME =      10.314   TIME= 11:04:07
 The estimated error in isolated selected elements (such as element 1458 
 ) defaults to zero regardless of the actual error.                      

 *** WARNING ***                         ELAPSED TIME =      10.316   TIME= 11:04:07
 The estimated error in isolated selected elements (such as element 1459 
 ) defaults to zero regardless of the actual error.                      

 *** WARNING ***                         ELAPSED TIME =      10.318   TIME= 11:04:07
 The estimated error in isolated selected elements (such as element 1460 
 ) defaults to zero regardless of the actual error.                      

 *** WARNING ***                         ELAPSED TIME =      10.320   TIME= 11:04:07
 The estimated error in isolated selected elements (such as element 1461 
 ) defaults to zero regardless of the actual error.                      

 *** WARNING ***                         ELAPSED TIME =      10.323   TIME= 11:04:07
 The estimated error in isolated selected elements (such as element 1462 
 ) defaults to zero regardless of the actual error.                      

 *** WARNING ***                         ELAPSED TIME =      10.325   TIME= 11:04:07
 The estimated error in isolated selected elements (such as element 1463 
 ) defaults to zero regardless of the actual error.                      

 *** WARNING ***                         ELAPSED TIME =      10.328   TIME= 11:04:07
 The estimated error in isolated selected elements (such as element 1464 
 ) defaults to zero regardless of the actual error.                      

 *** WARNING ***                         ELAPSED TIME =      10.330   TIME= 11:04:07
 The estimated error in isolated selected elements (such as element 1465 
 ) defaults to zero regardless of the actual error.                      

 *** WARNING ***                         ELAPSED TIME =      10.332   TIME= 11:04:07
 The estimated error in isolated selected elements (such as element 1466 
 ) defaults to zero regardless of the actual error.                      

 *** WARNING ***                         ELAPSED TIME =      10.334   TIME= 11:04:07
 The estimated error in isolated selected elements (such as element 1467 
 ) defaults to zero regardless of the actual error.                      

 *** WARNING ***                         ELAPSED TIME =      10.335   TIME= 11:04:07
 The estimated error in isolated selected elements (such as element 1468 
 ) defaults to zero regardless of the actual error.                      

 *** WARNING ***                         ELAPSED TIME =      10.337   TIME= 11:04:07
 The estimated error in isolated selected elements (such as element 1469 
 ) defaults to zero regardless of the actual error.                      

 *** WARNING ***                         ELAPSED TIME =      10.339   TIME= 11:04:07
 The estimated error in isolated selected elements (such as element 1470 
 ) defaults to zero regardless of the actual error.                      

 *** WARNING ***                         ELAPSED TIME =      10.340   TIME= 11:04:07
 The estimated error in isolated selected elements (such as element 1471 
 ) defaults to zero regardless of the actual error.                      

 *** WARNING ***                         ELAPSED TIME =      10.342   TIME= 11:04:07
 The estimated error in isolated selected elements (such as element 1472 
 ) defaults to zero regardless of the actual error.                      

 *** WARNING ***                         ELAPSED TIME =      10.345   TIME= 11:04:07
 The estimated error in isolated selected elements (such as element 1473 
 ) defaults to zero regardless of the actual error.                      

 *** WARNING ***                         ELAPSED TIME =      10.347   TIME= 11:04:07
 The estimated error in isolated selected elements (such as element 1474 
 ) defaults to zero regardless of the actual error.                      

 *** WARNING ***                         ELAPSED TIME =      10.348   TIME= 11:04:07
 The estimated error in isolated selected elements (such as element 1475 
 ) defaults to zero regardless of the actual error.                      

 *** WARNING ***                         ELAPSED TIME =      10.350   TIME= 11:04:07
 The estimated error in isolated selected elements (such as element 1476 
 ) defaults to zero regardless of the actual error.                      

 *** WARNING ***                         ELAPSED TIME =      10.352   TIME= 11:04:07
 The estimated error in isolated selected elements (such as element 1477 
 ) defaults to zero regardless of the actual error.                      

 *** WARNING ***                         ELAPSED TIME =      10.353   TIME= 11:04:07
 The estimated error in isolated selected elements (such as element 1478 
 ) defaults to zero regardless of the actual error.                      

 *** WARNING ***                         ELAPSED TIME =      10.355   TIME= 11:04:07
 The estimated error in isolated selected elements (such as element 1479 
 ) defaults to zero regardless of the actual error.                      

 *** WARNING ***                         ELAPSED TIME =      10.357   TIME= 11:04:07
 The estimated error in isolated selected elements (such as element 1480 
 ) defaults to zero regardless of the actual error.                      

 *** WARNING ***                         ELAPSED TIME =      10.359   TIME= 11:04:07
 The estimated error in isolated selected elements (such as element 1481 
 ) defaults to zero regardless of the actual error.                      

 *** WARNING ***                         ELAPSED TIME =      10.361   TIME= 11:04:07
 The estimated error in isolated selected elements (such as element 1482 
 ) defaults to zero regardless of the actual error.                      

 *** WARNING ***                         ELAPSED TIME =      10.363   TIME= 11:04:07
 The estimated error in isolated selected elements (such as element 1483 
 ) defaults to zero regardless of the actual error.                      

 *** WARNING ***                         ELAPSED TIME =      10.365   TIME= 11:04:07
 The estimated error in isolated selected elements (such as element 1484 
 ) defaults to zero regardless of the actual error.                      

 *** WARNING ***                         ELAPSED TIME =      10.366   TIME= 11:04:07
 The estimated error in isolated selected elements (such as element 1485 
 ) defaults to zero regardless of the actual error.                      

 *** WARNING ***                         ELAPSED TIME =      10.368   TIME= 11:04:07
 The estimated error in isolated selected elements (such as element 1486 
 ) defaults to zero regardless of the actual error.                      

 *** WARNING ***                         ELAPSED TIME =      10.370   TIME= 11:04:07
 The estimated error in isolated selected elements (such as element 1487 
 ) defaults to zero regardless of the actual error.                      

 *** WARNING ***                         ELAPSED TIME =      10.371   TIME= 11:04:07
 The estimated error in isolated selected elements (such as element 1488 
 ) defaults to zero regardless of the actual error.                      

 *** WARNING ***                         ELAPSED TIME =      10.373   TIME= 11:04:07
 The estimated error in isolated selected elements (such as element 1489 
 ) defaults to zero regardless of the actual error.                      

 *** WARNING ***                         ELAPSED TIME =      10.375   TIME= 11:04:07
 The estimated error in isolated selected elements (such as element 1490 
 ) defaults to zero regardless of the actual error.                      

 *** WARNING ***                         ELAPSED TIME =      10.377   TIME= 11:04:07
 The estimated error in isolated selected elements (such as element 1491 
 ) defaults to zero regardless of the actual error.                      

 *** WARNING ***                         ELAPSED TIME =      10.379   TIME= 11:04:07
 The estimated error in isolated selected elements (such as element 1492 
 ) defaults to zero regardless of the actual error.                      

 *** WARNING ***                         ELAPSED TIME =      10.381   TIME= 11:04:07
 The estimated error in isolated selected elements (such as element 1493 
 ) defaults to zero regardless of the actual error.                      

 *** WARNING ***                         ELAPSED TIME =      10.383   TIME= 11:04:07
 The estimated error in isolated selected elements (such as element 1494 
 ) defaults to zero regardless of the actual error.                      

 *** WARNING ***                         ELAPSED TIME =      10.385   TIME= 11:04:07
 The estimated error in isolated selected elements (such as element 1495 
 ) defaults to zero regardless of the actual error.                      

 *** WARNING ***                         ELAPSED TIME =      10.387   TIME= 11:04:07
 The estimated error in isolated selected elements (such as element 1496 
 ) defaults to zero regardless of the actual error.                      

 *** WARNING ***                         ELAPSED TIME =      10.390   TIME= 11:04:07
 The estimated error in isolated selected elements (such as element 1497 
 ) defaults to zero regardless of the actual error.                      

 *** WARNING ***                         ELAPSED TIME =      10.393   TIME= 11:04:07
 The estimated error in isolated selected elements (such as element 1498 
 ) defaults to zero regardless of the actual error.                      

 *** WARNING ***                         ELAPSED TIME =      10.395   TIME= 11:04:07
 The estimated error in isolated selected elements (such as element 1499 
 ) defaults to zero regardless of the actual error.                      

 *** WARNING ***                         ELAPSED TIME =      10.397   TIME= 11:04:07
 The estimated error in isolated selected elements (such as element 1500 
 ) defaults to zero regardless of the actual error.                      

 *** WARNING ***                         ELAPSED TIME =      10.400   TIME= 11:04:07
 The estimated error in isolated selected elements (such as element 1501 
 ) defaults to zero regardless of the actual error.                      

 *** WARNING ***                         ELAPSED TIME =      10.403   TIME= 11:04:07
 The estimated error in isolated selected elements (such as element 1502 
 ) defaults to zero regardless of the actual error.                      

 *** WARNING ***                         ELAPSED TIME =      10.405   TIME= 11:04:07
 The estimated error in isolated selected elements (such as element 1503 
 ) defaults to zero regardless of the actual error.                      

 *** WARNING ***                         ELAPSED TIME =      10.407   TIME= 11:04:07
 The estimated error in isolated selected elements (such as element 1504 
 ) defaults to zero regardless of the actual error.                      

 *** WARNING ***                         ELAPSED TIME =      10.409   TIME= 11:04:07
 The estimated error in isolated selected elements (such as element 1505 
 ) defaults to zero regardless of the actual error.                      

 *** WARNING ***                         ELAPSED TIME =      10.412   TIME= 11:04:07
 The estimated error in isolated selected elements (such as element 1506 
 ) defaults to zero regardless of the actual error.                      

 *** WARNING ***                         ELAPSED TIME =      10.414   TIME= 11:04:07
 The estimated error in isolated selected elements (such as element 1507 
 ) defaults to zero regardless of the actual error.                      

 *** WARNING ***                         ELAPSED TIME =      10.415   TIME= 11:04:07
 The estimated error in isolated selected elements (such as element 1508 
 ) defaults to zero regardless of the actual error.                      

 *** WARNING ***                         ELAPSED TIME =      10.417   TIME= 11:04:07
 The estimated error in isolated selected elements (such as element 1509 
 ) defaults to zero regardless of the actual error.                      

 *** WARNING ***                         ELAPSED TIME =      10.419   TIME= 11:04:07
 The estimated error in isolated selected elements (such as element 1510 
 ) defaults to zero regardless of the actual error.                      

 *** WARNING ***                         ELAPSED TIME =      10.420   TIME= 11:04:07
 The estimated error in isolated selected elements (such as element 1511 
 ) defaults to zero regardless of the actual error.                      

 *** WARNING ***                         ELAPSED TIME =      10.422   TIME= 11:04:07
 The estimated error in isolated selected elements (such as element 1512 
 ) defaults to zero regardless of the actual error.                      

 *** WARNING ***                         ELAPSED TIME =      10.424   TIME= 11:04:07
 The estimated error in isolated selected elements (such as element 1513 
 ) defaults to zero regardless of the actual error.                      

 *** WARNING ***                         ELAPSED TIME =      10.426   TIME= 11:04:07
 The estimated error in isolated selected elements (such as element 1514 
 ) defaults to zero regardless of the actual error.                      

 *** WARNING ***                         ELAPSED TIME =      10.428   TIME= 11:04:07
 The estimated error in isolated selected elements (such as element 1515 
 ) defaults to zero regardless of the actual error.                      

 *** WARNING ***                         ELAPSED TIME =      10.430   TIME= 11:04:07
 The estimated error in isolated selected elements (such as element 1516 
 ) defaults to zero regardless of the actual error.                      

 *** WARNING ***                         ELAPSED TIME =      10.432   TIME= 11:04:07
 The estimated error in isolated selected elements (such as element 1517 
 ) defaults to zero regardless of the actual error.                      

 *** WARNING ***                         ELAPSED TIME =      10.434   TIME= 11:04:07
 The estimated error in isolated selected elements (such as element 1518 
 ) defaults to zero regardless of the actual error.                      

 *** WARNING ***                         ELAPSED TIME =      10.435   TIME= 11:04:07
 The estimated error in isolated selected elements (such as element 1519 
 ) defaults to zero regardless of the actual error.                      

 *** WARNING ***                         ELAPSED TIME =      10.437   TIME= 11:04:07
 The estimated error in isolated selected elements (such as element 1520 
 ) defaults to zero regardless of the actual error.                      

 *** WARNING ***                         ELAPSED TIME =      10.439   TIME= 11:04:07
 The estimated error in isolated selected elements (such as element 1521 
 ) defaults to zero regardless of the actual error.                      

 *** WARNING ***                         ELAPSED TIME =      10.441   TIME= 11:04:07
 The estimated error in isolated selected elements (such as element 1522 
 ) defaults to zero regardless of the actual error.                      

 *** WARNING ***                         ELAPSED TIME =      10.442   TIME= 11:04:07
 The estimated error in isolated selected elements (such as element 1523 
 ) defaults to zero regardless of the actual error.                      

 *** WARNING ***                         ELAPSED TIME =      10.444   TIME= 11:04:07
 The estimated error in isolated selected elements (such as element 1524 
 ) defaults to zero regardless of the actual error.                      

 *** WARNING ***                         ELAPSED TIME =      10.446   TIME= 11:04:07
 The estimated error in isolated selected elements (such as element 1525 
 ) defaults to zero regardless of the actual error.                      

 *** WARNING ***                         ELAPSED TIME =      10.448   TIME= 11:04:07
 The estimated error in isolated selected elements (such as element 1526 
 ) defaults to zero regardless of the actual error.                      

 *** WARNING ***                         ELAPSED TIME =      10.450   TIME= 11:04:07
 The estimated error in isolated selected elements (such as element 1527 
 ) defaults to zero regardless of the actual error.                      

 *** WARNING ***                         ELAPSED TIME =      10.451   TIME= 11:04:07
 The estimated error in isolated selected elements (such as element 1528 
 ) defaults to zero regardless of the actual error.                      

 *** WARNING ***                         ELAPSED TIME =      10.453   TIME= 11:04:07
 The estimated error in isolated selected elements (such as element 1529 
 ) defaults to zero regardless of the actual error.                      

 *** WARNING ***                         ELAPSED TIME =      10.455   TIME= 11:04:07
 The estimated error in isolated selected elements (such as element 1530 
 ) defaults to zero regardless of the actual error.                      

 *** WARNING ***                         ELAPSED TIME =      10.457   TIME= 11:04:07
 The estimated error in isolated selected elements (such as element 1531 
 ) defaults to zero regardless of the actual error.                      

 *** WARNING ***                         ELAPSED TIME =      10.459   TIME= 11:04:07
 The estimated error in isolated selected elements (such as element 1532 
 ) defaults to zero regardless of the actual error.                      

 *** WARNING ***                         ELAPSED TIME =      10.461   TIME= 11:04:07
 The estimated error in isolated selected elements (such as element 1533 
 ) defaults to zero regardless of the actual error.                      

 *** WARNING ***                         ELAPSED TIME =      10.463   TIME= 11:04:07
 The estimated error in isolated selected elements (such as element 1534 
 ) defaults to zero regardless of the actual error.                      

 *** WARNING ***                         ELAPSED TIME =      10.465   TIME= 11:04:07
 The estimated error in isolated selected elements (such as element 1535 
 ) defaults to zero regardless of the actual error.                      

 *** WARNING ***                         ELAPSED TIME =      10.466   TIME= 11:04:07
 The estimated error in isolated selected elements (such as element 1536 
 ) defaults to zero regardless of the actual error.                      

 *** WARNING ***                         ELAPSED TIME =      10.468   TIME= 11:04:07
 The estimated error in isolated selected elements (such as element 1537 
 ) defaults to zero regardless of the actual error.                      

 *** WARNING ***                         ELAPSED TIME =      10.470   TIME= 11:04:07
 The estimated error in isolated selected elements (such as element 1538 
 ) defaults to zero regardless of the actual error.                      

 *** WARNING ***                         ELAPSED TIME =      10.472   TIME= 11:04:07
 The estimated error in isolated selected elements (such as element 1539 
 ) defaults to zero regardless of the actual error.                      

 *** WARNING ***                         ELAPSED TIME =      10.474   TIME= 11:04:07
 The estimated error in isolated selected elements (such as element 1540 
 ) defaults to zero regardless of the actual error.                      

 *** WARNING ***                         ELAPSED TIME =      10.476   TIME= 11:04:07
 The estimated error in isolated selected elements (such as element 1541 
 ) defaults to zero regardless of the actual error.                      

 *** WARNING ***                         ELAPSED TIME =      10.478   TIME= 11:04:07
 The estimated error in isolated selected elements (such as element 1542 
 ) defaults to zero regardless of the actual error.                      

 *** WARNING ***                         ELAPSED TIME =      10.480   TIME= 11:04:07
 The estimated error in isolated selected elements (such as element 1543 
 ) defaults to zero regardless of the actual error.                      

 *** WARNING ***                         ELAPSED TIME =      10.482   TIME= 11:04:07
 The estimated error in isolated selected elements (such as element 1544 
 ) defaults to zero regardless of the actual error.                      

 *** WARNING ***                         ELAPSED TIME =      10.484   TIME= 11:04:07
 The estimated error in isolated selected elements (such as element 1545 
 ) defaults to zero regardless of the actual error.                      

 *** WARNING ***                         ELAPSED TIME =      10.486   TIME= 11:04:07
 The estimated error in isolated selected elements (such as element 1546 
 ) defaults to zero regardless of the actual error.                      

 *** WARNING ***                         ELAPSED TIME =      10.488   TIME= 11:04:07
 The estimated error in isolated selected elements (such as element 1547 
 ) defaults to zero regardless of the actual error.                      

 *** WARNING ***                         ELAPSED TIME =      10.491   TIME= 11:04:07
 The estimated error in isolated selected elements (such as element 1548 
 ) defaults to zero regardless of the actual error.                      

 *** WARNING ***                         ELAPSED TIME =      10.493   TIME= 11:04:07
 The estimated error in isolated selected elements (such as element 1549 
 ) defaults to zero regardless of the actual error.                      

 *** WARNING ***                         ELAPSED TIME =      10.496   TIME= 11:04:07
 The estimated error in isolated selected elements (such as element 1550 
 ) defaults to zero regardless of the actual error.                      

 *** WARNING ***                         ELAPSED TIME =      10.498   TIME= 11:04:07
 The estimated error in isolated selected elements (such as element 1551 
 ) defaults to zero regardless of the actual error.                      

 *** WARNING ***                         ELAPSED TIME =      10.499   TIME= 11:04:07
 The estimated error in isolated selected elements (such as element 1552 
 ) defaults to zero regardless of the actual error.                      

 *** WARNING ***                         ELAPSED TIME =      10.501   TIME= 11:04:07
 The estimated error in isolated selected elements (such as element 1553 
 ) defaults to zero regardless of the actual error.                      

 *** WARNING ***                         ELAPSED TIME =      10.504   TIME= 11:04:07
 The estimated error in isolated selected elements (such as element 1554 
 ) defaults to zero regardless of the actual error.                      

 *** WARNING ***                         ELAPSED TIME =      10.506   TIME= 11:04:07
 The estimated error in isolated selected elements (such as element 1555 
 ) defaults to zero regardless of the actual error.                      

 *** WARNING ***                         ELAPSED TIME =      10.508   TIME= 11:04:07
 The estimated error in isolated selected elements (such as element 1556 
 ) defaults to zero regardless of the actual error.                      

 *** WARNING ***                         ELAPSED TIME =      10.510   TIME= 11:04:07
 The estimated error in isolated selected elements (such as element 1557 
 ) defaults to zero regardless of the actual error.                      

 *** WARNING ***                         ELAPSED TIME =      10.512   TIME= 11:04:07
 The estimated error in isolated selected elements (such as element 1558 
 ) defaults to zero regardless of the actual error.                      

 *** WARNING ***                         ELAPSED TIME =      10.514   TIME= 11:04:07
 The estimated error in isolated selected elements (such as element 1559 
 ) defaults to zero regardless of the actual error.                      

 *** WARNING ***                         ELAPSED TIME =      10.516   TIME= 11:04:07
 The estimated error in isolated selected elements (such as element 1560 
 ) defaults to zero regardless of the actual error.                      

 *** WARNING ***                         ELAPSED TIME =      10.518   TIME= 11:04:07
 The estimated error in isolated selected elements (such as element 1561 
 ) defaults to zero regardless of the actual error.                      

 *** WARNING ***                         ELAPSED TIME =      10.521   TIME= 11:04:07
 The estimated error in isolated selected elements (such as element 1562 
 ) defaults to zero regardless of the actual error.                      

 *** WARNING ***                         ELAPSED TIME =      10.523   TIME= 11:04:07
 The estimated error in isolated selected elements (such as element 1563 
 ) defaults to zero regardless of the actual error.                      

 *** WARNING ***                         ELAPSED TIME =      10.524   TIME= 11:04:07
 The estimated error in isolated selected elements (such as element 1564 
 ) defaults to zero regardless of the actual error.                      

 *** WARNING ***                         ELAPSED TIME =      10.527   TIME= 11:04:07
 The estimated error in isolated selected elements (such as element 1565 
 ) defaults to zero regardless of the actual error.                      

 *** WARNING ***                         ELAPSED TIME =      10.529   TIME= 11:04:07
 The estimated error in isolated selected elements (such as element 1566 
 ) defaults to zero regardless of the actual error.                      

 *** WARNING ***                         ELAPSED TIME =      10.531   TIME= 11:04:07
 The estimated error in isolated selected elements (such as element 1567 
 ) defaults to zero regardless of the actual error.                      

 *** WARNING ***                         ELAPSED TIME =      10.533   TIME= 11:04:07
 The estimated error in isolated selected elements (such as element 1568 
 ) defaults to zero regardless of the actual error.                      

 *** WARNING ***                         ELAPSED TIME =      10.535   TIME= 11:04:07
 The estimated error in isolated selected elements (such as element 1569 
 ) defaults to zero regardless of the actual error.                      

 *** WARNING ***                         ELAPSED TIME =      10.537   TIME= 11:04:07
 The estimated error in isolated selected elements (such as element 1570 
 ) defaults to zero regardless of the actual error.                      

 *** WARNING ***                         ELAPSED TIME =      10.538   TIME= 11:04:07
 The estimated error in isolated selected elements (such as element 1571 
 ) defaults to zero regardless of the actual error.                      

 *** WARNING ***                         ELAPSED TIME =      10.540   TIME= 11:04:07
 The estimated error in isolated selected elements (such as element 1572 
 ) defaults to zero regardless of the actual error.                      

 *** WARNING ***                         ELAPSED TIME =      10.542   TIME= 11:04:07
 The estimated error in isolated selected elements (such as element 1573 
 ) defaults to zero regardless of the actual error.                      

 *** WARNING ***                         ELAPSED TIME =      10.544   TIME= 11:04:07
 The estimated error in isolated selected elements (such as element 1574 
 ) defaults to zero regardless of the actual error.                      

 *** WARNING ***                         ELAPSED TIME =      10.546   TIME= 11:04:07
 The estimated error in isolated selected elements (such as element 1575 
 ) defaults to zero regardless of the actual error.                      

 *** WARNING ***                         ELAPSED TIME =      10.548   TIME= 11:04:07
 The estimated error in isolated selected elements (such as element 1576 
 ) defaults to zero regardless of the actual error.                      

 *** WARNING ***                         ELAPSED TIME =      10.550   TIME= 11:04:07
 The estimated error in isolated selected elements (such as element 1577 
 ) defaults to zero regardless of the actual error.                      

 *** WARNING ***                         ELAPSED TIME =      10.551   TIME= 11:04:07
 The estimated error in isolated selected elements (such as element 1578 
 ) defaults to zero regardless of the actual error.                      

 *** WARNING ***                         ELAPSED TIME =      10.553   TIME= 11:04:07
 The estimated error in isolated selected elements (such as element 1579 
 ) defaults to zero regardless of the actual error.                      

 *** WARNING ***                         ELAPSED TIME =      10.555   TIME= 11:04:07
 The estimated error in isolated selected elements (such as element 1580 
 ) defaults to zero regardless of the actual error.                      

 *** WARNING ***                         ELAPSED TIME =      10.557   TIME= 11:04:07
 The estimated error in isolated selected elements (such as element 1581 
 ) defaults to zero regardless of the actual error.                      

 *** WARNING ***                         ELAPSED TIME =      10.559   TIME= 11:04:07
 The estimated error in isolated selected elements (such as element 1582 
 ) defaults to zero regardless of the actual error.                      

 *** WARNING ***                         ELAPSED TIME =      10.561   TIME= 11:04:07
 The estimated error in isolated selected elements (such as element 1583 
 ) defaults to zero regardless of the actual error.                      

 *** WARNING ***                         ELAPSED TIME =      10.563   TIME= 11:04:07
 The estimated error in isolated selected elements (such as element 1584 
 ) defaults to zero regardless of the actual error.                      

 *** WARNING ***                         ELAPSED TIME =      10.565   TIME= 11:04:07
 The estimated error in isolated selected elements (such as element 1585 
 ) defaults to zero regardless of the actual error.                      

 *** WARNING ***                         ELAPSED TIME =      10.566   TIME= 11:04:07
 The estimated error in isolated selected elements (such as element 1586 
 ) defaults to zero regardless of the actual error.                      

 *** WARNING ***                         ELAPSED TIME =      10.568   TIME= 11:04:07
 The estimated error in isolated selected elements (such as element 1587 
 ) defaults to zero regardless of the actual error.                      

 *** WARNING ***                         ELAPSED TIME =      10.570   TIME= 11:04:07
 The estimated error in isolated selected elements (such as element 1588 
 ) defaults to zero regardless of the actual error.                      

 *** WARNING ***                         ELAPSED TIME =      10.572   TIME= 11:04:07
 The estimated error in isolated selected elements (such as element 1589 
 ) defaults to zero regardless of the actual error.                      

 *** WARNING ***                         ELAPSED TIME =      10.573   TIME= 11:04:07
 The estimated error in isolated selected elements (such as element 1590 
 ) defaults to zero regardless of the actual error.                      

 *** WARNING ***                         ELAPSED TIME =      10.575   TIME= 11:04:07
 The estimated error in isolated selected elements (such as element 1591 
 ) defaults to zero regardless of the actual error.                      

 *** WARNING ***                         ELAPSED TIME =      10.577   TIME= 11:04:07
 The estimated error in isolated selected elements (such as element 1592 
 ) defaults to zero regardless of the actual error.                      

 *** WARNING ***                         ELAPSED TIME =      10.579   TIME= 11:04:07
 The estimated error in isolated selected elements (such as element 1593 
 ) defaults to zero regardless of the actual error.                      

 *** WARNING ***                         ELAPSED TIME =      10.581   TIME= 11:04:07
 The estimated error in isolated selected elements (such as element 1594 
 ) defaults to zero regardless of the actual error.                      

 *** WARNING ***                         ELAPSED TIME =      10.583   TIME= 11:04:07
 The estimated error in isolated selected elements (such as element 1595 
 ) defaults to zero regardless of the actual error.                      

 *** WARNING ***                         ELAPSED TIME =      10.584   TIME= 11:04:07
 The estimated error in isolated selected elements (such as element 1596 
 ) defaults to zero regardless of the actual error.                      

 *** WARNING ***                         ELAPSED TIME =      10.586   TIME= 11:04:07
 The estimated error in isolated selected elements (such as element 1597 
 ) defaults to zero regardless of the actual error.                      

 *** WARNING ***                         ELAPSED TIME =      10.588   TIME= 11:04:07
 The estimated error in isolated selected elements (such as element 1598 
 ) defaults to zero regardless of the actual error.                      

 *** WARNING ***                         ELAPSED TIME =      10.589   TIME= 11:04:07
 The estimated error in isolated selected elements (such as element 1599 
 ) defaults to zero regardless of the actual error.                      

 *** WARNING ***                         ELAPSED TIME =      10.591   TIME= 11:04:07
 The estimated error in isolated selected elements (such as element 1600 
 ) defaults to zero regardless of the actual error.                      

 *** WARNING ***                         ELAPSED TIME =      10.593   TIME= 11:04:07
 The estimated error in isolated selected elements (such as element 1601 
 ) defaults to zero regardless of the actual error.                      

 *** WARNING ***                         ELAPSED TIME =      10.595   TIME= 11:04:07
 The estimated error in isolated selected elements (such as element 1602 
 ) defaults to zero regardless of the actual error.                      

 *** WARNING ***                         ELAPSED TIME =      10.597   TIME= 11:04:07
 The estimated error in isolated selected elements (such as element 1603 
 ) defaults to zero regardless of the actual error.                      

 *** WARNING ***                         ELAPSED TIME =      10.599   TIME= 11:04:07
 The estimated error in isolated selected elements (such as element 1604 
 ) defaults to zero regardless of the actual error.                      

 *** WARNING ***                         ELAPSED TIME =      10.601   TIME= 11:04:07
 The estimated error in isolated selected elements (such as element 1605 
 ) defaults to zero regardless of the actual error.                      

 *** WARNING ***                         ELAPSED TIME =      10.603   TIME= 11:04:07
 The estimated error in isolated selected elements (such as element 1606 
 ) defaults to zero regardless of the actual error.                      

 *** WARNING ***                         ELAPSED TIME =      10.604   TIME= 11:04:07
 The estimated error in isolated selected elements (such as element 1607 
 ) defaults to zero regardless of the actual error.                      

 *** WARNING ***                         ELAPSED TIME =      10.606   TIME= 11:04:07
 The estimated error in isolated selected elements (such as element 1608 
 ) defaults to zero regardless of the actual error.                      

 *** WARNING ***                         ELAPSED TIME =      10.608   TIME= 11:04:07
 The estimated error in isolated selected elements (such as element 1609 
 ) defaults to zero regardless of the actual error.                      

 *** WARNING ***                         ELAPSED TIME =      10.610   TIME= 11:04:07
 The estimated error in isolated selected elements (such as element 1610 
 ) defaults to zero regardless of the actual error.                      

 *** WARNING ***                         ELAPSED TIME =      10.612   TIME= 11:04:07
 The estimated error in isolated selected elements (such as element 1611 
 ) defaults to zero regardless of the actual error.                      

 *** WARNING ***                         ELAPSED TIME =      10.615   TIME= 11:04:07
 The estimated error in isolated selected elements (such as element 1612 
 ) defaults to zero regardless of the actual error.                      

 *** WARNING ***                         ELAPSED TIME =      10.617   TIME= 11:04:07
 The estimated error in isolated selected elements (such as element 1613 
 ) defaults to zero regardless of the actual error.                      

 *** WARNING ***                         ELAPSED TIME =      10.619   TIME= 11:04:07
 The estimated error in isolated selected elements (such as element 1614 
 ) defaults to zero regardless of the actual error.                      

 *** WARNING ***                         ELAPSED TIME =      10.620   TIME= 11:04:07
 The estimated error in isolated selected elements (such as element 1615 
 ) defaults to zero regardless of the actual error.                      

 *** WARNING ***                         ELAPSED TIME =      10.622   TIME= 11:04:07
 The estimated error in isolated selected elements (such as element 1616 
 ) defaults to zero regardless of the actual error.                      

 *** WARNING ***                         ELAPSED TIME =      10.624   TIME= 11:04:07
 The estimated error in isolated selected elements (such as element 1617 
 ) defaults to zero regardless of the actual error.                      

 *** WARNING ***                         ELAPSED TIME =      10.626   TIME= 11:04:07
 The estimated error in isolated selected elements (such as element 1618 
 ) defaults to zero regardless of the actual error.                      

 *** WARNING ***                         ELAPSED TIME =      10.629   TIME= 11:04:07
 The estimated error in isolated selected elements (such as element 1619 
 ) defaults to zero regardless of the actual error.                      

 *** WARNING ***                         ELAPSED TIME =      10.632   TIME= 11:04:07
 The estimated error in isolated selected elements (such as element 1620 
 ) defaults to zero regardless of the actual error.                      

 *** WARNING ***                         ELAPSED TIME =      10.634   TIME= 11:04:07
 The estimated error in isolated selected elements (such as element 1621 
 ) defaults to zero regardless of the actual error.                      

 *** WARNING ***                         ELAPSED TIME =      10.635   TIME= 11:04:07
 The estimated error in isolated selected elements (such as element 1622 
 ) defaults to zero regardless of the actual error.                      

 *** WARNING ***                         ELAPSED TIME =      10.637   TIME= 11:04:07
 The estimated error in isolated selected elements (such as element 1623 
 ) defaults to zero regardless of the actual error.                      

 *** WARNING ***                         ELAPSED TIME =      10.639   TIME= 11:04:07
 The estimated error in isolated selected elements (such as element 1624 
 ) defaults to zero regardless of the actual error.                      

 *** WARNING ***                         ELAPSED TIME =      10.641   TIME= 11:04:07
 The estimated error in isolated selected elements (such as element 1625 
 ) defaults to zero regardless of the actual error.                      

 *** WARNING ***                         ELAPSED TIME =      10.644   TIME= 11:04:07
 The estimated error in isolated selected elements (such as element 1626 
 ) defaults to zero regardless of the actual error.                      

 *** WARNING ***                         ELAPSED TIME =      10.647   TIME= 11:04:07
 The estimated error in isolated selected elements (such as element 1627 
 ) defaults to zero regardless of the actual error.                      

 *** WARNING ***                         ELAPSED TIME =      10.649   TIME= 11:04:07
 The estimated error in isolated selected elements (such as element 1628 
 ) defaults to zero regardless of the actual error.                      

 *** WARNING ***                         ELAPSED TIME =      10.651   TIME= 11:04:07
 The estimated error in isolated selected elements (such as element 1629 
 ) defaults to zero regardless of the actual error.                      

 *** WARNING ***                         ELAPSED TIME =      10.653   TIME= 11:04:07
 The estimated error in isolated selected elements (such as element 1630 
 ) defaults to zero regardless of the actual error.                      

 *** WARNING ***                         ELAPSED TIME =      10.655   TIME= 11:04:07
 The estimated error in isolated selected elements (such as element 1631 
 ) defaults to zero regardless of the actual error.                      

 *** WARNING ***                         ELAPSED TIME =      10.657   TIME= 11:04:07
 The estimated error in isolated selected elements (such as element 1632 
 ) defaults to zero regardless of the actual error.                      

 *** WARNING ***                         ELAPSED TIME =      10.659   TIME= 11:04:07
 The estimated error in isolated selected elements (such as element 1633 
 ) defaults to zero regardless of the actual error.                      

 *** WARNING ***                         ELAPSED TIME =      10.661   TIME= 11:04:07
 The estimated error in isolated selected elements (such as element 1634 
 ) defaults to zero regardless of the actual error.                      

 *** WARNING ***                         ELAPSED TIME =      10.663   TIME= 11:04:07
 The estimated error in isolated selected elements (such as element 1635 
 ) defaults to zero regardless of the actual error.                      

 *** WARNING ***                         ELAPSED TIME =      10.665   TIME= 11:04:07
 The estimated error in isolated selected elements (such as element 1636 
 ) defaults to zero regardless of the actual error.                      

 *** WARNING ***                         ELAPSED TIME =      10.667   TIME= 11:04:07
 The estimated error in isolated selected elements (such as element 1637 
 ) defaults to zero regardless of the actual error.                      

 *** WARNING ***                         ELAPSED TIME =      10.669   TIME= 11:04:07
 The estimated error in isolated selected elements (such as element 1638 
 ) defaults to zero regardless of the actual error.                      

 *** WARNING ***                         ELAPSED TIME =      10.671   TIME= 11:04:07
 The estimated error in isolated selected elements (such as element 1639 
 ) defaults to zero regardless of the actual error.                      

 *** WARNING ***                         ELAPSED TIME =      10.673   TIME= 11:04:07
 The estimated error in isolated selected elements (such as element 1640 
 ) defaults to zero regardless of the actual error.                      

 *** WARNING ***                         ELAPSED TIME =      10.677   TIME= 11:04:07
 The estimated error in isolated selected elements (such as element 1641 
 ) defaults to zero regardless of the actual error.                      

 *** WARNING ***                         ELAPSED TIME =      10.679   TIME= 11:04:07
 The estimated error in isolated selected elements (such as element 1642 
 ) defaults to zero regardless of the actual error.                      

 *** WARNING ***                         ELAPSED TIME =      10.681   TIME= 11:04:07
 The estimated error in isolated selected elements (such as element 1643 
 ) defaults to zero regardless of the actual error.                      

 *** WARNING ***                         ELAPSED TIME =      10.683   TIME= 11:04:07
 The estimated error in isolated selected elements (such as element 1644 
 ) defaults to zero regardless of the actual error.                      

 *** WARNING ***                         ELAPSED TIME =      10.684   TIME= 11:04:07
 The estimated error in isolated selected elements (such as element 1645 
 ) defaults to zero regardless of the actual error.                      

 *** WARNING ***                         ELAPSED TIME =      10.686   TIME= 11:04:07
 The estimated error in isolated selected elements (such as element 1646 
 ) defaults to zero regardless of the actual error.                      

 *** WARNING ***                         ELAPSED TIME =      10.688   TIME= 11:04:07
 The estimated error in isolated selected elements (such as element 1647 
 ) defaults to zero regardless of the actual error.                      

 *** WARNING ***                         ELAPSED TIME =      10.690   TIME= 11:04:07
 The estimated error in isolated selected elements (such as element 1648 
 ) defaults to zero regardless of the actual error.                      

 *** WARNING ***                         ELAPSED TIME =      10.692   TIME= 11:04:07
 The estimated error in isolated selected elements (such as element 1649 
 ) defaults to zero regardless of the actual error.                      

 *** WARNING ***                         ELAPSED TIME =      10.694   TIME= 11:04:07
 The estimated error in isolated selected elements (such as element 1650 
 ) defaults to zero regardless of the actual error.                      

 *** WARNING ***                         ELAPSED TIME =      10.696   TIME= 11:04:07
 The estimated error in isolated selected elements (such as element 1651 
 ) defaults to zero regardless of the actual error.                      

 *** WARNING ***                         ELAPSED TIME =      10.698   TIME= 11:04:07
 The estimated error in isolated selected elements (such as element 1652 
 ) defaults to zero regardless of the actual error.                      

 *** WARNING ***                         ELAPSED TIME =      10.700   TIME= 11:04:07
 The estimated error in isolated selected elements (such as element 1653 
 ) defaults to zero regardless of the actual error.                      

 *** WARNING ***                         ELAPSED TIME =      10.702   TIME= 11:04:07
 The estimated error in isolated selected elements (such as element 1654 
 ) defaults to zero regardless of the actual error.                      

 *** WARNING ***                         ELAPSED TIME =      10.703   TIME= 11:04:07
 The estimated error in isolated selected elements (such as element 1655 
 ) defaults to zero regardless of the actual error.                      

 *** WARNING ***                         ELAPSED TIME =      10.705   TIME= 11:04:07
 The estimated error in isolated selected elements (such as element 1656 
 ) defaults to zero regardless of the actual error.                      

 *** WARNING ***                         ELAPSED TIME =      10.707   TIME= 11:04:07
 The estimated error in isolated selected elements (such as element 1657 
 ) defaults to zero regardless of the actual error.                      

 *** WARNING ***                         ELAPSED TIME =      10.709   TIME= 11:04:07
 The estimated error in isolated selected elements (such as element 1658 
 ) defaults to zero regardless of the actual error.                      

 *** WARNING ***                         ELAPSED TIME =      10.711   TIME= 11:04:07
 The estimated error in isolated selected elements (such as element 1659 
 ) defaults to zero regardless of the actual error.                      

 *** WARNING ***                         ELAPSED TIME =      10.713   TIME= 11:04:07
 The estimated error in isolated selected elements (such as element 1660 
 ) defaults to zero regardless of the actual error.                      

 *** WARNING ***                         ELAPSED TIME =      10.715   TIME= 11:04:07
 The estimated error in isolated selected elements (such as element 1661 
 ) defaults to zero regardless of the actual error.                      

 *** WARNING ***                         ELAPSED TIME =      10.716   TIME= 11:04:07
 The estimated error in isolated selected elements (such as element 1662 
 ) defaults to zero regardless of the actual error.                      

 *** WARNING ***                         ELAPSED TIME =      10.718   TIME= 11:04:07
 The estimated error in isolated selected elements (such as element 1663 
 ) defaults to zero regardless of the actual error.                      

 *** WARNING ***                         ELAPSED TIME =      10.720   TIME= 11:04:07
 The estimated error in isolated selected elements (such as element 1664 
 ) defaults to zero regardless of the actual error.                      

 *** WARNING ***                         ELAPSED TIME =      10.722   TIME= 11:04:07
 The estimated error in isolated selected elements (such as element 1665 
 ) defaults to zero regardless of the actual error.                      

 *** WARNING ***                         ELAPSED TIME =      10.724   TIME= 11:04:07
 The estimated error in isolated selected elements (such as element 1666 
 ) defaults to zero regardless of the actual error.                      

 *** WARNING ***                         ELAPSED TIME =      10.726   TIME= 11:04:07
 The estimated error in isolated selected elements (such as element 1667 
 ) defaults to zero regardless of the actual error.                      

 *** WARNING ***                         ELAPSED TIME =      10.728   TIME= 11:04:07
 The estimated error in isolated selected elements (such as element 1668 
 ) defaults to zero regardless of the actual error.                      

 *** WARNING ***                         ELAPSED TIME =      10.729   TIME= 11:04:07
 The estimated error in isolated selected elements (such as element 1669 
 ) defaults to zero regardless of the actual error.                      

 *** WARNING ***                         ELAPSED TIME =      10.731   TIME= 11:04:07
 The estimated error in isolated selected elements (such as element 1670 
 ) defaults to zero regardless of the actual error.                      

 *** WARNING ***                         ELAPSED TIME =      10.733   TIME= 11:04:07
 The estimated error in isolated selected elements (such as element 1671 
 ) defaults to zero regardless of the actual error.                      

 *** WARNING ***                         ELAPSED TIME =      10.734   TIME= 11:04:07
 The estimated error in isolated selected elements (such as element 1672 
 ) defaults to zero regardless of the actual error.                      

 *** WARNING ***                         ELAPSED TIME =      10.736   TIME= 11:04:07
 The estimated error in isolated selected elements (such as element 1673 
 ) defaults to zero regardless of the actual error.                      

 *** WARNING ***                         ELAPSED TIME =      10.739   TIME= 11:04:07
 The estimated error in isolated selected elements (such as element 1674 
 ) defaults to zero regardless of the actual error.                      

 *** WARNING ***                         ELAPSED TIME =      10.741   TIME= 11:04:07
 The estimated error in isolated selected elements (such as element 1675 
 ) defaults to zero regardless of the actual error.                      

 *** WARNING ***                         ELAPSED TIME =      10.743   TIME= 11:04:07
 The estimated error in isolated selected elements (such as element 1676 
 ) defaults to zero regardless of the actual error.                      

 *** WARNING ***                         ELAPSED TIME =      10.745   TIME= 11:04:07
 The estimated error in isolated selected elements (such as element 1677 
 ) defaults to zero regardless of the actual error.                      

 *** WARNING ***                         ELAPSED TIME =      10.747   TIME= 11:04:07
 The estimated error in isolated selected elements (such as element 1678 
 ) defaults to zero regardless of the actual error.                      

 *** WARNING ***                         ELAPSED TIME =      10.749   TIME= 11:04:07
 The estimated error in isolated selected elements (such as element 1679 
 ) defaults to zero regardless of the actual error.                      

 *** WARNING ***                         ELAPSED TIME =      10.751   TIME= 11:04:07
 The estimated error in isolated selected elements (such as element 1680 
 ) defaults to zero regardless of the actual error.                      

 *** WARNING ***                         ELAPSED TIME =      10.752   TIME= 11:04:07
 The estimated error in isolated selected elements (such as element 1681 
 ) defaults to zero regardless of the actual error.                      

 *** WARNING ***                         ELAPSED TIME =      10.754   TIME= 11:04:07
 The estimated error in isolated selected elements (such as element 1682 
 ) defaults to zero regardless of the actual error.                      

 *** WARNING ***                         ELAPSED TIME =      10.757   TIME= 11:04:07
 The estimated error in isolated selected elements (such as element 1683 
 ) defaults to zero regardless of the actual error.                      

 *** WARNING ***                         ELAPSED TIME =      10.759   TIME= 11:04:07
 The estimated error in isolated selected elements (such as element 1684 
 ) defaults to zero regardless of the actual error.                      

 *** WARNING ***                         ELAPSED TIME =      10.761   TIME= 11:04:07
 The estimated error in isolated selected elements (such as element 1685 
 ) defaults to zero regardless of the actual error.                      

 *** WARNING ***                         ELAPSED TIME =      10.763   TIME= 11:04:07
 The estimated error in isolated selected elements (such as element 1686 
 ) defaults to zero regardless of the actual error.                      

 *** WARNING ***                         ELAPSED TIME =      10.765   TIME= 11:04:07
 The estimated error in isolated selected elements (such as element 1687 
 ) defaults to zero regardless of the actual error.                      

 *** WARNING ***                         ELAPSED TIME =      10.767   TIME= 11:04:07
 The estimated error in isolated selected elements (such as element 1688 
 ) defaults to zero regardless of the actual error.                      

 *** WARNING ***                         ELAPSED TIME =      10.769   TIME= 11:04:07
 The estimated error in isolated selected elements (such as element 1689 
 ) defaults to zero regardless of the actual error.                      

 *** WARNING ***                         ELAPSED TIME =      10.771   TIME= 11:04:07
 The estimated error in isolated selected elements (such as element 1690 
 ) defaults to zero regardless of the actual error.                      

 *** WARNING ***                         ELAPSED TIME =      10.776   TIME= 11:04:07
 The estimated error in isolated selected elements (such as element 1691 
 ) defaults to zero regardless of the actual error.                      

 *** WARNING ***                         ELAPSED TIME =      10.779   TIME= 11:04:07
 The estimated error in isolated selected elements (such as element 1692 
 ) defaults to zero regardless of the actual error.                      

 *** WARNING ***                         ELAPSED TIME =      10.781   TIME= 11:04:07
 The estimated error in isolated selected elements (such as element 1693 
 ) defaults to zero regardless of the actual error.                      

 *** WARNING ***                         ELAPSED TIME =      10.783   TIME= 11:04:07
 The estimated error in isolated selected elements (such as element 1694 
 ) defaults to zero regardless of the actual error.                      

 *** WARNING ***                         ELAPSED TIME =      10.785   TIME= 11:04:07
 The estimated error in isolated selected elements (such as element 1695 
 ) defaults to zero regardless of the actual error.                      

 *** WARNING ***                         ELAPSED TIME =      10.788   TIME= 11:04:07
 The estimated error in isolated selected elements (such as element 1696 
 ) defaults to zero regardless of the actual error.                      

 *** WARNING ***                         ELAPSED TIME =      10.791   TIME= 11:04:07
 The estimated error in isolated selected elements (such as element 1697 
 ) defaults to zero regardless of the actual error.                      

 *** WARNING ***                         ELAPSED TIME =      10.793   TIME= 11:04:07
 The estimated error in isolated selected elements (such as element 1698 
 ) defaults to zero regardless of the actual error.                      

 *** WARNING ***                         ELAPSED TIME =      10.795   TIME= 11:04:07
 The estimated error in isolated selected elements (such as element 1699 
 ) defaults to zero regardless of the actual error.                      

 *** WARNING ***                         ELAPSED TIME =      10.796   TIME= 11:04:07
 The estimated error in isolated selected elements (such as element 1700 
 ) defaults to zero regardless of the actual error.                      

 *** WARNING ***                         ELAPSED TIME =      10.798   TIME= 11:04:07
 The estimated error in isolated selected elements (such as element 1701 
 ) defaults to zero regardless of the actual error.                      

 *** WARNING ***                         ELAPSED TIME =      10.800   TIME= 11:04:07
 The estimated error in isolated selected elements (such as element 1702 
 ) defaults to zero regardless of the actual error.                      

 *** WARNING ***                         ELAPSED TIME =      10.802   TIME= 11:04:07
 The estimated error in isolated selected elements (such as element 1703 
 ) defaults to zero regardless of the actual error.                      

 *** WARNING ***                         ELAPSED TIME =      10.803   TIME= 11:04:07
 The estimated error in isolated selected elements (such as element 1704 
 ) defaults to zero regardless of the actual error.                      

 *** WARNING ***                         ELAPSED TIME =      10.805   TIME= 11:04:07
 The estimated error in isolated selected elements (such as element 1705 
 ) defaults to zero regardless of the actual error.                      

 *** WARNING ***                         ELAPSED TIME =      10.807   TIME= 11:04:07
 The estimated error in isolated selected elements (such as element 1706 
 ) defaults to zero regardless of the actual error.                      

 *** WARNING ***                         ELAPSED TIME =      10.809   TIME= 11:04:07
 The estimated error in isolated selected elements (such as element 1707 
 ) defaults to zero regardless of the actual error.                      

 *** WARNING ***                         ELAPSED TIME =      10.811   TIME= 11:04:07
 The estimated error in isolated selected elements (such as element 1708 
 ) defaults to zero regardless of the actual error.                      

 *** WARNING ***                         ELAPSED TIME =      10.812   TIME= 11:04:07
 The estimated error in isolated selected elements (such as element 1709 
 ) defaults to zero regardless of the actual error.                      

 *** WARNING ***                         ELAPSED TIME =      10.814   TIME= 11:04:07
 The estimated error in isolated selected elements (such as element 1710 
 ) defaults to zero regardless of the actual error.                      

 *** WARNING ***                         ELAPSED TIME =      10.816   TIME= 11:04:07
 The estimated error in isolated selected elements (such as element 1711 
 ) defaults to zero regardless of the actual error.                      

 *** WARNING ***                         ELAPSED TIME =      10.817   TIME= 11:04:07
 The estimated error in isolated selected elements (such as element 1712 
 ) defaults to zero regardless of the actual error.                      

 *** WARNING ***                         ELAPSED TIME =      10.819   TIME= 11:04:07
 The estimated error in isolated selected elements (such as element 1713 
 ) defaults to zero regardless of the actual error.                      

 *** WARNING ***                         ELAPSED TIME =      10.821   TIME= 11:04:07
 The estimated error in isolated selected elements (such as element 1714 
 ) defaults to zero regardless of the actual error.                      

 *** WARNING ***                         ELAPSED TIME =      10.823   TIME= 11:04:07
 The estimated error in isolated selected elements (such as element 1715 
 ) defaults to zero regardless of the actual error.                      

 *** WARNING ***                         ELAPSED TIME =      10.824   TIME= 11:04:07
 The estimated error in isolated selected elements (such as element 1716 
 ) defaults to zero regardless of the actual error.                      

 *** WARNING ***                         ELAPSED TIME =      10.826   TIME= 11:04:07
 The estimated error in isolated selected elements (such as element 1717 
 ) defaults to zero regardless of the actual error.                      

 *** WARNING ***                         ELAPSED TIME =      10.828   TIME= 11:04:07
 The estimated error in isolated selected elements (such as element 1718 
 ) defaults to zero regardless of the actual error.                      

 *** WARNING ***                         ELAPSED TIME =      10.830   TIME= 11:04:07
 The estimated error in isolated selected elements (such as element 1719 
 ) defaults to zero regardless of the actual error.                      

 *** WARNING ***                         ELAPSED TIME =      10.831   TIME= 11:04:07
 The estimated error in isolated selected elements (such as element 1720 
 ) defaults to zero regardless of the actual error.                      

 *** WARNING ***                         ELAPSED TIME =      10.833   TIME= 11:04:07
 The estimated error in isolated selected elements (such as element 1721 
 ) defaults to zero regardless of the actual error.                      

 *** WARNING ***                         ELAPSED TIME =      10.835   TIME= 11:04:07
 The estimated error in isolated selected elements (such as element 1722 
 ) defaults to zero regardless of the actual error.                      

 *** WARNING ***                         ELAPSED TIME =      10.837   TIME= 11:04:07
 The estimated error in isolated selected elements (such as element 1723 
 ) defaults to zero regardless of the actual error.                      

 *** WARNING ***                         ELAPSED TIME =      10.838   TIME= 11:04:07
 The estimated error in isolated selected elements (such as element 1724 
 ) defaults to zero regardless of the actual error.                      

 *** WARNING ***                         ELAPSED TIME =      10.840   TIME= 11:04:07
 The estimated error in isolated selected elements (such as element 1725 
 ) defaults to zero regardless of the actual error.                      

 *** WARNING ***                         ELAPSED TIME =      10.842   TIME= 11:04:07
 The estimated error in isolated selected elements (such as element 1726 
 ) defaults to zero regardless of the actual error.                      

 *** WARNING ***                         ELAPSED TIME =      10.844   TIME= 11:04:07
 The estimated error in isolated selected elements (such as element 1727 
 ) defaults to zero regardless of the actual error.                      

 *** WARNING ***                         ELAPSED TIME =      10.845   TIME= 11:04:07
 The estimated error in isolated selected elements (such as element 1728 
 ) defaults to zero regardless of the actual error.                      

 *** WARNING ***                         ELAPSED TIME =      10.847   TIME= 11:04:07
 The estimated error in isolated selected elements (such as element 1729 
 ) defaults to zero regardless of the actual error.                      

 *** WARNING ***                         ELAPSED TIME =      10.849   TIME= 11:04:07
 The estimated error in isolated selected elements (such as element 1730 
 ) defaults to zero regardless of the actual error.                      

 *** WARNING ***                         ELAPSED TIME =      10.851   TIME= 11:04:07
 The estimated error in isolated selected elements (such as element 1731 
 ) defaults to zero regardless of the actual error.                      

 *** WARNING ***                         ELAPSED TIME =      10.852   TIME= 11:04:07
 The estimated error in isolated selected elements (such as element 1732 
 ) defaults to zero regardless of the actual error.                      

 *** WARNING ***                         ELAPSED TIME =      10.854   TIME= 11:04:07
 The estimated error in isolated selected elements (such as element 1733 
 ) defaults to zero regardless of the actual error.                      

 *** WARNING ***                         ELAPSED TIME =      10.856   TIME= 11:04:07
 The estimated error in isolated selected elements (such as element 1734 
 ) defaults to zero regardless of the actual error.                      

 *** WARNING ***                         ELAPSED TIME =      10.858   TIME= 11:04:07
 The estimated error in isolated selected elements (such as element 1735 
 ) defaults to zero regardless of the actual error.                      

 *** WARNING ***                         ELAPSED TIME =      10.860   TIME= 11:04:07
 The estimated error in isolated selected elements (such as element 1736 
 ) defaults to zero regardless of the actual error.                      

 *** WARNING ***                         ELAPSED TIME =      10.862   TIME= 11:04:07
 The estimated error in isolated selected elements (such as element 1737 
 ) defaults to zero regardless of the actual error.                      

 *** WARNING ***                         ELAPSED TIME =      10.864   TIME= 11:04:07
 The estimated error in isolated selected elements (such as element 1738 
 ) defaults to zero regardless of the actual error.                      

 *** WARNING ***                         ELAPSED TIME =      10.866   TIME= 11:04:07
 The estimated error in isolated selected elements (such as element 1739 
 ) defaults to zero regardless of the actual error.                      

 *** WARNING ***                         ELAPSED TIME =      10.868   TIME= 11:04:07
 The estimated error in isolated selected elements (such as element 1740 
 ) defaults to zero regardless of the actual error.                      

 *** WARNING ***                         ELAPSED TIME =      10.869   TIME= 11:04:07
 The estimated error in isolated selected elements (such as element 1741 
 ) defaults to zero regardless of the actual error.                      

 *** WARNING ***                         ELAPSED TIME =      10.871   TIME= 11:04:07
 The estimated error in isolated selected elements (such as element 1742 
 ) defaults to zero regardless of the actual error.                      

 *** WARNING ***                         ELAPSED TIME =      10.873   TIME= 11:04:07
 The estimated error in isolated selected elements (such as element 1743 
 ) defaults to zero regardless of the actual error.                      

 *** WARNING ***                         ELAPSED TIME =      10.875   TIME= 11:04:07
 The estimated error in isolated selected elements (such as element 1744 
 ) defaults to zero regardless of the actual error.                      

 *** WARNING ***                         ELAPSED TIME =      10.877   TIME= 11:04:07
 The estimated error in isolated selected elements (such as element 1745 
 ) defaults to zero regardless of the actual error.                      

 *** WARNING ***                         ELAPSED TIME =      10.878   TIME= 11:04:07
 The estimated error in isolated selected elements (such as element 1746 
 ) defaults to zero regardless of the actual error.                      

 *** WARNING ***                         ELAPSED TIME =      10.880   TIME= 11:04:07
 The estimated error in isolated selected elements (such as element 1747 
 ) defaults to zero regardless of the actual error.                      

 *** WARNING ***                         ELAPSED TIME =      10.882   TIME= 11:04:07
 The estimated error in isolated selected elements (such as element 1748 
 ) defaults to zero regardless of the actual error.                      

 *** WARNING ***                         ELAPSED TIME =      10.884   TIME= 11:04:07
 The estimated error in isolated selected elements (such as element 1749 
 ) defaults to zero regardless of the actual error.                      

 *** WARNING ***                         ELAPSED TIME =      10.886   TIME= 11:04:07
 The estimated error in isolated selected elements (such as element 1750 
 ) defaults to zero regardless of the actual error.                      

 *** WARNING ***                         ELAPSED TIME =      10.888   TIME= 11:04:07
 The estimated error in isolated selected elements (such as element 1751 
 ) defaults to zero regardless of the actual error.                      

 *** WARNING ***                         ELAPSED TIME =      10.890   TIME= 11:04:07
 The estimated error in isolated selected elements (such as element 1752 
 ) defaults to zero regardless of the actual error.                      

 *** WARNING ***                         ELAPSED TIME =      10.891   TIME= 11:04:07
 The estimated error in isolated selected elements (such as element 1753 
 ) defaults to zero regardless of the actual error.                      

 *** WARNING ***                         ELAPSED TIME =      10.893   TIME= 11:04:07
 The estimated error in isolated selected elements (such as element 1754 
 ) defaults to zero regardless of the actual error.                      

 *** WARNING ***                         ELAPSED TIME =      10.895   TIME= 11:04:07
 The estimated error in isolated selected elements (such as element 1755 
 ) defaults to zero regardless of the actual error.                      

 *** WARNING ***                         ELAPSED TIME =      10.897   TIME= 11:04:07
 The estimated error in isolated selected elements (such as element 1756 
 ) defaults to zero regardless of the actual error.                      

 *** WARNING ***                         ELAPSED TIME =      10.899   TIME= 11:04:07
 The estimated error in isolated selected elements (such as element 1757 
 ) defaults to zero regardless of the actual error.                      

 *** WARNING ***                         ELAPSED TIME =      10.901   TIME= 11:04:07
 The estimated error in isolated selected elements (such as element 1758 
 ) defaults to zero regardless of the actual error.                      

 *** WARNING ***                         ELAPSED TIME =      10.902   TIME= 11:04:07
 The estimated error in isolated selected elements (such as element 1759 
 ) defaults to zero regardless of the actual error.                      

 *** WARNING ***                         ELAPSED TIME =      10.904   TIME= 11:04:07
 The estimated error in isolated selected elements (such as element 1760 
 ) defaults to zero regardless of the actual error.                      

 *** WARNING ***                         ELAPSED TIME =      10.906   TIME= 11:04:07
 The estimated error in isolated selected elements (such as element 1761 
 ) defaults to zero regardless of the actual error.                      

 *** WARNING ***                         ELAPSED TIME =      10.907   TIME= 11:04:07
 The estimated error in isolated selected elements (such as element 1762 
 ) defaults to zero regardless of the actual error.                      

 *** WARNING ***                         ELAPSED TIME =      10.909   TIME= 11:04:07
 The estimated error in isolated selected elements (such as element 1763 
 ) defaults to zero regardless of the actual error.                      

 *** WARNING ***                         ELAPSED TIME =      10.911   TIME= 11:04:07
 The estimated error in isolated selected elements (such as element 1764 
 ) defaults to zero regardless of the actual error.                      

 *** WARNING ***                         ELAPSED TIME =      10.913   TIME= 11:04:07
 The estimated error in isolated selected elements (such as element 1765 
 ) defaults to zero regardless of the actual error.                      

 *** WARNING ***                         ELAPSED TIME =      10.914   TIME= 11:04:07
 The estimated error in isolated selected elements (such as element 1766 
 ) defaults to zero regardless of the actual error.                      

 *** WARNING ***                         ELAPSED TIME =      10.916   TIME= 11:04:07
 The estimated error in isolated selected elements (such as element 1767 
 ) defaults to zero regardless of the actual error.                      

 *** WARNING ***                         ELAPSED TIME =      10.918   TIME= 11:04:07
 The estimated error in isolated selected elements (such as element 1768 
 ) defaults to zero regardless of the actual error.                      

 *** WARNING ***                         ELAPSED TIME =      10.920   TIME= 11:04:07
 The estimated error in isolated selected elements (such as element 1769 
 ) defaults to zero regardless of the actual error.                      

 *** WARNING ***                         ELAPSED TIME =      10.921   TIME= 11:04:07
 The estimated error in isolated selected elements (such as element 1770 
 ) defaults to zero regardless of the actual error.                      

 *** WARNING ***                         ELAPSED TIME =      10.923   TIME= 11:04:07
 The estimated error in isolated selected elements (such as element 1771 
 ) defaults to zero regardless of the actual error.                      

 *** WARNING ***                         ELAPSED TIME =      10.925   TIME= 11:04:07
 The estimated error in isolated selected elements (such as element 1772 
 ) defaults to zero regardless of the actual error.                      

 *** WARNING ***                         ELAPSED TIME =      10.927   TIME= 11:04:07
 The estimated error in isolated selected elements (such as element 1773 
 ) defaults to zero regardless of the actual error.                      

 *** WARNING ***                         ELAPSED TIME =      10.929   TIME= 11:04:07
 The estimated error in isolated selected elements (such as element 1774 
 ) defaults to zero regardless of the actual error.                      

 *** WARNING ***                         ELAPSED TIME =      10.931   TIME= 11:04:07
 The estimated error in isolated selected elements (such as element 1775 
 ) defaults to zero regardless of the actual error.                      

 *** WARNING ***                         ELAPSED TIME =      10.932   TIME= 11:04:07
 The estimated error in isolated selected elements (such as element 1776 
 ) defaults to zero regardless of the actual error.                      

 *** WARNING ***                         ELAPSED TIME =      10.934   TIME= 11:04:07
 The estimated error in isolated selected elements (such as element 1777 
 ) defaults to zero regardless of the actual error.                      

 *** WARNING ***                         ELAPSED TIME =      10.936   TIME= 11:04:07
 The estimated error in isolated selected elements (such as element 1778 
 ) defaults to zero regardless of the actual error.                      

 *** WARNING ***                         ELAPSED TIME =      10.937   TIME= 11:04:07
 The estimated error in isolated selected elements (such as element 1779 
 ) defaults to zero regardless of the actual error.                      

 *** WARNING ***                         ELAPSED TIME =      10.939   TIME= 11:04:07
 The estimated error in isolated selected elements (such as element 1780 
 ) defaults to zero regardless of the actual error.                      

 *** WARNING ***                         ELAPSED TIME =      10.941   TIME= 11:04:07
 The estimated error in isolated selected elements (such as element 1781 
 ) defaults to zero regardless of the actual error.                      

 *** WARNING ***                         ELAPSED TIME =      10.943   TIME= 11:04:07
 The estimated error in isolated selected elements (such as element 1782 
 ) defaults to zero regardless of the actual error.                      

 *** WARNING ***                         ELAPSED TIME =      10.945   TIME= 11:04:07
 The estimated error in isolated selected elements (such as element 1783 
 ) defaults to zero regardless of the actual error.                      

 *** WARNING ***                         ELAPSED TIME =      10.947   TIME= 11:04:07
 The estimated error in isolated selected elements (such as element 1784 
 ) defaults to zero regardless of the actual error.                      

 *** WARNING ***                         ELAPSED TIME =      10.948   TIME= 11:04:07
 The estimated error in isolated selected elements (such as element 1785 
 ) defaults to zero regardless of the actual error.                      

 *** WARNING ***                         ELAPSED TIME =      10.950   TIME= 11:04:07
 The estimated error in isolated selected elements (such as element 1786 
 ) defaults to zero regardless of the actual error.                      

 *** WARNING ***                         ELAPSED TIME =      10.952   TIME= 11:04:07
 The estimated error in isolated selected elements (such as element 1787 
 ) defaults to zero regardless of the actual error.                      

 *** WARNING ***                         ELAPSED TIME =      10.953   TIME= 11:04:07
 The estimated error in isolated selected elements (such as element 1788 
 ) defaults to zero regardless of the actual error.                      

 *** WARNING ***                         ELAPSED TIME =      10.955   TIME= 11:04:07
 The estimated error in isolated selected elements (such as element 1789 
 ) defaults to zero regardless of the actual error.                      

 *** WARNING ***                         ELAPSED TIME =      10.957   TIME= 11:04:07
 The estimated error in isolated selected elements (such as element 1790 
 ) defaults to zero regardless of the actual error.                      

 *** WARNING ***                         ELAPSED TIME =      10.959   TIME= 11:04:07
 The estimated error in isolated selected elements (such as element 1791 
 ) defaults to zero regardless of the actual error.                      

 *** WARNING ***                         ELAPSED TIME =      10.961   TIME= 11:04:07
 The estimated error in isolated selected elements (such as element 1792 
 ) defaults to zero regardless of the actual error.                      

 *** WARNING ***                         ELAPSED TIME =      10.963   TIME= 11:04:07
 The estimated error in isolated selected elements (such as element 1793 
 ) defaults to zero regardless of the actual error.                      

 *** WARNING ***                         ELAPSED TIME =      10.964   TIME= 11:04:07
 The estimated error in isolated selected elements (such as element 1794 
 ) defaults to zero regardless of the actual error.                      

 *** WARNING ***                         ELAPSED TIME =      10.966   TIME= 11:04:07
 The estimated error in isolated selected elements (such as element 1795 
 ) defaults to zero regardless of the actual error.                      

 *** WARNING ***                         ELAPSED TIME =      10.968   TIME= 11:04:07
 The estimated error in isolated selected elements (such as element 1796 
 ) defaults to zero regardless of the actual error.                      

 *** WARNING ***                         ELAPSED TIME =      10.970   TIME= 11:04:07
 The estimated error in isolated selected elements (such as element 1797 
 ) defaults to zero regardless of the actual error.                      

 *** WARNING ***                         ELAPSED TIME =      10.971   TIME= 11:04:07
 The estimated error in isolated selected elements (such as element 1798 
 ) defaults to zero regardless of the actual error.                      

 *** WARNING ***                         ELAPSED TIME =      10.973   TIME= 11:04:07
 The estimated error in isolated selected elements (such as element 1799 
 ) defaults to zero regardless of the actual error.                      

 *** WARNING ***                         ELAPSED TIME =      10.975   TIME= 11:04:07
 The estimated error in isolated selected elements (such as element 1800 
 ) defaults to zero regardless of the actual error.                      

 *** WARNING ***                         ELAPSED TIME =      10.977   TIME= 11:04:07
 The estimated error in isolated selected elements (such as element 1801 
 ) defaults to zero regardless of the actual error.                      

 *** WARNING ***                         ELAPSED TIME =      10.978   TIME= 11:04:07
 The estimated error in isolated selected elements (such as element 1802 
 ) defaults to zero regardless of the actual error.                      

 *** WARNING ***                         ELAPSED TIME =      10.980   TIME= 11:04:07
 The estimated error in isolated selected elements (such as element 1803 
 ) defaults to zero regardless of the actual error.                      

 *** WARNING ***                         ELAPSED TIME =      10.982   TIME= 11:04:07
 The estimated error in isolated selected elements (such as element 1804 
 ) defaults to zero regardless of the actual error.                      

 *** WARNING ***                         ELAPSED TIME =      10.983   TIME= 11:04:07
 The estimated error in isolated selected elements (such as element 1805 
 ) defaults to zero regardless of the actual error.                      

 *** WARNING ***                         ELAPSED TIME =      10.985   TIME= 11:04:07
 The estimated error in isolated selected elements (such as element 1806 
 ) defaults to zero regardless of the actual error.                      

 *** WARNING ***                         ELAPSED TIME =      10.987   TIME= 11:04:07
 The estimated error in isolated selected elements (such as element 1807 
 ) defaults to zero regardless of the actual error.                      

 *** WARNING ***                         ELAPSED TIME =      10.989   TIME= 11:04:07
 The estimated error in isolated selected elements (such as element 1808 
 ) defaults to zero regardless of the actual error.                      

 *** WARNING ***                         ELAPSED TIME =      10.990   TIME= 11:04:07
 The estimated error in isolated selected elements (such as element 1809 
 ) defaults to zero regardless of the actual error.                      

 *** WARNING ***                         ELAPSED TIME =      10.993   TIME= 11:04:07
 The estimated error in isolated selected elements (such as element 1810 
 ) defaults to zero regardless of the actual error.                      

 *** WARNING ***                         ELAPSED TIME =      10.994   TIME= 11:04:07
 The estimated error in isolated selected elements (such as element 1811 
 ) defaults to zero regardless of the actual error.                      

 *** WARNING ***                         ELAPSED TIME =      10.996   TIME= 11:04:07
 The estimated error in isolated selected elements (such as element 1812 
 ) defaults to zero regardless of the actual error.                      

 *** WARNING ***                         ELAPSED TIME =      10.998   TIME= 11:04:07
 The estimated error in isolated selected elements (such as element 1813 
 ) defaults to zero regardless of the actual error.                      

 *** WARNING ***                         ELAPSED TIME =      11.000   TIME= 11:04:07
 The estimated error in isolated selected elements (such as element 1814 
 ) defaults to zero regardless of the actual error.                      

 *** WARNING ***                         ELAPSED TIME =      11.001   TIME= 11:04:07
 The estimated error in isolated selected elements (such as element 1815 
 ) defaults to zero regardless of the actual error.                      

 *** WARNING ***                         ELAPSED TIME =      11.003   TIME= 11:04:07
 The estimated error in isolated selected elements (such as element 1816 
 ) defaults to zero regardless of the actual error.                      

 *** WARNING ***                         ELAPSED TIME =      11.005   TIME= 11:04:07
 The estimated error in isolated selected elements (such as element 1817 
 ) defaults to zero regardless of the actual error.                      

 *** WARNING ***                         ELAPSED TIME =      11.007   TIME= 11:04:07
 The estimated error in isolated selected elements (such as element 1818 
 ) defaults to zero regardless of the actual error.                      

 *** WARNING ***                         ELAPSED TIME =      11.009   TIME= 11:04:07
 The estimated error in isolated selected elements (such as element 1819 
 ) defaults to zero regardless of the actual error.                      

 *** WARNING ***                         ELAPSED TIME =      11.011   TIME= 11:04:07
 The estimated error in isolated selected elements (such as element 1820 
 ) defaults to zero regardless of the actual error.                      

 *** WARNING ***                         ELAPSED TIME =      11.013   TIME= 11:04:07
 The estimated error in isolated selected elements (such as element 1821 
 ) defaults to zero regardless of the actual error.                      

 *** WARNING ***                         ELAPSED TIME =      11.014   TIME= 11:04:07
 The estimated error in isolated selected elements (such as element 1822 
 ) defaults to zero regardless of the actual error.                      

 *** WARNING ***                         ELAPSED TIME =      11.016   TIME= 11:04:07
 The estimated error in isolated selected elements (such as element 1823 
 ) defaults to zero regardless of the actual error.                      

 *** WARNING ***                         ELAPSED TIME =      11.018   TIME= 11:04:07
 The estimated error in isolated selected elements (such as element 1824 
 ) defaults to zero regardless of the actual error.                      

 *** WARNING ***                         ELAPSED TIME =      11.019   TIME= 11:04:07
 The estimated error in isolated selected elements (such as element 1825 
 ) defaults to zero regardless of the actual error.                      

 *** WARNING ***                         ELAPSED TIME =      11.021   TIME= 11:04:07
 The estimated error in isolated selected elements (such as element 1826 
 ) defaults to zero regardless of the actual error.                      

 *** WARNING ***                         ELAPSED TIME =      11.023   TIME= 11:04:07
 The estimated error in isolated selected elements (such as element 1827 
 ) defaults to zero regardless of the actual error.                      

 *** WARNING ***                         ELAPSED TIME =      11.025   TIME= 11:04:07
 The estimated error in isolated selected elements (such as element 1828 
 ) defaults to zero regardless of the actual error.                      

 *** WARNING ***                         ELAPSED TIME =      11.026   TIME= 11:04:07
 The estimated error in isolated selected elements (such as element 1829 
 ) defaults to zero regardless of the actual error.                      

 *** WARNING ***                         ELAPSED TIME =      11.028   TIME= 11:04:07
 The estimated error in isolated selected elements (such as element 1830 
 ) defaults to zero regardless of the actual error.                      

 *** WARNING ***                         ELAPSED TIME =      11.030   TIME= 11:04:07
 The estimated error in isolated selected elements (such as element 1831 
 ) defaults to zero regardless of the actual error.                      

 *** WARNING ***                         ELAPSED TIME =      11.032   TIME= 11:04:07
 The estimated error in isolated selected elements (such as element 1832 
 ) defaults to zero regardless of the actual error.                      

 *** WARNING ***                         ELAPSED TIME =      11.033   TIME= 11:04:07
 The estimated error in isolated selected elements (such as element 1833 
 ) defaults to zero regardless of the actual error.                      

 *** WARNING ***                         ELAPSED TIME =      11.035   TIME= 11:04:07
 The estimated error in isolated selected elements (such as element 1834 
 ) defaults to zero regardless of the actual error.                      

 *** WARNING ***                         ELAPSED TIME =      11.037   TIME= 11:04:07
 The estimated error in isolated selected elements (such as element 1835 
 ) defaults to zero regardless of the actual error.                      

 *** WARNING ***                         ELAPSED TIME =      11.038   TIME= 11:04:07
 The estimated error in isolated selected elements (such as element 1836 
 ) defaults to zero regardless of the actual error.                      

 *** WARNING ***                         ELAPSED TIME =      11.040   TIME= 11:04:07
 The estimated error in isolated selected elements (such as element 1837 
 ) defaults to zero regardless of the actual error.                      

 *** WARNING ***                         ELAPSED TIME =      11.042   TIME= 11:04:07
 The estimated error in isolated selected elements (such as element 1838 
 ) defaults to zero regardless of the actual error.                      

 *** WARNING ***                         ELAPSED TIME =      11.044   TIME= 11:04:07
 The estimated error in isolated selected elements (such as element 1839 
 ) defaults to zero regardless of the actual error.                      

 *** WARNING ***                         ELAPSED TIME =      11.046   TIME= 11:04:07
 The estimated error in isolated selected elements (such as element 1840 
 ) defaults to zero regardless of the actual error.                      

 *** WARNING ***                         ELAPSED TIME =      11.047   TIME= 11:04:07
 The estimated error in isolated selected elements (such as element 1841 
 ) defaults to zero regardless of the actual error.                      

 *** WARNING ***                         ELAPSED TIME =      11.049   TIME= 11:04:07
 The estimated error in isolated selected elements (such as element 1842 
 ) defaults to zero regardless of the actual error.                      

 *** WARNING ***                         ELAPSED TIME =      11.051   TIME= 11:04:07
 The estimated error in isolated selected elements (such as element 1843 
 ) defaults to zero regardless of the actual error.                      

 *** WARNING ***                         ELAPSED TIME =      11.054   TIME= 11:04:07
 The estimated error in isolated selected elements (such as element 1844 
 ) defaults to zero regardless of the actual error.                      

 *** WARNING ***                         ELAPSED TIME =      11.056   TIME= 11:04:07
 The estimated error in isolated selected elements (such as element 1845 
 ) defaults to zero regardless of the actual error.                      

 *** WARNING ***                         ELAPSED TIME =      11.058   TIME= 11:04:07
 The estimated error in isolated selected elements (such as element 1846 
 ) defaults to zero regardless of the actual error.                      

 *** WARNING ***                         ELAPSED TIME =      11.060   TIME= 11:04:07
 The estimated error in isolated selected elements (such as element 1847 
 ) defaults to zero regardless of the actual error.                      

 *** WARNING ***                         ELAPSED TIME =      11.062   TIME= 11:04:07
 The estimated error in isolated selected elements (such as element 1848 
 ) defaults to zero regardless of the actual error.                      

 *** WARNING ***                         ELAPSED TIME =      11.063   TIME= 11:04:07
 The estimated error in isolated selected elements (such as element 1849 
 ) defaults to zero regardless of the actual error.                      

 *** WARNING ***                         ELAPSED TIME =      11.065   TIME= 11:04:07
 The estimated error in isolated selected elements (such as element 1850 
 ) defaults to zero regardless of the actual error.                      

 *** WARNING ***                         ELAPSED TIME =      11.067   TIME= 11:04:07
 The estimated error in isolated selected elements (such as element 1851 
 ) defaults to zero regardless of the actual error.                      

 *** WARNING ***                         ELAPSED TIME =      11.069   TIME= 11:04:07
 The estimated error in isolated selected elements (such as element 1852 
 ) defaults to zero regardless of the actual error.                      

 *** WARNING ***                         ELAPSED TIME =      11.071   TIME= 11:04:07
 The estimated error in isolated selected elements (such as element 1853 
 ) defaults to zero regardless of the actual error.                      

 *** WARNING ***                         ELAPSED TIME =      11.072   TIME= 11:04:07
 The estimated error in isolated selected elements (such as element 1854 
 ) defaults to zero regardless of the actual error.                      

 *** WARNING ***                         ELAPSED TIME =      11.074   TIME= 11:04:07
 The estimated error in isolated selected elements (such as element 1855 
 ) defaults to zero regardless of the actual error.                      

 *** WARNING ***                         ELAPSED TIME =      11.076   TIME= 11:04:07
 The estimated error in isolated selected elements (such as element 1856 
 ) defaults to zero regardless of the actual error.                      

 *** WARNING ***                         ELAPSED TIME =      11.078   TIME= 11:04:07
 The estimated error in isolated selected elements (such as element 1857 
 ) defaults to zero regardless of the actual error.                      

 *** WARNING ***                         ELAPSED TIME =      11.080   TIME= 11:04:07
 The estimated error in isolated selected elements (such as element 1858 
 ) defaults to zero regardless of the actual error.                      

 *** WARNING ***                         ELAPSED TIME =      11.081   TIME= 11:04:07
 The estimated error in isolated selected elements (such as element 1859 
 ) defaults to zero regardless of the actual error.                      

 *** WARNING ***                         ELAPSED TIME =      11.083   TIME= 11:04:07
 The estimated error in isolated selected elements (such as element 1860 
 ) defaults to zero regardless of the actual error.                      

 *** WARNING ***                         ELAPSED TIME =      11.085   TIME= 11:04:07
 The estimated error in isolated selected elements (such as element 1861 
 ) defaults to zero regardless of the actual error.                      

 *** WARNING ***                         ELAPSED TIME =      11.087   TIME= 11:04:07
 The estimated error in isolated selected elements (such as element 1862 
 ) defaults to zero regardless of the actual error.                      

 *** WARNING ***                         ELAPSED TIME =      11.089   TIME= 11:04:07
 The estimated error in isolated selected elements (such as element 1863 
 ) defaults to zero regardless of the actual error.                      

 *** WARNING ***                         ELAPSED TIME =      11.091   TIME= 11:04:07
 The estimated error in isolated selected elements (such as element 1864 
 ) defaults to zero regardless of the actual error.                      

 *** WARNING ***                         ELAPSED TIME =      11.093   TIME= 11:04:07
 The estimated error in isolated selected elements (such as element 1865 
 ) defaults to zero regardless of the actual error.                      

 *** WARNING ***                         ELAPSED TIME =      11.095   TIME= 11:04:07
 The estimated error in isolated selected elements (such as element 1866 
 ) defaults to zero regardless of the actual error.                      

 *** WARNING ***                         ELAPSED TIME =      11.097   TIME= 11:04:07
 The estimated error in isolated selected elements (such as element 1867 
 ) defaults to zero regardless of the actual error.                      

 *** WARNING ***                         ELAPSED TIME =      11.098   TIME= 11:04:07
 The estimated error in isolated selected elements (such as element 1868 
 ) defaults to zero regardless of the actual error.                      

 *** WARNING ***                         ELAPSED TIME =      11.100   TIME= 11:04:07
 The estimated error in isolated selected elements (such as element 1869 
 ) defaults to zero regardless of the actual error.                      

 *** WARNING ***                         ELAPSED TIME =      11.102   TIME= 11:04:07
 The estimated error in isolated selected elements (such as element 1870 
 ) defaults to zero regardless of the actual error.                      

 *** WARNING ***                         ELAPSED TIME =      11.104   TIME= 11:04:07
 The estimated error in isolated selected elements (such as element 1871 
 ) defaults to zero regardless of the actual error.                      

 *** WARNING ***                         ELAPSED TIME =      11.105   TIME= 11:04:07
 The estimated error in isolated selected elements (such as element 1872 
 ) defaults to zero regardless of the actual error.                      

 *** WARNING ***                         ELAPSED TIME =      11.107   TIME= 11:04:07
 The estimated error in isolated selected elements (such as element 1873 
 ) defaults to zero regardless of the actual error.                      

 *** WARNING ***                         ELAPSED TIME =      11.109   TIME= 11:04:07
 The estimated error in isolated selected elements (such as element 1874 
 ) defaults to zero regardless of the actual error.                      

 *** WARNING ***                         ELAPSED TIME =      11.111   TIME= 11:04:07
 The estimated error in isolated selected elements (such as element 1875 
 ) defaults to zero regardless of the actual error.                      

 *** WARNING ***                         ELAPSED TIME =      11.112   TIME= 11:04:07
 The estimated error in isolated selected elements (such as element 1876 
 ) defaults to zero regardless of the actual error.                      

 *** WARNING ***                         ELAPSED TIME =      11.114   TIME= 11:04:07
 The estimated error in isolated selected elements (such as element 1877 
 ) defaults to zero regardless of the actual error.                      

 *** WARNING ***                         ELAPSED TIME =      11.116   TIME= 11:04:07
 The estimated error in isolated selected elements (such as element 1878 
 ) defaults to zero regardless of the actual error.                      

 *** WARNING ***                         ELAPSED TIME =      11.123   TIME= 11:04:07
 The estimated error in isolated selected elements (such as element 1879 
 ) defaults to zero regardless of the actual error.                      

 *** WARNING ***                         ELAPSED TIME =      11.125   TIME= 11:04:07
 The estimated error in isolated selected elements (such as element 1880 
 ) defaults to zero regardless of the actual error.                      

 *** WARNING ***                         ELAPSED TIME =      11.127   TIME= 11:04:07
 The estimated error in isolated selected elements (such as element 1881 
 ) defaults to zero regardless of the actual error.                      

 *** WARNING ***                         ELAPSED TIME =      11.129   TIME= 11:04:07
 The estimated error in isolated selected elements (such as element 1882 
 ) defaults to zero regardless of the actual error.                      

 *** WARNING ***                         ELAPSED TIME =      11.130   TIME= 11:04:07
 The estimated error in isolated selected elements (such as element 1883 
 ) defaults to zero regardless of the actual error.                      

 *** WARNING ***                         ELAPSED TIME =      11.132   TIME= 11:04:07
 The estimated error in isolated selected elements (such as element 1884 
 ) defaults to zero regardless of the actual error.                      

 *** WARNING ***                         ELAPSED TIME =      11.134   TIME= 11:04:07
 The estimated error in isolated selected elements (such as element 1885 
 ) defaults to zero regardless of the actual error.                      

 *** WARNING ***                         ELAPSED TIME =      11.136   TIME= 11:04:07
 The estimated error in isolated selected elements (such as element 1886 
 ) defaults to zero regardless of the actual error.                      

 *** WARNING ***                         ELAPSED TIME =      11.138   TIME= 11:04:07
 The estimated error in isolated selected elements (such as element 1887 
 ) defaults to zero regardless of the actual error.                      

 *** WARNING ***                         ELAPSED TIME =      11.139   TIME= 11:04:07
 The estimated error in isolated selected elements (such as element 1888 
 ) defaults to zero regardless of the actual error.                      

 *** WARNING ***                         ELAPSED TIME =      11.141   TIME= 11:04:07
 The estimated error in isolated selected elements (such as element 1889 
 ) defaults to zero regardless of the actual error.                      

 *** WARNING ***                         ELAPSED TIME =      11.143   TIME= 11:04:07
 The estimated error in isolated selected elements (such as element 1890 
 ) defaults to zero regardless of the actual error.                      

 *** WARNING ***                         ELAPSED TIME =      11.144   TIME= 11:04:07
 The estimated error in isolated selected elements (such as element 1891 
 ) defaults to zero regardless of the actual error.                      

 *** WARNING ***                         ELAPSED TIME =      11.146   TIME= 11:04:07
 The estimated error in isolated selected elements (such as element 1892 
 ) defaults to zero regardless of the actual error.                      

 *** WARNING ***                         ELAPSED TIME =      11.148   TIME= 11:04:07
 The estimated error in isolated selected elements (such as element 1893 
 ) defaults to zero regardless of the actual error.                      

 *** WARNING ***                         ELAPSED TIME =      11.150   TIME= 11:04:07
 The estimated error in isolated selected elements (such as element 1894 
 ) defaults to zero regardless of the actual error.                      

 *** WARNING ***                         ELAPSED TIME =      11.151   TIME= 11:04:07
 The estimated error in isolated selected elements (such as element 1895 
 ) defaults to zero regardless of the actual error.                      

 *** WARNING ***                         ELAPSED TIME =      11.153   TIME= 11:04:07
 The estimated error in isolated selected elements (such as element 1896 
 ) defaults to zero regardless of the actual error.                      

 *** WARNING ***                         ELAPSED TIME =      11.155   TIME= 11:04:07
 The estimated error in isolated selected elements (such as element 1897 
 ) defaults to zero regardless of the actual error.                      

 *** WARNING ***                         ELAPSED TIME =      11.156   TIME= 11:04:07
 The estimated error in isolated selected elements (such as element 1898 
 ) defaults to zero regardless of the actual error.                      

 *** WARNING ***                         ELAPSED TIME =      11.158   TIME= 11:04:07
 The estimated error in isolated selected elements (such as element 1899 
 ) defaults to zero regardless of the actual error.                      

 *** WARNING ***                         ELAPSED TIME =      11.160   TIME= 11:04:07
 The estimated error in isolated selected elements (such as element 1900 
 ) defaults to zero regardless of the actual error.                      

 *** WARNING ***                         ELAPSED TIME =      11.161   TIME= 11:04:07
 The estimated error in isolated selected elements (such as element 1901 
 ) defaults to zero regardless of the actual error.                      

 *** WARNING ***                         ELAPSED TIME =      11.163   TIME= 11:04:07
 The estimated error in isolated selected elements (such as element 1902 
 ) defaults to zero regardless of the actual error.                      

 *** WARNING ***                         ELAPSED TIME =      11.166   TIME= 11:04:07
 The estimated error in isolated selected elements (such as element 1903 
 ) defaults to zero regardless of the actual error.                      

 *** WARNING ***                         ELAPSED TIME =      11.167   TIME= 11:04:07
 The estimated error in isolated selected elements (such as element 1904 
 ) defaults to zero regardless of the actual error.                      

 *** WARNING ***                         ELAPSED TIME =      11.169   TIME= 11:04:07
 The estimated error in isolated selected elements (such as element 1905 
 ) defaults to zero regardless of the actual error.                      

 *** WARNING ***                         ELAPSED TIME =      11.171   TIME= 11:04:07
 The estimated error in isolated selected elements (such as element 1906 
 ) defaults to zero regardless of the actual error.                      

 *** WARNING ***                         ELAPSED TIME =      11.173   TIME= 11:04:07
 The estimated error in isolated selected elements (such as element 1907 
 ) defaults to zero regardless of the actual error.                      

 *** WARNING ***                         ELAPSED TIME =      11.174   TIME= 11:04:07
 The estimated error in isolated selected elements (such as element 1908 
 ) defaults to zero regardless of the actual error.                      

 *** WARNING ***                         ELAPSED TIME =      11.176   TIME= 11:04:07
 The estimated error in isolated selected elements (such as element 1909 
 ) defaults to zero regardless of the actual error.                      

 *** WARNING ***                         ELAPSED TIME =      11.178   TIME= 11:04:07
 The estimated error in isolated selected elements (such as element 1910 
 ) defaults to zero regardless of the actual error.                      

 *** WARNING ***                         ELAPSED TIME =      11.181   TIME= 11:04:07
 The estimated error in isolated selected elements (such as element 1911 
 ) defaults to zero regardless of the actual error.                      

 *** WARNING ***                         ELAPSED TIME =      11.183   TIME= 11:04:08
 The estimated error in isolated selected elements (such as element 1912 
 ) defaults to zero regardless of the actual error.                      

 *** WARNING ***                         ELAPSED TIME =      11.185   TIME= 11:04:08
 The estimated error in isolated selected elements (such as element 1913 
 ) defaults to zero regardless of the actual error.                      

 *** WARNING ***                         ELAPSED TIME =      11.186   TIME= 11:04:08
 The estimated error in isolated selected elements (such as element 1914 
 ) defaults to zero regardless of the actual error.                      

 *** WARNING ***                         ELAPSED TIME =      11.188   TIME= 11:04:08
 The estimated error in isolated selected elements (such as element 1915 
 ) defaults to zero regardless of the actual error.                      

 *** WARNING ***                         ELAPSED TIME =      11.190   TIME= 11:04:08
 The estimated error in isolated selected elements (such as element 1916 
 ) defaults to zero regardless of the actual error.                      

 *** WARNING ***                         ELAPSED TIME =      11.192   TIME= 11:04:08
 The estimated error in isolated selected elements (such as element 1917 
 ) defaults to zero regardless of the actual error.                      

 *** WARNING ***                         ELAPSED TIME =      11.193   TIME= 11:04:08
 The estimated error in isolated selected elements (such as element 1918 
 ) defaults to zero regardless of the actual error.                      

 *** WARNING ***                         ELAPSED TIME =      11.195   TIME= 11:04:08
 The estimated error in isolated selected elements (such as element 1919 
 ) defaults to zero regardless of the actual error.                      

 *** WARNING ***                         ELAPSED TIME =      11.198   TIME= 11:04:08
 The estimated error in isolated selected elements (such as element 1920 
 ) defaults to zero regardless of the actual error.                      

 *** WARNING ***                         ELAPSED TIME =      11.200   TIME= 11:04:08
 The estimated error in isolated selected elements (such as element 1921 
 ) defaults to zero regardless of the actual error.                      

 *** WARNING ***                         ELAPSED TIME =      11.203   TIME= 11:04:08
 The estimated error in isolated selected elements (such as element 1922 
 ) defaults to zero regardless of the actual error.                      

 *** WARNING ***                         ELAPSED TIME =      11.204   TIME= 11:04:08
 The estimated error in isolated selected elements (such as element 1923 
 ) defaults to zero regardless of the actual error.                      

 *** WARNING ***                         ELAPSED TIME =      11.206   TIME= 11:04:08
 The estimated error in isolated selected elements (such as element 1924 
 ) defaults to zero regardless of the actual error.                      

 *** WARNING ***                         ELAPSED TIME =      11.208   TIME= 11:04:08
 The estimated error in isolated selected elements (such as element 1925 
 ) defaults to zero regardless of the actual error.                      

 *** WARNING ***                         ELAPSED TIME =      11.210   TIME= 11:04:08
 The estimated error in isolated selected elements (such as element 1926 
 ) defaults to zero regardless of the actual error.                      

 *** WARNING ***                         ELAPSED TIME =      11.213   TIME= 11:04:08
 The estimated error in isolated selected elements (such as element 1927 
 ) defaults to zero regardless of the actual error.                      

 *** WARNING ***                         ELAPSED TIME =      11.215   TIME= 11:04:08
 The estimated error in isolated selected elements (such as element 1928 
 ) defaults to zero regardless of the actual error.                      

 *** WARNING ***                         ELAPSED TIME =      11.217   TIME= 11:04:08
 The estimated error in isolated selected elements (such as element 1929 
 ) defaults to zero regardless of the actual error.                      

 *** WARNING ***                         ELAPSED TIME =      11.218   TIME= 11:04:08
 The estimated error in isolated selected elements (such as element 1930 
 ) defaults to zero regardless of the actual error.                      

 *** WARNING ***                         ELAPSED TIME =      11.220   TIME= 11:04:08
 The estimated error in isolated selected elements (such as element 1931 
 ) defaults to zero regardless of the actual error.                      

 *** WARNING ***                         ELAPSED TIME =      11.222   TIME= 11:04:08
 The estimated error in isolated selected elements (such as element 1932 
 ) defaults to zero regardless of the actual error.                      

 *** WARNING ***                         ELAPSED TIME =      11.224   TIME= 11:04:08
 The estimated error in isolated selected elements (such as element 1933 
 ) defaults to zero regardless of the actual error.                      

 *** WARNING ***                         ELAPSED TIME =      11.226   TIME= 11:04:08
 The estimated error in isolated selected elements (such as element 1934 
 ) defaults to zero regardless of the actual error.                      

 *** WARNING ***                         ELAPSED TIME =      11.228   TIME= 11:04:08
 The estimated error in isolated selected elements (such as element 1935 
 ) defaults to zero regardless of the actual error.                      

 *** WARNING ***                         ELAPSED TIME =      11.230   TIME= 11:04:08
 The estimated error in isolated selected elements (such as element 1936 
 ) defaults to zero regardless of the actual error.                      

 *** WARNING ***                         ELAPSED TIME =      11.232   TIME= 11:04:08
 The estimated error in isolated selected elements (such as element 1937 
 ) defaults to zero regardless of the actual error.                      

 *** WARNING ***                         ELAPSED TIME =      11.234   TIME= 11:04:08
 The estimated error in isolated selected elements (such as element 1938 
 ) defaults to zero regardless of the actual error.                      

 *** WARNING ***                         ELAPSED TIME =      11.236   TIME= 11:04:08
 The estimated error in isolated selected elements (such as element 1939 
 ) defaults to zero regardless of the actual error.                      

 *** WARNING ***                         ELAPSED TIME =      11.237   TIME= 11:04:08
 The estimated error in isolated selected elements (such as element 1940 
 ) defaults to zero regardless of the actual error.                      

 *** WARNING ***                         ELAPSED TIME =      11.239   TIME= 11:04:08
 The estimated error in isolated selected elements (such as element 1941 
 ) defaults to zero regardless of the actual error.                      

 *** WARNING ***                         ELAPSED TIME =      11.241   TIME= 11:04:08
 The estimated error in isolated selected elements (such as element 1942 
 ) defaults to zero regardless of the actual error.                      

 *** WARNING ***                         ELAPSED TIME =      11.243   TIME= 11:04:08
 The estimated error in isolated selected elements (such as element 1943 
 ) defaults to zero regardless of the actual error.                      

 *** WARNING ***                         ELAPSED TIME =      11.245   TIME= 11:04:08
 The estimated error in isolated selected elements (such as element 1944 
 ) defaults to zero regardless of the actual error.                      

 *** WARNING ***                         ELAPSED TIME =      11.247   TIME= 11:04:08
 The estimated error in isolated selected elements (such as element 1945 
 ) defaults to zero regardless of the actual error.                      

 *** WARNING ***                         ELAPSED TIME =      11.248   TIME= 11:04:08
 The estimated error in isolated selected elements (such as element 1946 
 ) defaults to zero regardless of the actual error.                      

 *** WARNING ***                         ELAPSED TIME =      11.250   TIME= 11:04:08
 The estimated error in isolated selected elements (such as element 1947 
 ) defaults to zero regardless of the actual error.                      

 *** WARNING ***                         ELAPSED TIME =      11.252   TIME= 11:04:08
 The estimated error in isolated selected elements (such as element 1948 
 ) defaults to zero regardless of the actual error.                      

 *** WARNING ***                         ELAPSED TIME =      11.253   TIME= 11:04:08
 The estimated error in isolated selected elements (such as element 1949 
 ) defaults to zero regardless of the actual error.                      

 *** WARNING ***                         ELAPSED TIME =      11.255   TIME= 11:04:08
 The estimated error in isolated selected elements (such as element 1950 
 ) defaults to zero regardless of the actual error.                      

 *** WARNING ***                         ELAPSED TIME =      11.257   TIME= 11:04:08
 The estimated error in isolated selected elements (such as element 1951 
 ) defaults to zero regardless of the actual error.                      

 *** WARNING ***                         ELAPSED TIME =      11.260   TIME= 11:04:08
 The estimated error in isolated selected elements (such as element 1952 
 ) defaults to zero regardless of the actual error.                      

 *** WARNING ***                         ELAPSED TIME =      11.262   TIME= 11:04:08
 The estimated error in isolated selected elements (such as element 1953 
 ) defaults to zero regardless of the actual error.                      

 *** WARNING ***                         ELAPSED TIME =      11.264   TIME= 11:04:08
 The estimated error in isolated selected elements (such as element 1954 
 ) defaults to zero regardless of the actual error.                      

 *** WARNING ***                         ELAPSED TIME =      11.266   TIME= 11:04:08
 The estimated error in isolated selected elements (such as element 1955 
 ) defaults to zero regardless of the actual error.                      

 *** WARNING ***                         ELAPSED TIME =      11.268   TIME= 11:04:08
 The estimated error in isolated selected elements (such as element 1956 
 ) defaults to zero regardless of the actual error.                      

 *** WARNING ***                         ELAPSED TIME =      11.269   TIME= 11:04:08
 The estimated error in isolated selected elements (such as element 1957 
 ) defaults to zero regardless of the actual error.                      

 *** WARNING ***                         ELAPSED TIME =      11.271   TIME= 11:04:08
 The estimated error in isolated selected elements (such as element 1958 
 ) defaults to zero regardless of the actual error.                      

 *** WARNING ***                         ELAPSED TIME =      11.273   TIME= 11:04:08
 The estimated error in isolated selected elements (such as element 1959 
 ) defaults to zero regardless of the actual error.                      

 *** WARNING ***                         ELAPSED TIME =      11.275   TIME= 11:04:08
 The estimated error in isolated selected elements (such as element 1960 
 ) defaults to zero regardless of the actual error.                      

 *** WARNING ***                         ELAPSED TIME =      11.277   TIME= 11:04:08
 The estimated error in isolated selected elements (such as element 1961 
 ) defaults to zero regardless of the actual error.                      

 *** WARNING ***                         ELAPSED TIME =      11.278   TIME= 11:04:08
 The estimated error in isolated selected elements (such as element 1962 
 ) defaults to zero regardless of the actual error.                      

 *** WARNING ***                         ELAPSED TIME =      11.280   TIME= 11:04:08
 The estimated error in isolated selected elements (such as element 1963 
 ) defaults to zero regardless of the actual error.                      

 *** WARNING ***                         ELAPSED TIME =      11.282   TIME= 11:04:08
 The estimated error in isolated selected elements (such as element 1964 
 ) defaults to zero regardless of the actual error.                      

 *** WARNING ***                         ELAPSED TIME =      11.283   TIME= 11:04:08
 The estimated error in isolated selected elements (such as element 1965 
 ) defaults to zero regardless of the actual error.                      

 *** WARNING ***                         ELAPSED TIME =      11.285   TIME= 11:04:08
 The estimated error in isolated selected elements (such as element 1966 
 ) defaults to zero regardless of the actual error.                      

 *** WARNING ***                         ELAPSED TIME =      11.287   TIME= 11:04:08
 The estimated error in isolated selected elements (such as element 1967 
 ) defaults to zero regardless of the actual error.                      

 *** WARNING ***                         ELAPSED TIME =      11.288   TIME= 11:04:08
 The estimated error in isolated selected elements (such as element 1968 
 ) defaults to zero regardless of the actual error.                      

 *** WARNING ***                         ELAPSED TIME =      11.290   TIME= 11:04:08
 The estimated error in isolated selected elements (such as element 1969 
 ) defaults to zero regardless of the actual error.                      

 *** WARNING ***                         ELAPSED TIME =      11.292   TIME= 11:04:08
 The estimated error in isolated selected elements (such as element 1970 
 ) defaults to zero regardless of the actual error.                      

 *** WARNING ***                         ELAPSED TIME =      11.294   TIME= 11:04:08
 The estimated error in isolated selected elements (such as element 1971 
 ) defaults to zero regardless of the actual error.                      

 *** WARNING ***                         ELAPSED TIME =      11.296   TIME= 11:04:08
 The estimated error in isolated selected elements (such as element 1972 
 ) defaults to zero regardless of the actual error.                      

 *** WARNING ***                         ELAPSED TIME =      11.297   TIME= 11:04:08
 The estimated error in isolated selected elements (such as element 1973 
 ) defaults to zero regardless of the actual error.                      

 *** WARNING ***                         ELAPSED TIME =      11.299   TIME= 11:04:08
 The estimated error in isolated selected elements (such as element 1974 
 ) defaults to zero regardless of the actual error.                      

 *** WARNING ***                         ELAPSED TIME =      11.301   TIME= 11:04:08
 The estimated error in isolated selected elements (such as element 1975 
 ) defaults to zero regardless of the actual error.                      

 *** WARNING ***                         ELAPSED TIME =      11.302   TIME= 11:04:08
 The estimated error in isolated selected elements (such as element 1976 
 ) defaults to zero regardless of the actual error.                      

 *** WARNING ***                         ELAPSED TIME =      11.304   TIME= 11:04:08
 The estimated error in isolated selected elements (such as element 1977 
 ) defaults to zero regardless of the actual error.                      

 *** WARNING ***                         ELAPSED TIME =      11.306   TIME= 11:04:08
 The estimated error in isolated selected elements (such as element 1978 
 ) defaults to zero regardless of the actual error.                      

 *** WARNING ***                         ELAPSED TIME =      11.308   TIME= 11:04:08
 The estimated error in isolated selected elements (such as element 1979 
 ) defaults to zero regardless of the actual error.                      

 *** WARNING ***                         ELAPSED TIME =      11.310   TIME= 11:04:08
 The estimated error in isolated selected elements (such as element 1980 
 ) defaults to zero regardless of the actual error.                      

 *** WARNING ***                         ELAPSED TIME =      11.311   TIME= 11:04:08
 The estimated error in isolated selected elements (such as element 1981 
 ) defaults to zero regardless of the actual error.                      

 *** WARNING ***                         ELAPSED TIME =      11.313   TIME= 11:04:08
 The estimated error in isolated selected elements (such as element 1982 
 ) defaults to zero regardless of the actual error.                      

 *** WARNING ***                         ELAPSED TIME =      11.315   TIME= 11:04:08
 The estimated error in isolated selected elements (such as element 1983 
 ) defaults to zero regardless of the actual error.                      

 *** WARNING ***                         ELAPSED TIME =      11.316   TIME= 11:04:08
 The estimated error in isolated selected elements (such as element 1984 
 ) defaults to zero regardless of the actual error.                      

 *** WARNING ***                         ELAPSED TIME =      11.318   TIME= 11:04:08
 The estimated error in isolated selected elements (such as element 1985 
 ) defaults to zero regardless of the actual error.                      

 *** WARNING ***                         ELAPSED TIME =      11.320   TIME= 11:04:08
 The estimated error in isolated selected elements (such as element 1986 
 ) defaults to zero regardless of the actual error.                      

 *** WARNING ***                         ELAPSED TIME =      11.322   TIME= 11:04:08
 The estimated error in isolated selected elements (such as element 1987 
 ) defaults to zero regardless of the actual error.                      

 *** WARNING ***                         ELAPSED TIME =      11.323   TIME= 11:04:08
 The estimated error in isolated selected elements (such as element 1988 
 ) defaults to zero regardless of the actual error.                      

 *** WARNING ***                         ELAPSED TIME =      11.325   TIME= 11:04:08
 The estimated error in isolated selected elements (such as element 1989 
 ) defaults to zero regardless of the actual error.                      

 *** WARNING ***                         ELAPSED TIME =      11.327   TIME= 11:04:08
 The estimated error in isolated selected elements (such as element 1990 
 ) defaults to zero regardless of the actual error.                      

 *** WARNING ***                         ELAPSED TIME =      11.328   TIME= 11:04:08
 The estimated error in isolated selected elements (such as element 1991 
 ) defaults to zero regardless of the actual error.                      

 *** WARNING ***                         ELAPSED TIME =      11.330   TIME= 11:04:08
 The estimated error in isolated selected elements (such as element 1992 
 ) defaults to zero regardless of the actual error.                      

 *** WARNING ***                         ELAPSED TIME =      11.332   TIME= 11:04:08
 The estimated error in isolated selected elements (such as element 1993 
 ) defaults to zero regardless of the actual error.                      

 *** WARNING ***                         ELAPSED TIME =      11.333   TIME= 11:04:08
 The estimated error in isolated selected elements (such as element 1994 
 ) defaults to zero regardless of the actual error.                      

 *** WARNING ***                         ELAPSED TIME =      11.335   TIME= 11:04:08
 The estimated error in isolated selected elements (such as element 1995 
 ) defaults to zero regardless of the actual error.                      

 *** WARNING ***                         ELAPSED TIME =      11.337   TIME= 11:04:08
 The estimated error in isolated selected elements (such as element 1996 
 ) defaults to zero regardless of the actual error.                      

 *** WARNING ***                         ELAPSED TIME =      11.339   TIME= 11:04:08
 The estimated error in isolated selected elements (such as element 1997 
 ) defaults to zero regardless of the actual error.                      

 *** WARNING ***                         ELAPSED TIME =      11.340   TIME= 11:04:08
 The estimated error in isolated selected elements (such as element 1998 
 ) defaults to zero regardless of the actual error.                      

 *** WARNING ***                         ELAPSED TIME =      11.342   TIME= 11:04:08
 The estimated error in isolated selected elements (such as element 1999 
 ) defaults to zero regardless of the actual error.                      

 *** WARNING ***                         ELAPSED TIME =      11.344   TIME= 11:04:08
 The estimated error in isolated selected elements (such as element 2000 
 ) defaults to zero regardless of the actual error.                      

 *** WARNING ***                         ELAPSED TIME =      11.345   TIME= 11:04:08
 The estimated error in isolated selected elements (such as element 2001 
 ) defaults to zero regardless of the actual error.                      

 *** WARNING ***                         ELAPSED TIME =      11.347   TIME= 11:04:08
 The estimated error in isolated selected elements (such as element 2002 
 ) defaults to zero regardless of the actual error.                      

 *** WARNING ***                         ELAPSED TIME =      11.349   TIME= 11:04:08
 The estimated error in isolated selected elements (such as element 2003 
 ) defaults to zero regardless of the actual error.                      

 *** WARNING ***                         ELAPSED TIME =      11.350   TIME= 11:04:08
 The estimated error in isolated selected elements (such as element 2004 
 ) defaults to zero regardless of the actual error.                      

 *** WARNING ***                         ELAPSED TIME =      11.352   TIME= 11:04:08
 The estimated error in isolated selected elements (such as element 2005 
 ) defaults to zero regardless of the actual error.                      

 *** WARNING ***                         ELAPSED TIME =      11.355   TIME= 11:04:08
 The estimated error in isolated selected elements (such as element 2006 
 ) defaults to zero regardless of the actual error.                      

 *** WARNING ***                         ELAPSED TIME =      11.356   TIME= 11:04:08
 The estimated error in isolated selected elements (such as element 2007 
 ) defaults to zero regardless of the actual error.                      

 *** WARNING ***                         ELAPSED TIME =      11.358   TIME= 11:04:08
 The estimated error in isolated selected elements (such as element 2008 
 ) defaults to zero regardless of the actual error.                      

 *** WARNING ***                         ELAPSED TIME =      11.360   TIME= 11:04:08
 The estimated error in isolated selected elements (such as element 2009 
 ) defaults to zero regardless of the actual error.                      

 *** WARNING ***                         ELAPSED TIME =      11.362   TIME= 11:04:08
 The estimated error in isolated selected elements (such as element 2010 
 ) defaults to zero regardless of the actual error.                      

 *** WARNING ***                         ELAPSED TIME =      11.363   TIME= 11:04:08
 The estimated error in isolated selected elements (such as element 2011 
 ) defaults to zero regardless of the actual error.                      

 *** WARNING ***                         ELAPSED TIME =      11.365   TIME= 11:04:08
 The estimated error in isolated selected elements (such as element 2012 
 ) defaults to zero regardless of the actual error.                      

 *** WARNING ***                         ELAPSED TIME =      11.367   TIME= 11:04:08
 The estimated error in isolated selected elements (such as element 2013 
 ) defaults to zero regardless of the actual error.                      

 *** WARNING ***                         ELAPSED TIME =      11.368   TIME= 11:04:08
 The estimated error in isolated selected elements (such as element 2014 
 ) defaults to zero regardless of the actual error.                      

 *** WARNING ***                         ELAPSED TIME =      11.370   TIME= 11:04:08
 The estimated error in isolated selected elements (such as element 2015 
 ) defaults to zero regardless of the actual error.                      

 *** WARNING ***                         ELAPSED TIME =      11.372   TIME= 11:04:08
 The estimated error in isolated selected elements (such as element 2016 
 ) defaults to zero regardless of the actual error.                      

 *** WARNING ***                         ELAPSED TIME =      11.374   TIME= 11:04:08
 The estimated error in isolated selected elements (such as element 2017 
 ) defaults to zero regardless of the actual error.                      

 *** WARNING ***                         ELAPSED TIME =      11.376   TIME= 11:04:08
 The estimated error in isolated selected elements (such as element 2018 
 ) defaults to zero regardless of the actual error.                      

 *** WARNING ***                         ELAPSED TIME =      11.377   TIME= 11:04:08
 The estimated error in isolated selected elements (such as element 2019 
 ) defaults to zero regardless of the actual error.                      

 *** WARNING ***                         ELAPSED TIME =      11.379   TIME= 11:04:08
 The estimated error in isolated selected elements (such as element 2020 
 ) defaults to zero regardless of the actual error.                      

 *** WARNING ***                         ELAPSED TIME =      11.381   TIME= 11:04:08
 The estimated error in isolated selected elements (such as element 2021 
 ) defaults to zero regardless of the actual error.                      

 *** WARNING ***                         ELAPSED TIME =      11.382   TIME= 11:04:08
 The estimated error in isolated selected elements (such as element 2022 
 ) defaults to zero regardless of the actual error.                      

 *** WARNING ***                         ELAPSED TIME =      11.384   TIME= 11:04:08
 The estimated error in isolated selected elements (such as element 2023 
 ) defaults to zero regardless of the actual error.                      

 *** WARNING ***                         ELAPSED TIME =      11.386   TIME= 11:04:08
 The estimated error in isolated selected elements (such as element 2024 
 ) defaults to zero regardless of the actual error.                      

 *** WARNING ***                         ELAPSED TIME =      11.388   TIME= 11:04:08
 The estimated error in isolated selected elements (such as element 2025 
 ) defaults to zero regardless of the actual error.                      

 *** WARNING ***                         ELAPSED TIME =      11.390   TIME= 11:04:08
 The estimated error in isolated selected elements (such as element 2026 
 ) defaults to zero regardless of the actual error.                      

 *** WARNING ***                         ELAPSED TIME =      11.391   TIME= 11:04:08
 The estimated error in isolated selected elements (such as element 2027 
 ) defaults to zero regardless of the actual error.                      

 *** WARNING ***                         ELAPSED TIME =      11.393   TIME= 11:04:08
 The estimated error in isolated selected elements (such as element 2028 
 ) defaults to zero regardless of the actual error.                      

 *** WARNING ***                         ELAPSED TIME =      11.395   TIME= 11:04:08
 The estimated error in isolated selected elements (such as element 2029 
 ) defaults to zero regardless of the actual error.                      

 *** WARNING ***                         ELAPSED TIME =      11.397   TIME= 11:04:08
 The estimated error in isolated selected elements (such as element 2030 
 ) defaults to zero regardless of the actual error.                      

 *** WARNING ***                         ELAPSED TIME =      11.398   TIME= 11:04:08
 The estimated error in isolated selected elements (such as element 2031 
 ) defaults to zero regardless of the actual error.                      

 *** WARNING ***                         ELAPSED TIME =      11.400   TIME= 11:04:08
 The estimated error in isolated selected elements (such as element 2032 
 ) defaults to zero regardless of the actual error.                      

 *** WARNING ***                         ELAPSED TIME =      11.402   TIME= 11:04:08
 The estimated error in isolated selected elements (such as element 2033 
 ) defaults to zero regardless of the actual error.                      

 *** WARNING ***                         ELAPSED TIME =      11.404   TIME= 11:04:08
 The estimated error in isolated selected elements (such as element 2034 
 ) defaults to zero regardless of the actual error.                      

 *** WARNING ***                         ELAPSED TIME =      11.405   TIME= 11:04:08
 The estimated error in isolated selected elements (such as element 2035 
 ) defaults to zero regardless of the actual error.                      

 *** WARNING ***                         ELAPSED TIME =      11.407   TIME= 11:04:08
 The estimated error in isolated selected elements (such as element 2036 
 ) defaults to zero regardless of the actual error.                      

 *** WARNING ***                         ELAPSED TIME =      11.409   TIME= 11:04:08
 The estimated error in isolated selected elements (such as element 2037 
 ) defaults to zero regardless of the actual error.                      

 *** WARNING ***                         ELAPSED TIME =      11.410   TIME= 11:04:08
 The estimated error in isolated selected elements (such as element 2038 
 ) defaults to zero regardless of the actual error.                      

 *** WARNING ***                         ELAPSED TIME =      11.412   TIME= 11:04:08
 The estimated error in isolated selected elements (such as element 2039 
 ) defaults to zero regardless of the actual error.                      

 *** WARNING ***                         ELAPSED TIME =      11.414   TIME= 11:04:08
 The estimated error in isolated selected elements (such as element 2040 
 ) defaults to zero regardless of the actual error.                      

 *** WARNING ***                         ELAPSED TIME =      11.415   TIME= 11:04:08
 The estimated error in isolated selected elements (such as element 2041 
 ) defaults to zero regardless of the actual error.                      

 *** WARNING ***                         ELAPSED TIME =      11.418   TIME= 11:04:08
 The estimated error in isolated selected elements (such as element 2042 
 ) defaults to zero regardless of the actual error.                      

 *** WARNING ***                         ELAPSED TIME =      11.419   TIME= 11:04:08
 The estimated error in isolated selected elements (such as element 2043 
 ) defaults to zero regardless of the actual error.                      

 *** WARNING ***                         ELAPSED TIME =      11.421   TIME= 11:04:08
 The estimated error in isolated selected elements (such as element 2044 
 ) defaults to zero regardless of the actual error.                      

 *** WARNING ***                         ELAPSED TIME =      11.423   TIME= 11:04:08
 The estimated error in isolated selected elements (such as element 2045 
 ) defaults to zero regardless of the actual error.                      

 *** WARNING ***                         ELAPSED TIME =      11.424   TIME= 11:04:08
 The estimated error in isolated selected elements (such as element 2046 
 ) defaults to zero regardless of the actual error.                      

 *** WARNING ***                         ELAPSED TIME =      11.426   TIME= 11:04:08
 The estimated error in isolated selected elements (such as element 2047 
 ) defaults to zero regardless of the actual error.                      

 *** WARNING ***                         ELAPSED TIME =      11.428   TIME= 11:04:08
 The estimated error in isolated selected elements (such as element 2048 
 ) defaults to zero regardless of the actual error.                      

 *** WARNING ***                         ELAPSED TIME =      11.429   TIME= 11:04:08
 The estimated error in isolated selected elements (such as element 2049 
 ) defaults to zero regardless of the actual error.                      

 *** WARNING ***                         ELAPSED TIME =      11.431   TIME= 11:04:08
 The estimated error in isolated selected elements (such as element 2050 
 ) defaults to zero regardless of the actual error.                      

 *** WARNING ***                         ELAPSED TIME =      11.433   TIME= 11:04:08
 The estimated error in isolated selected elements (such as element 2051 
 ) defaults to zero regardless of the actual error.                      

 *** WARNING ***                         ELAPSED TIME =      11.435   TIME= 11:04:08
 The estimated error in isolated selected elements (such as element 2052 
 ) defaults to zero regardless of the actual error.                      

 *** WARNING ***                         ELAPSED TIME =      11.436   TIME= 11:04:08
 The estimated error in isolated selected elements (such as element 2053 
 ) defaults to zero regardless of the actual error.                      

 *** WARNING ***                         ELAPSED TIME =      11.439   TIME= 11:04:08
 The estimated error in isolated selected elements (such as element 2054 
 ) defaults to zero regardless of the actual error.                      

 *** WARNING ***                         ELAPSED TIME =      11.440   TIME= 11:04:08
 The estimated error in isolated selected elements (such as element 2055 
 ) defaults to zero regardless of the actual error.                      

 *** WARNING ***                         ELAPSED TIME =      11.442   TIME= 11:04:08
 The estimated error in isolated selected elements (such as element 2056 
 ) defaults to zero regardless of the actual error.                      

 *** WARNING ***                         ELAPSED TIME =      11.444   TIME= 11:04:08
 The estimated error in isolated selected elements (such as element 2057 
 ) defaults to zero regardless of the actual error.                      

 *** WARNING ***                         ELAPSED TIME =      11.445   TIME= 11:04:08
 The estimated error in isolated selected elements (such as element 2058 
 ) defaults to zero regardless of the actual error.                      

 *** WARNING ***                         ELAPSED TIME =      11.447   TIME= 11:04:08
 The estimated error in isolated selected elements (such as element 2059 
 ) defaults to zero regardless of the actual error.                      

 *** WARNING ***                         ELAPSED TIME =      11.449   TIME= 11:04:08
 The estimated error in isolated selected elements (such as element 2060 
 ) defaults to zero regardless of the actual error.                      

 *** WARNING ***                         ELAPSED TIME =      11.451   TIME= 11:04:08
 The estimated error in isolated selected elements (such as element 2061 
 ) defaults to zero regardless of the actual error.                      

 *** WARNING ***                         ELAPSED TIME =      11.453   TIME= 11:04:08
 The estimated error in isolated selected elements (such as element 2062 
 ) defaults to zero regardless of the actual error.                      

 *** WARNING ***                         ELAPSED TIME =      11.455   TIME= 11:04:08
 The estimated error in isolated selected elements (such as element 2063 
 ) defaults to zero regardless of the actual error.                      

 *** WARNING ***                         ELAPSED TIME =      11.457   TIME= 11:04:08
 The estimated error in isolated selected elements (such as element 2064 
 ) defaults to zero regardless of the actual error.                      

 *** WARNING ***                         ELAPSED TIME =      11.459   TIME= 11:04:08
 The estimated error in isolated selected elements (such as element 2065 
 ) defaults to zero regardless of the actual error.                      

 *** WARNING ***                         ELAPSED TIME =      11.461   TIME= 11:04:08
 The estimated error in isolated selected elements (such as element 2066 
 ) defaults to zero regardless of the actual error.                      

 *** WARNING ***                         ELAPSED TIME =      11.463   TIME= 11:04:08
 The estimated error in isolated selected elements (such as element 2067 
 ) defaults to zero regardless of the actual error.                      

 *** WARNING ***                         ELAPSED TIME =      11.465   TIME= 11:04:08
 The estimated error in isolated selected elements (such as element 2068 
 ) defaults to zero regardless of the actual error.                      

 *** WARNING ***                         ELAPSED TIME =      11.466   TIME= 11:04:08
 The estimated error in isolated selected elements (such as element 2069 
 ) defaults to zero regardless of the actual error.                      

 *** WARNING ***                         ELAPSED TIME =      11.468   TIME= 11:04:08
 The estimated error in isolated selected elements (such as element 2070 
 ) defaults to zero regardless of the actual error.                      

 *** WARNING ***                         ELAPSED TIME =      11.470   TIME= 11:04:08
 The estimated error in isolated selected elements (such as element 2071 
 ) defaults to zero regardless of the actual error.                      

 *** WARNING ***                         ELAPSED TIME =      11.471   TIME= 11:04:08
 The estimated error in isolated selected elements (such as element 2072 
 ) defaults to zero regardless of the actual error.                      

 *** WARNING ***                         ELAPSED TIME =      11.473   TIME= 11:04:08
 The estimated error in isolated selected elements (such as element 2073 
 ) defaults to zero regardless of the actual error.                      

 *** WARNING ***                         ELAPSED TIME =      11.475   TIME= 11:04:08
 The estimated error in isolated selected elements (such as element 2074 
 ) defaults to zero regardless of the actual error.                      

 *** WARNING ***                         ELAPSED TIME =      11.477   TIME= 11:04:08
 The estimated error in isolated selected elements (such as element 2075 
 ) defaults to zero regardless of the actual error.                      

 *** WARNING ***                         ELAPSED TIME =      11.478   TIME= 11:04:08
 The estimated error in isolated selected elements (such as element 2076 
 ) defaults to zero regardless of the actual error.                      

 *** WARNING ***                         ELAPSED TIME =      11.480   TIME= 11:04:08
 The estimated error in isolated selected elements (such as element 2077 
 ) defaults to zero regardless of the actual error.                      

 *** WARNING ***                         ELAPSED TIME =      11.482   TIME= 11:04:08
 The estimated error in isolated selected elements (such as element 2078 
 ) defaults to zero regardless of the actual error.                      

 *** WARNING ***                         ELAPSED TIME =      11.484   TIME= 11:04:08
 The estimated error in isolated selected elements (such as element 2079 
 ) defaults to zero regardless of the actual error.                      

 *** WARNING ***                         ELAPSED TIME =      11.485   TIME= 11:04:08
 The estimated error in isolated selected elements (such as element 2080 
 ) defaults to zero regardless of the actual error.                      

 *** WARNING ***                         ELAPSED TIME =      11.487   TIME= 11:04:08
 The estimated error in isolated selected elements (such as element 2081 
 ) defaults to zero regardless of the actual error.                      

 *** WARNING ***                         ELAPSED TIME =      11.489   TIME= 11:04:08
 The estimated error in isolated selected elements (such as element 2082 
 ) defaults to zero regardless of the actual error.                      

 *** WARNING ***                         ELAPSED TIME =      11.490   TIME= 11:04:08
 The estimated error in isolated selected elements (such as element 2083 
 ) defaults to zero regardless of the actual error.                      

 *** WARNING ***                         ELAPSED TIME =      11.492   TIME= 11:04:08
 The estimated error in isolated selected elements (such as element 2084 
 ) defaults to zero regardless of the actual error.                      

 *** WARNING ***                         ELAPSED TIME =      11.494   TIME= 11:04:08
 The estimated error in isolated selected elements (such as element 2085 
 ) defaults to zero regardless of the actual error.                      

 *** WARNING ***                         ELAPSED TIME =      11.496   TIME= 11:04:08
 The estimated error in isolated selected elements (such as element 2086 
 ) defaults to zero regardless of the actual error.                      

 *** WARNING ***                         ELAPSED TIME =      11.498   TIME= 11:04:08
 The estimated error in isolated selected elements (such as element 2087 
 ) defaults to zero regardless of the actual error.                      

 *** WARNING ***                         ELAPSED TIME =      11.500   TIME= 11:04:08
 The estimated error in isolated selected elements (such as element 2088 
 ) defaults to zero regardless of the actual error.                      

 *** WARNING ***                         ELAPSED TIME =      11.501   TIME= 11:04:08
 The estimated error in isolated selected elements (such as element 2089 
 ) defaults to zero regardless of the actual error.                      

 *** WARNING ***                         ELAPSED TIME =      11.503   TIME= 11:04:08
 The estimated error in isolated selected elements (such as element 2090 
 ) defaults to zero regardless of the actual error.                      

 *** WARNING ***                         ELAPSED TIME =      11.505   TIME= 11:04:08
 The estimated error in isolated selected elements (such as element 2091 
 ) defaults to zero regardless of the actual error.                      

 *** WARNING ***                         ELAPSED TIME =      11.507   TIME= 11:04:08
 The estimated error in isolated selected elements (such as element 2092 
 ) defaults to zero regardless of the actual error.                      

 *** WARNING ***                         ELAPSED TIME =      11.508   TIME= 11:04:08
 The estimated error in isolated selected elements (such as element 2093 
 ) defaults to zero regardless of the actual error.                      

 *** WARNING ***                         ELAPSED TIME =      11.510   TIME= 11:04:08
 The estimated error in isolated selected elements (such as element 2094 
 ) defaults to zero regardless of the actual error.                      

 *** WARNING ***                         ELAPSED TIME =      11.513   TIME= 11:04:08
 The estimated error in isolated selected elements (such as element 2095 
 ) defaults to zero regardless of the actual error.                      

 *** WARNING ***                         ELAPSED TIME =      11.515   TIME= 11:04:08
 The estimated error in isolated selected elements (such as element 2096 
 ) defaults to zero regardless of the actual error.                      

 *** WARNING ***                         ELAPSED TIME =      11.516   TIME= 11:04:08
 The estimated error in isolated selected elements (such as element 2097 
 ) defaults to zero regardless of the actual error.                      

 *** WARNING ***                         ELAPSED TIME =      11.518   TIME= 11:04:08
 The estimated error in isolated selected elements (such as element 2098 
 ) defaults to zero regardless of the actual error.                      

 *** WARNING ***                         ELAPSED TIME =      11.520   TIME= 11:04:08
 The estimated error in isolated selected elements (such as element 2099 
 ) defaults to zero regardless of the actual error.                      

 *** WARNING ***                         ELAPSED TIME =      11.522   TIME= 11:04:08
 The estimated error in isolated selected elements (such as element 2100 
 ) defaults to zero regardless of the actual error.                      

 *** WARNING ***                         ELAPSED TIME =      11.523   TIME= 11:04:08
 The estimated error in isolated selected elements (such as element 2101 
 ) defaults to zero regardless of the actual error.                      

 *** WARNING ***                         ELAPSED TIME =      11.525   TIME= 11:04:08
 The estimated error in isolated selected elements (such as element 2102 
 ) defaults to zero regardless of the actual error.                      

 *** WARNING ***                         ELAPSED TIME =      11.527   TIME= 11:04:08
 The estimated error in isolated selected elements (such as element 2103 
 ) defaults to zero regardless of the actual error.                      

 *** WARNING ***                         ELAPSED TIME =      11.529   TIME= 11:04:08
 The estimated error in isolated selected elements (such as element 2104 
 ) defaults to zero regardless of the actual error.                      

 *** WARNING ***                         ELAPSED TIME =      11.530   TIME= 11:04:08
 The estimated error in isolated selected elements (such as element 2105 
 ) defaults to zero regardless of the actual error.                      

 *** WARNING ***                         ELAPSED TIME =      11.532   TIME= 11:04:08
 The estimated error in isolated selected elements (such as element 2106 
 ) defaults to zero regardless of the actual error.                      

 *** WARNING ***                         ELAPSED TIME =      11.534   TIME= 11:04:08
 The estimated error in isolated selected elements (such as element 2107 
 ) defaults to zero regardless of the actual error.                      

 *** WARNING ***                         ELAPSED TIME =      11.535   TIME= 11:04:08
 The estimated error in isolated selected elements (such as element 2108 
 ) defaults to zero regardless of the actual error.                      

 *** WARNING ***                         ELAPSED TIME =      11.537   TIME= 11:04:08
 The estimated error in isolated selected elements (such as element 2109 
 ) defaults to zero regardless of the actual error.                      

 *** WARNING ***                         ELAPSED TIME =      11.539   TIME= 11:04:08
 The estimated error in isolated selected elements (such as element 2110 
 ) defaults to zero regardless of the actual error.                      

 *** WARNING ***                         ELAPSED TIME =      11.540   TIME= 11:04:08
 The estimated error in isolated selected elements (such as element 2111 
 ) defaults to zero regardless of the actual error.                      

 *** WARNING ***                         ELAPSED TIME =      11.542   TIME= 11:04:08
 The estimated error in isolated selected elements (such as element 2112 
 ) defaults to zero regardless of the actual error.                      

 *** WARNING ***                         ELAPSED TIME =      11.544   TIME= 11:04:08
 The estimated error in isolated selected elements (such as element 2113 
 ) defaults to zero regardless of the actual error.                      

 *** WARNING ***                         ELAPSED TIME =      11.546   TIME= 11:04:08
 The estimated error in isolated selected elements (such as element 2114 
 ) defaults to zero regardless of the actual error.                      

 *** WARNING ***                         ELAPSED TIME =      11.548   TIME= 11:04:08
 The estimated error in isolated selected elements (such as element 2115 
 ) defaults to zero regardless of the actual error.                      

 *** WARNING ***                         ELAPSED TIME =      11.549   TIME= 11:04:08
 The estimated error in isolated selected elements (such as element 2116 
 ) defaults to zero regardless of the actual error.                      

 *** WARNING ***                         ELAPSED TIME =      11.551   TIME= 11:04:08
 The estimated error in isolated selected elements (such as element 2117 
 ) defaults to zero regardless of the actual error.                      

 *** WARNING ***                         ELAPSED TIME =      11.553   TIME= 11:04:08
 The estimated error in isolated selected elements (such as element 2118 
 ) defaults to zero regardless of the actual error.                      

 *** WARNING ***                         ELAPSED TIME =      11.554   TIME= 11:04:08
 The estimated error in isolated selected elements (such as element 2119 
 ) defaults to zero regardless of the actual error.                      

 *** WARNING ***                         ELAPSED TIME =      11.556   TIME= 11:04:08
 The estimated error in isolated selected elements (such as element 2120 
 ) defaults to zero regardless of the actual error.                      

 *** WARNING ***                         ELAPSED TIME =      11.558   TIME= 11:04:08
 The estimated error in isolated selected elements (such as element 2121 
 ) defaults to zero regardless of the actual error.                      

 *** WARNING ***                         ELAPSED TIME =      11.560   TIME= 11:04:08
 The estimated error in isolated selected elements (such as element 2122 
 ) defaults to zero regardless of the actual error.                      

 *** WARNING ***                         ELAPSED TIME =      11.562   TIME= 11:04:08
 The estimated error in isolated selected elements (such as element 2123 
 ) defaults to zero regardless of the actual error.                      

 *** WARNING ***                         ELAPSED TIME =      11.563   TIME= 11:04:08
 The estimated error in isolated selected elements (such as element 2124 
 ) defaults to zero regardless of the actual error.                      

 *** WARNING ***                         ELAPSED TIME =      11.565   TIME= 11:04:08
 The estimated error in isolated selected elements (such as element 2125 
 ) defaults to zero regardless of the actual error.                      

 *** WARNING ***                         ELAPSED TIME =      11.567   TIME= 11:04:08
 The estimated error in isolated selected elements (such as element 2126 
 ) defaults to zero regardless of the actual error.                      

 *** WARNING ***                         ELAPSED TIME =      11.568   TIME= 11:04:08
 The estimated error in isolated selected elements (such as element 2127 
 ) defaults to zero regardless of the actual error.                      

 *** WARNING ***                         ELAPSED TIME =      11.570   TIME= 11:04:08
 The estimated error in isolated selected elements (such as element 2128 
 ) defaults to zero regardless of the actual error.                      

 *** WARNING ***                         ELAPSED TIME =      11.572   TIME= 11:04:08
 The estimated error in isolated selected elements (such as element 2129 
 ) defaults to zero regardless of the actual error.                      

 *** WARNING ***                         ELAPSED TIME =      11.573   TIME= 11:04:08
 The estimated error in isolated selected elements (such as element 2130 
 ) defaults to zero regardless of the actual error.                      

 *** WARNING ***                         ELAPSED TIME =      11.575   TIME= 11:04:08
 The estimated error in isolated selected elements (such as element 2131 
 ) defaults to zero regardless of the actual error.                      

 *** WARNING ***                         ELAPSED TIME =      11.577   TIME= 11:04:08
 The estimated error in isolated selected elements (such as element 2132 
 ) defaults to zero regardless of the actual error.                      

 *** WARNING ***                         ELAPSED TIME =      11.579   TIME= 11:04:08
 The estimated error in isolated selected elements (such as element 2133 
 ) defaults to zero regardless of the actual error.                      

 *** WARNING ***                         ELAPSED TIME =      11.580   TIME= 11:04:08
 The estimated error in isolated selected elements (such as element 2134 
 ) defaults to zero regardless of the actual error.                      

 *** WARNING ***                         ELAPSED TIME =      11.582   TIME= 11:04:08
 The estimated error in isolated selected elements (such as element 2135 
 ) defaults to zero regardless of the actual error.                      

 *** WARNING ***                         ELAPSED TIME =      11.584   TIME= 11:04:08
 The estimated error in isolated selected elements (such as element 2136 
 ) defaults to zero regardless of the actual error.                      

 *** WARNING ***                         ELAPSED TIME =      11.585   TIME= 11:04:08
 The estimated error in isolated selected elements (such as element 2137 
 ) defaults to zero regardless of the actual error.                      

 *** WARNING ***                         ELAPSED TIME =      11.587   TIME= 11:04:08
 The estimated error in isolated selected elements (such as element 2138 
 ) defaults to zero regardless of the actual error.                      

 *** WARNING ***                         ELAPSED TIME =      11.589   TIME= 11:04:08
 The estimated error in isolated selected elements (such as element 2139 
 ) defaults to zero regardless of the actual error.                      

 *** WARNING ***                         ELAPSED TIME =      11.590   TIME= 11:04:08
 The estimated error in isolated selected elements (such as element 2140 
 ) defaults to zero regardless of the actual error.                      

 *** WARNING ***                         ELAPSED TIME =      11.592   TIME= 11:04:08
 The estimated error in isolated selected elements (such as element 2141 
 ) defaults to zero regardless of the actual error.                      

 *** WARNING ***                         ELAPSED TIME =      11.594   TIME= 11:04:08
 The estimated error in isolated selected elements (such as element 2142 
 ) defaults to zero regardless of the actual error.                      

 *** WARNING ***                         ELAPSED TIME =      11.596   TIME= 11:04:08
 The estimated error in isolated selected elements (such as element 2143 
 ) defaults to zero regardless of the actual error.                      

 *** WARNING ***                         ELAPSED TIME =      11.597   TIME= 11:04:08
 The estimated error in isolated selected elements (such as element 2144 
 ) defaults to zero regardless of the actual error.                      

 *** WARNING ***                         ELAPSED TIME =      11.599   TIME= 11:04:08
 The estimated error in isolated selected elements (such as element 2145 
 ) defaults to zero regardless of the actual error.                      

 *** WARNING ***                         ELAPSED TIME =      11.601   TIME= 11:04:08
 The estimated error in isolated selected elements (such as element 2146 
 ) defaults to zero regardless of the actual error.                      

 *** WARNING ***                         ELAPSED TIME =      11.602   TIME= 11:04:08
 The estimated error in isolated selected elements (such as element 2147 
 ) defaults to zero regardless of the actual error.                      

 *** WARNING ***                         ELAPSED TIME =      11.604   TIME= 11:04:08
 The estimated error in isolated selected elements (such as element 2148 
 ) defaults to zero regardless of the actual error.                      

 *** WARNING ***                         ELAPSED TIME =      11.606   TIME= 11:04:08
 The estimated error in isolated selected elements (such as element 2149 
 ) defaults to zero regardless of the actual error.                      

 *** WARNING ***                         ELAPSED TIME =      11.607   TIME= 11:04:08
 The estimated error in isolated selected elements (such as element 2150 
 ) defaults to zero regardless of the actual error.                      

 *** WARNING ***                         ELAPSED TIME =      11.609   TIME= 11:04:08
 The estimated error in isolated selected elements (such as element 2151 
 ) defaults to zero regardless of the actual error.                      

 *** WARNING ***                         ELAPSED TIME =      11.611   TIME= 11:04:08
 The estimated error in isolated selected elements (such as element 2152 
 ) defaults to zero regardless of the actual error.                      

 *** WARNING ***                         ELAPSED TIME =      11.613   TIME= 11:04:08
 The estimated error in isolated selected elements (such as element 2153 
 ) defaults to zero regardless of the actual error.                      

 *** WARNING ***                         ELAPSED TIME =      11.614   TIME= 11:04:08
 The estimated error in isolated selected elements (such as element 2154 
 ) defaults to zero regardless of the actual error.                      

 *** WARNING ***                         ELAPSED TIME =      11.617   TIME= 11:04:08
 The estimated error in isolated selected elements (such as element 2155 
 ) defaults to zero regardless of the actual error.                      

 *** WARNING ***                         ELAPSED TIME =      11.618   TIME= 11:04:08
 The estimated error in isolated selected elements (such as element 2156 
 ) defaults to zero regardless of the actual error.                      

 *** WARNING ***                         ELAPSED TIME =      11.620   TIME= 11:04:08
 The estimated error in isolated selected elements (such as element 2157 
 ) defaults to zero regardless of the actual error.                      

 *** WARNING ***                         ELAPSED TIME =      11.622   TIME= 11:04:08
 The estimated error in isolated selected elements (such as element 2158 
 ) defaults to zero regardless of the actual error.                      

 *** WARNING ***                         ELAPSED TIME =      11.624   TIME= 11:04:08
 The estimated error in isolated selected elements (such as element 2159 
 ) defaults to zero regardless of the actual error.                      

 *** WARNING ***                         ELAPSED TIME =      11.627   TIME= 11:04:08
 The estimated error in isolated selected elements (such as element 2160 
 ) defaults to zero regardless of the actual error.                      

 *** WARNING ***                         ELAPSED TIME =      11.628   TIME= 11:04:08
 The estimated error in isolated selected elements (such as element 2161 
 ) defaults to zero regardless of the actual error.                      

 *** WARNING ***                         ELAPSED TIME =      11.630   TIME= 11:04:08
 The estimated error in isolated selected elements (such as element 2162 
 ) defaults to zero regardless of the actual error.                      

 *** WARNING ***                         ELAPSED TIME =      11.632   TIME= 11:04:08
 The estimated error in isolated selected elements (such as element 2163 
 ) defaults to zero regardless of the actual error.                      

 *** WARNING ***                         ELAPSED TIME =      11.634   TIME= 11:04:08
 The estimated error in isolated selected elements (such as element 2164 
 ) defaults to zero regardless of the actual error.                      

 *** WARNING ***                         ELAPSED TIME =      11.635   TIME= 11:04:08
 The estimated error in isolated selected elements (such as element 2165 
 ) defaults to zero regardless of the actual error.                      

 *** WARNING ***                         ELAPSED TIME =      11.637   TIME= 11:04:08
 The estimated error in isolated selected elements (such as element 2166 
 ) defaults to zero regardless of the actual error.                      

 *** WARNING ***                         ELAPSED TIME =      11.640   TIME= 11:04:08
 The estimated error in isolated selected elements (such as element 2167 
 ) defaults to zero regardless of the actual error.                      

 *** WARNING ***                         ELAPSED TIME =      11.642   TIME= 11:04:08
 The estimated error in isolated selected elements (such as element 2168 
 ) defaults to zero regardless of the actual error.                      

 *** WARNING ***                         ELAPSED TIME =      11.644   TIME= 11:04:08
 The estimated error in isolated selected elements (such as element 2169 
 ) defaults to zero regardless of the actual error.                      

 *** WARNING ***                         ELAPSED TIME =      11.646   TIME= 11:04:08
 The estimated error in isolated selected elements (such as element 2170 
 ) defaults to zero regardless of the actual error.                      

 *** WARNING ***                         ELAPSED TIME =      11.648   TIME= 11:04:08
 The estimated error in isolated selected elements (such as element 2171 
 ) defaults to zero regardless of the actual error.                      

 *** WARNING ***                         ELAPSED TIME =      11.649   TIME= 11:04:08
 The estimated error in isolated selected elements (such as element 2172 
 ) defaults to zero regardless of the actual error.                      

 *** WARNING ***                         ELAPSED TIME =      11.651   TIME= 11:04:08
 The estimated error in isolated selected elements (such as element 2173 
 ) defaults to zero regardless of the actual error.                      

 *** WARNING ***                         ELAPSED TIME =      11.653   TIME= 11:04:08
 The estimated error in isolated selected elements (such as element 2174 
 ) defaults to zero regardless of the actual error.                      

 *** WARNING ***                         ELAPSED TIME =      11.655   TIME= 11:04:08
 The estimated error in isolated selected elements (such as element 2175 
 ) defaults to zero regardless of the actual error.                      

 *** WARNING ***                         ELAPSED TIME =      11.656   TIME= 11:04:08
 The estimated error in isolated selected elements (such as element 2176 
 ) defaults to zero regardless of the actual error.                      

 *** WARNING ***                         ELAPSED TIME =      11.658   TIME= 11:04:08
 The estimated error in isolated selected elements (such as element 2177 
 ) defaults to zero regardless of the actual error.                      

 *** WARNING ***                         ELAPSED TIME =      11.660   TIME= 11:04:08
 The estimated error in isolated selected elements (such as element 2178 
 ) defaults to zero regardless of the actual error.                      

 *** WARNING ***                         ELAPSED TIME =      11.661   TIME= 11:04:08
 The estimated error in isolated selected elements (such as element 2179 
 ) defaults to zero regardless of the actual error.                      

 *** WARNING ***                         ELAPSED TIME =      11.663   TIME= 11:04:08
 The estimated error in isolated selected elements (such as element 2180 
 ) defaults to zero regardless of the actual error.                      

 *** WARNING ***                         ELAPSED TIME =      11.665   TIME= 11:04:08
 The estimated error in isolated selected elements (such as element 2181 
 ) defaults to zero regardless of the actual error.                      

 *** WARNING ***                         ELAPSED TIME =      11.666   TIME= 11:04:08
 The estimated error in isolated selected elements (such as element 2182 
 ) defaults to zero regardless of the actual error.                      

 *** WARNING ***                         ELAPSED TIME =      11.668   TIME= 11:04:08
 The estimated error in isolated selected elements (such as element 2183 
 ) defaults to zero regardless of the actual error.                      

 *** WARNING ***                         ELAPSED TIME =      11.670   TIME= 11:04:08
 The estimated error in isolated selected elements (such as element 2184 
 ) defaults to zero regardless of the actual error.                      

 *** WARNING ***                         ELAPSED TIME =      11.672   TIME= 11:04:08
 The estimated error in isolated selected elements (such as element 2185 
 ) defaults to zero regardless of the actual error.                      

 *** WARNING ***                         ELAPSED TIME =      11.674   TIME= 11:04:08
 The estimated error in isolated selected elements (such as element 2186 
 ) defaults to zero regardless of the actual error.                      

 *** WARNING ***                         ELAPSED TIME =      11.676   TIME= 11:04:08
 The estimated error in isolated selected elements (such as element 2187 
 ) defaults to zero regardless of the actual error.                      

 *** WARNING ***                         ELAPSED TIME =      11.678   TIME= 11:04:08
 The estimated error in isolated selected elements (such as element 2188 
 ) defaults to zero regardless of the actual error.                      

 *** WARNING ***                         ELAPSED TIME =      11.679   TIME= 11:04:08
 The estimated error in isolated selected elements (such as element 2189 
 ) defaults to zero regardless of the actual error.                      

 *** WARNING ***                         ELAPSED TIME =      11.681   TIME= 11:04:08
 The estimated error in isolated selected elements (such as element 2190 
 ) defaults to zero regardless of the actual error.                      

 *** WARNING ***                         ELAPSED TIME =      11.683   TIME= 11:04:08
 The estimated error in isolated selected elements (such as element 2191 
 ) defaults to zero regardless of the actual error.                      

 *** WARNING ***                         ELAPSED TIME =      11.684   TIME= 11:04:08
 The estimated error in isolated selected elements (such as element 2192 
 ) defaults to zero regardless of the actual error.                      

 *** WARNING ***                         ELAPSED TIME =      11.687   TIME= 11:04:08
 The estimated error in isolated selected elements (such as element 2193 
 ) defaults to zero regardless of the actual error.                      

 *** WARNING ***                         ELAPSED TIME =      11.688   TIME= 11:04:08
 The estimated error in isolated selected elements (such as element 2194 
 ) defaults to zero regardless of the actual error.                      

 *** WARNING ***                         ELAPSED TIME =      11.690   TIME= 11:04:08
 The estimated error in isolated selected elements (such as element 2195 
 ) defaults to zero regardless of the actual error.                      

 *** WARNING ***                         ELAPSED TIME =      11.692   TIME= 11:04:08
 The estimated error in isolated selected elements (such as element 2196 
 ) defaults to zero regardless of the actual error.                      

 *** WARNING ***                         ELAPSED TIME =      11.693   TIME= 11:04:08
 The estimated error in isolated selected elements (such as element 2197 
 ) defaults to zero regardless of the actual error.                      

 *** WARNING ***                         ELAPSED TIME =      11.695   TIME= 11:04:08
 The estimated error in isolated selected elements (such as element 2198 
 ) defaults to zero regardless of the actual error.                      

 *** WARNING ***                         ELAPSED TIME =      11.697   TIME= 11:04:08
 The estimated error in isolated selected elements (such as element 2199 
 ) defaults to zero regardless of the actual error.                      

 *** WARNING ***                         ELAPSED TIME =      11.699   TIME= 11:04:08
 The estimated error in isolated selected elements (such as element 2200 
 ) defaults to zero regardless of the actual error.                      

 *** WARNING ***                         ELAPSED TIME =      11.701   TIME= 11:04:08
 The estimated error in isolated selected elements (such as element 2201 
 ) defaults to zero regardless of the actual error.                      

 *** WARNING ***                         ELAPSED TIME =      11.702   TIME= 11:04:08
 The estimated error in isolated selected elements (such as element 2202 
 ) defaults to zero regardless of the actual error.                      

 *** WARNING ***                         ELAPSED TIME =      11.704   TIME= 11:04:08
 The estimated error in isolated selected elements (such as element 2203 
 ) defaults to zero regardless of the actual error.                      

 *** WARNING ***                         ELAPSED TIME =      11.706   TIME= 11:04:08
 The estimated error in isolated selected elements (such as element 2204 
 ) defaults to zero regardless of the actual error.                      

 *** WARNING ***                         ELAPSED TIME =      11.707   TIME= 11:04:08
 The estimated error in isolated selected elements (such as element 2205 
 ) defaults to zero regardless of the actual error.                      

 *** WARNING ***                         ELAPSED TIME =      11.709   TIME= 11:04:08
 The estimated error in isolated selected elements (such as element 2206 
 ) defaults to zero regardless of the actual error.                      

 *** WARNING ***                         ELAPSED TIME =      11.711   TIME= 11:04:08
 The estimated error in isolated selected elements (such as element 2207 
 ) defaults to zero regardless of the actual error.                      

 *** WARNING ***                         ELAPSED TIME =      11.712   TIME= 11:04:08
 The estimated error in isolated selected elements (such as element 2208 
 ) defaults to zero regardless of the actual error.                      

 *** WARNING ***                         ELAPSED TIME =      11.714   TIME= 11:04:08
 The estimated error in isolated selected elements (such as element 2209 
 ) defaults to zero regardless of the actual error.                      

 *** WARNING ***                         ELAPSED TIME =      11.716   TIME= 11:04:08
 The estimated error in isolated selected elements (such as element 2210 
 ) defaults to zero regardless of the actual error.                      

 *** WARNING ***                         ELAPSED TIME =      11.718   TIME= 11:04:08
 The estimated error in isolated selected elements (such as element 2211 
 ) defaults to zero regardless of the actual error.                      

 *** WARNING ***                         ELAPSED TIME =      11.719   TIME= 11:04:08
 The estimated error in isolated selected elements (such as element 2212 
 ) defaults to zero regardless of the actual error.                      

 *** WARNING ***                         ELAPSED TIME =      11.721   TIME= 11:04:08
 The estimated error in isolated selected elements (such as element 2213 
 ) defaults to zero regardless of the actual error.                      

 *** WARNING ***                         ELAPSED TIME =      11.723   TIME= 11:04:08
 The estimated error in isolated selected elements (such as element 2214 
 ) defaults to zero regardless of the actual error.                      

 *** WARNING ***                         ELAPSED TIME =      11.724   TIME= 11:04:08
 The estimated error in isolated selected elements (such as element 2215 
 ) defaults to zero regardless of the actual error.                      

 *** WARNING ***                         ELAPSED TIME =      11.726   TIME= 11:04:08
 The estimated error in isolated selected elements (such as element 2216 
 ) defaults to zero regardless of the actual error.                      

 *** WARNING ***                         ELAPSED TIME =      11.728   TIME= 11:04:08
 The estimated error in isolated selected elements (such as element 2217 
 ) defaults to zero regardless of the actual error.                      

 *** WARNING ***                         ELAPSED TIME =      11.730   TIME= 11:04:08
 The estimated error in isolated selected elements (such as element 2218 
 ) defaults to zero regardless of the actual error.                      

 *** WARNING ***                         ELAPSED TIME =      11.732   TIME= 11:04:08
 The estimated error in isolated selected elements (such as element 2219 
 ) defaults to zero regardless of the actual error.                      

 *** WARNING ***                         ELAPSED TIME =      11.734   TIME= 11:04:08
 The estimated error in isolated selected elements (such as element 2220 
 ) defaults to zero regardless of the actual error.                      

 *** WARNING ***                         ELAPSED TIME =      11.736   TIME= 11:04:08
 The estimated error in isolated selected elements (such as element 2221 
 ) defaults to zero regardless of the actual error.                      

 *** WARNING ***                         ELAPSED TIME =      11.738   TIME= 11:04:08
 The estimated error in isolated selected elements (such as element 2222 
 ) defaults to zero regardless of the actual error.                      

 *** WARNING ***                         ELAPSED TIME =      11.741   TIME= 11:04:08
 The estimated error in isolated selected elements (such as element 2223 
 ) defaults to zero regardless of the actual error.                      

 *** WARNING ***                         ELAPSED TIME =      11.743   TIME= 11:04:08
 The estimated error in isolated selected elements (such as element 2224 
 ) defaults to zero regardless of the actual error.                      

 *** WARNING ***                         ELAPSED TIME =      11.745   TIME= 11:04:08
 The estimated error in isolated selected elements (such as element 2225 
 ) defaults to zero regardless of the actual error.                      

 *** WARNING ***                         ELAPSED TIME =      11.747   TIME= 11:04:08
 The estimated error in isolated selected elements (such as element 2226 
 ) defaults to zero regardless of the actual error.                      

 *** WARNING ***                         ELAPSED TIME =      11.750   TIME= 11:04:08
 The estimated error in isolated selected elements (such as element 2227 
 ) defaults to zero regardless of the actual error.                      

 *** WARNING ***                         ELAPSED TIME =      11.752   TIME= 11:04:08
 The estimated error in isolated selected elements (such as element 2228 
 ) defaults to zero regardless of the actual error.                      

 *** WARNING ***                         ELAPSED TIME =      11.754   TIME= 11:04:08
 The estimated error in isolated selected elements (such as element 2229 
 ) defaults to zero regardless of the actual error.                      

 *** WARNING ***                         ELAPSED TIME =      11.756   TIME= 11:04:08
 The estimated error in isolated selected elements (such as element 2230 
 ) defaults to zero regardless of the actual error.                      

 *** WARNING ***                         ELAPSED TIME =      11.758   TIME= 11:04:08
 The estimated error in isolated selected elements (such as element 2231 
 ) defaults to zero regardless of the actual error.                      

 *** WARNING ***                         ELAPSED TIME =      11.760   TIME= 11:04:08
 The estimated error in isolated selected elements (such as element 2232 
 ) defaults to zero regardless of the actual error.                      

 *** WARNING ***                         ELAPSED TIME =      11.762   TIME= 11:04:08
 The estimated error in isolated selected elements (such as element 2233 
 ) defaults to zero regardless of the actual error.                      

 *** WARNING ***                         ELAPSED TIME =      11.764   TIME= 11:04:08
 The estimated error in isolated selected elements (such as element 2234 
 ) defaults to zero regardless of the actual error.                      

 *** WARNING ***                         ELAPSED TIME =      11.767   TIME= 11:04:08
 The estimated error in isolated selected elements (such as element 2235 
 ) defaults to zero regardless of the actual error.                      

 *** WARNING ***                         ELAPSED TIME =      11.769   TIME= 11:04:08
 The estimated error in isolated selected elements (such as element 2236 
 ) defaults to zero regardless of the actual error.                      

 *** WARNING ***                         ELAPSED TIME =      11.770   TIME= 11:04:08
 The estimated error in isolated selected elements (such as element 2237 
 ) defaults to zero regardless of the actual error.                      

 *** WARNING ***                         ELAPSED TIME =      11.772   TIME= 11:04:08
 The estimated error in isolated selected elements (such as element 2238 
 ) defaults to zero regardless of the actual error.                      

 *** WARNING ***                         ELAPSED TIME =      11.774   TIME= 11:04:08
 The estimated error in isolated selected elements (such as element 2239 
 ) defaults to zero regardless of the actual error.                      

 *** WARNING ***                         ELAPSED TIME =      11.775   TIME= 11:04:08
 The estimated error in isolated selected elements (such as element 2240 
 ) defaults to zero regardless of the actual error.                      

 *** WARNING ***                         ELAPSED TIME =      11.777   TIME= 11:04:08
 The estimated error in isolated selected elements (such as element 2241 
 ) defaults to zero regardless of the actual error.                      

 *** WARNING ***                         ELAPSED TIME =      11.779   TIME= 11:04:08
 The estimated error in isolated selected elements (such as element 2242 
 ) defaults to zero regardless of the actual error.                      

 *** WARNING ***                         ELAPSED TIME =      11.781   TIME= 11:04:08
 The estimated error in isolated selected elements (such as element 2243 
 ) defaults to zero regardless of the actual error.                      

 *** WARNING ***                         ELAPSED TIME =      11.783   TIME= 11:04:08
 The estimated error in isolated selected elements (such as element 2244 
 ) defaults to zero regardless of the actual error.                      

 *** WARNING ***                         ELAPSED TIME =      11.785   TIME= 11:04:08
 The estimated error in isolated selected elements (such as element 2245 
 ) defaults to zero regardless of the actual error.                      

 *** WARNING ***                         ELAPSED TIME =      11.786   TIME= 11:04:08
 The estimated error in isolated selected elements (such as element 2246 
 ) defaults to zero regardless of the actual error.                      

 *** WARNING ***                         ELAPSED TIME =      11.788   TIME= 11:04:08
 The estimated error in isolated selected elements (such as element 2247 
 ) defaults to zero regardless of the actual error.                      

 *** WARNING ***                         ELAPSED TIME =      11.790   TIME= 11:04:08
 The estimated error in isolated selected elements (such as element 2248 
 ) defaults to zero regardless of the actual error.                      

 *** WARNING ***                         ELAPSED TIME =      11.791   TIME= 11:04:08
 The estimated error in isolated selected elements (such as element 2249 
 ) defaults to zero regardless of the actual error.                      

 *** WARNING ***                         ELAPSED TIME =      11.793   TIME= 11:04:08
 The estimated error in isolated selected elements (such as element 2250 
 ) defaults to zero regardless of the actual error.                      

 *** WARNING ***                         ELAPSED TIME =      11.795   TIME= 11:04:08
 The estimated error in isolated selected elements (such as element 2251 
 ) defaults to zero regardless of the actual error.                      

 *** WARNING ***                         ELAPSED TIME =      11.797   TIME= 11:04:08
 The estimated error in isolated selected elements (such as element 2252 
 ) defaults to zero regardless of the actual error.                      

 *** WARNING ***                         ELAPSED TIME =      11.798   TIME= 11:04:08
 The estimated error in isolated selected elements (such as element 2253 
 ) defaults to zero regardless of the actual error.                      

 *** WARNING ***                         ELAPSED TIME =      11.800   TIME= 11:04:08
 The estimated error in isolated selected elements (such as element 2254 
 ) defaults to zero regardless of the actual error.                      

 *** WARNING ***                         ELAPSED TIME =      11.802   TIME= 11:04:08
 The estimated error in isolated selected elements (such as element 2255 
 ) defaults to zero regardless of the actual error.                      

 *** WARNING ***                         ELAPSED TIME =      11.803   TIME= 11:04:08
 The estimated error in isolated selected elements (such as element 2256 
 ) defaults to zero regardless of the actual error.                      

 *** WARNING ***                         ELAPSED TIME =      11.805   TIME= 11:04:08
 The estimated error in isolated selected elements (such as element 2257 
 ) defaults to zero regardless of the actual error.                      

 *** WARNING ***                         ELAPSED TIME =      11.807   TIME= 11:04:08
 The estimated error in isolated selected elements (such as element 2258 
 ) defaults to zero regardless of the actual error.                      

 *** WARNING ***                         ELAPSED TIME =      11.808   TIME= 11:04:08
 The estimated error in isolated selected elements (such as element 2259 
 ) defaults to zero regardless of the actual error.                      

 *** WARNING ***                         ELAPSED TIME =      11.810   TIME= 11:04:08
 The estimated error in isolated selected elements (such as element 2260 
 ) defaults to zero regardless of the actual error.                      

 *** WARNING ***                         ELAPSED TIME =      11.812   TIME= 11:04:08
 The estimated error in isolated selected elements (such as element 2261 
 ) defaults to zero regardless of the actual error.                      

 *** WARNING ***                         ELAPSED TIME =      11.814   TIME= 11:04:08
 The estimated error in isolated selected elements (such as element 2262 
 ) defaults to zero regardless of the actual error.                      

 *** WARNING ***                         ELAPSED TIME =      11.816   TIME= 11:04:08
 The estimated error in isolated selected elements (such as element 2263 
 ) defaults to zero regardless of the actual error.                      

 *** WARNING ***                         ELAPSED TIME =      11.817   TIME= 11:04:08
 The estimated error in isolated selected elements (such as element 2264 
 ) defaults to zero regardless of the actual error.                      

 *** WARNING ***                         ELAPSED TIME =      11.819   TIME= 11:04:08
 The estimated error in isolated selected elements (such as element 2265 
 ) defaults to zero regardless of the actual error.                      

 *** WARNING ***                         ELAPSED TIME =      11.821   TIME= 11:04:08
 The estimated error in isolated selected elements (such as element 2266 
 ) defaults to zero regardless of the actual error.                      

 *** WARNING ***                         ELAPSED TIME =      11.822   TIME= 11:04:08
 The estimated error in isolated selected elements (such as element 2267 
 ) defaults to zero regardless of the actual error.                      

 *** WARNING ***                         ELAPSED TIME =      11.824   TIME= 11:04:08
 The estimated error in isolated selected elements (such as element 2268 
 ) defaults to zero regardless of the actual error.                      

 *** WARNING ***                         ELAPSED TIME =      11.826   TIME= 11:04:08
 The estimated error in isolated selected elements (such as element 2269 
 ) defaults to zero regardless of the actual error.                      

 *** WARNING ***                         ELAPSED TIME =      11.828   TIME= 11:04:08
 The estimated error in isolated selected elements (such as element 2270 
 ) defaults to zero regardless of the actual error.                      

 *** WARNING ***                         ELAPSED TIME =      11.831   TIME= 11:04:08
 The estimated error in isolated selected elements (such as element 2271 
 ) defaults to zero regardless of the actual error.                      

 *** WARNING ***                         ELAPSED TIME =      11.832   TIME= 11:04:08
 The estimated error in isolated selected elements (such as element 2272 
 ) defaults to zero regardless of the actual error.                      

 *** WARNING ***                         ELAPSED TIME =      11.834   TIME= 11:04:08
 The estimated error in isolated selected elements (such as element 2273 
 ) defaults to zero regardless of the actual error.                      

 *** WARNING ***                         ELAPSED TIME =      11.836   TIME= 11:04:08
 The estimated error in isolated selected elements (such as element 2274 
 ) defaults to zero regardless of the actual error.                      

 *** WARNING ***                         ELAPSED TIME =      11.837   TIME= 11:04:08
 The estimated error in isolated selected elements (such as element 2275 
 ) defaults to zero regardless of the actual error.                      

 *** WARNING ***                         ELAPSED TIME =      11.839   TIME= 11:04:08
 The estimated error in isolated selected elements (such as element 2276 
 ) defaults to zero regardless of the actual error.                      

 *** WARNING ***                         ELAPSED TIME =      11.841   TIME= 11:04:08
 The estimated error in isolated selected elements (such as element 2277 
 ) defaults to zero regardless of the actual error.                      

 *** WARNING ***                         ELAPSED TIME =      11.843   TIME= 11:04:08
 The estimated error in isolated selected elements (such as element 2278 
 ) defaults to zero regardless of the actual error.                      

 *** WARNING ***                         ELAPSED TIME =      11.845   TIME= 11:04:08
 The estimated error in isolated selected elements (such as element 2279 
 ) defaults to zero regardless of the actual error.                      

 *** WARNING ***                         ELAPSED TIME =      11.847   TIME= 11:04:08
 The estimated error in isolated selected elements (such as element 2280 
 ) defaults to zero regardless of the actual error.                      

 *** WARNING ***                         ELAPSED TIME =      11.848   TIME= 11:04:08
 The estimated error in isolated selected elements (such as element 2281 
 ) defaults to zero regardless of the actual error.                      

 *** WARNING ***                         ELAPSED TIME =      11.850   TIME= 11:04:08
 The estimated error in isolated selected elements (such as element 2282 
 ) defaults to zero regardless of the actual error.                      

 *** WARNING ***                         ELAPSED TIME =      11.852   TIME= 11:04:08
 The estimated error in isolated selected elements (such as element 2283 
 ) defaults to zero regardless of the actual error.                      

 *** WARNING ***                         ELAPSED TIME =      11.853   TIME= 11:04:08
 The estimated error in isolated selected elements (such as element 2284 
 ) defaults to zero regardless of the actual error.                      

 *** WARNING ***                         ELAPSED TIME =      11.855   TIME= 11:04:08
 The estimated error in isolated selected elements (such as element 2285 
 ) defaults to zero regardless of the actual error.                      

 *** WARNING ***                         ELAPSED TIME =      11.857   TIME= 11:04:08
 The estimated error in isolated selected elements (such as element 2286 
 ) defaults to zero regardless of the actual error.                      

 *** WARNING ***                         ELAPSED TIME =      11.858   TIME= 11:04:08
 The estimated error in isolated selected elements (such as element 2287 
 ) defaults to zero regardless of the actual error.                      

 *** WARNING ***                         ELAPSED TIME =      11.861   TIME= 11:04:08
 The estimated error in isolated selected elements (such as element 2288 
 ) defaults to zero regardless of the actual error.                      

 *** WARNING ***                         ELAPSED TIME =      11.862   TIME= 11:04:08
 The estimated error in isolated selected elements (such as element 2289 
 ) defaults to zero regardless of the actual error.                      

 *** WARNING ***                         ELAPSED TIME =      11.864   TIME= 11:04:08
 The estimated error in isolated selected elements (such as element 2290 
 ) defaults to zero regardless of the actual error.                      

 *** WARNING ***                         ELAPSED TIME =      11.866   TIME= 11:04:08
 The estimated error in isolated selected elements (such as element 2291 
 ) defaults to zero regardless of the actual error.                      

 *** WARNING ***                         ELAPSED TIME =      11.868   TIME= 11:04:08
 The estimated error in isolated selected elements (such as element 2292 
 ) defaults to zero regardless of the actual error.                      

 *** WARNING ***                         ELAPSED TIME =      11.869   TIME= 11:04:08
 The estimated error in isolated selected elements (such as element 2293 
 ) defaults to zero regardless of the actual error.                      

 *** WARNING ***                         ELAPSED TIME =      11.871   TIME= 11:04:08
 The estimated error in isolated selected elements (such as element 2294 
 ) defaults to zero regardless of the actual error.                      

 *** WARNING ***                         ELAPSED TIME =      11.873   TIME= 11:04:08
 The estimated error in isolated selected elements (such as element 2295 
 ) defaults to zero regardless of the actual error.                      

 *** WARNING ***                         ELAPSED TIME =      11.874   TIME= 11:04:08
 The estimated error in isolated selected elements (such as element 2296 
 ) defaults to zero regardless of the actual error.                      

 *** WARNING ***                         ELAPSED TIME =      11.876   TIME= 11:04:08
 The estimated error in isolated selected elements (such as element 2297 
 ) defaults to zero regardless of the actual error.                      

 *** WARNING ***                         ELAPSED TIME =      11.878   TIME= 11:04:08
 The estimated error in isolated selected elements (such as element 2298 
 ) defaults to zero regardless of the actual error.                      

 *** WARNING ***                         ELAPSED TIME =      11.880   TIME= 11:04:08
 The estimated error in isolated selected elements (such as element 2299 
 ) defaults to zero regardless of the actual error.                      

 *** WARNING ***                         ELAPSED TIME =      11.882   TIME= 11:04:08
 The estimated error in isolated selected elements (such as element 2300 
 ) defaults to zero regardless of the actual error.                      

 *** WARNING ***                         ELAPSED TIME =      11.884   TIME= 11:04:08
 The estimated error in isolated selected elements (such as element 2301 
 ) defaults to zero regardless of the actual error.                      

 *** WARNING ***                         ELAPSED TIME =      11.885   TIME= 11:04:08
 The estimated error in isolated selected elements (such as element 2302 
 ) defaults to zero regardless of the actual error.                      

 *** WARNING ***                         ELAPSED TIME =      11.887   TIME= 11:04:08
 The estimated error in isolated selected elements (such as element 2303 
 ) defaults to zero regardless of the actual error.                      

 *** WARNING ***                         ELAPSED TIME =      11.889   TIME= 11:04:08
 The estimated error in isolated selected elements (such as element 2304 
 ) defaults to zero regardless of the actual error.                      

 *** WARNING ***                         ELAPSED TIME =      11.890   TIME= 11:04:08
 The estimated error in isolated selected elements (such as element 2305 
 ) defaults to zero regardless of the actual error.                      

 *** WARNING ***                         ELAPSED TIME =      11.893   TIME= 11:04:08
 The estimated error in isolated selected elements (such as element 2306 
 ) defaults to zero regardless of the actual error.                      

 *** WARNING ***                         ELAPSED TIME =      11.895   TIME= 11:04:08
 The estimated error in isolated selected elements (such as element 2307 
 ) defaults to zero regardless of the actual error.                      

 *** WARNING ***                         ELAPSED TIME =      11.897   TIME= 11:04:08
 The estimated error in isolated selected elements (such as element 2308 
 ) defaults to zero regardless of the actual error.                      

 *** WARNING ***                         ELAPSED TIME =      11.899   TIME= 11:04:08
 The estimated error in isolated selected elements (such as element 2309 
 ) defaults to zero regardless of the actual error.                      

 *** WARNING ***                         ELAPSED TIME =      11.900   TIME= 11:04:08
 The estimated error in isolated selected elements (such as element 2310 
 ) defaults to zero regardless of the actual error.                      

 *** WARNING ***                         ELAPSED TIME =      11.902   TIME= 11:04:08
 The estimated error in isolated selected elements (such as element 2311 
 ) defaults to zero regardless of the actual error.                      

 *** WARNING ***                         ELAPSED TIME =      11.904   TIME= 11:04:08
 The estimated error in isolated selected elements (such as element 2312 
 ) defaults to zero regardless of the actual error.                      

 *** WARNING ***                         ELAPSED TIME =      11.905   TIME= 11:04:08
 The estimated error in isolated selected elements (such as element 2313 
 ) defaults to zero regardless of the actual error.                      

 *** WARNING ***                         ELAPSED TIME =      11.907   TIME= 11:04:08
 The estimated error in isolated selected elements (such as element 2314 
 ) defaults to zero regardless of the actual error.                      

 *** WARNING ***                         ELAPSED TIME =      11.909   TIME= 11:04:08
 The estimated error in isolated selected elements (such as element 2315 
 ) defaults to zero regardless of the actual error.                      

 *** WARNING ***                         ELAPSED TIME =      11.911   TIME= 11:04:08
 The estimated error in isolated selected elements (such as element 2316 
 ) defaults to zero regardless of the actual error.                      

 *** WARNING ***                         ELAPSED TIME =      11.913   TIME= 11:04:08
 The estimated error in isolated selected elements (such as element 2317 
 ) defaults to zero regardless of the actual error.                      

 *** WARNING ***                         ELAPSED TIME =      11.914   TIME= 11:04:08
 The estimated error in isolated selected elements (such as element 2318 
 ) defaults to zero regardless of the actual error.                      

 *** WARNING ***                         ELAPSED TIME =      11.916   TIME= 11:04:08
 The estimated error in isolated selected elements (such as element 2319 
 ) defaults to zero regardless of the actual error.                      

 *** WARNING ***                         ELAPSED TIME =      11.918   TIME= 11:04:08
 The estimated error in isolated selected elements (such as element 2320 
 ) defaults to zero regardless of the actual error.                      

 *** WARNING ***                         ELAPSED TIME =      11.919   TIME= 11:04:08
 The estimated error in isolated selected elements (such as element 2321 
 ) defaults to zero regardless of the actual error.                      

 *** WARNING ***                         ELAPSED TIME =      11.921   TIME= 11:04:08
 The estimated error in isolated selected elements (such as element 2322 
 ) defaults to zero regardless of the actual error.                      

 *** WARNING ***                         ELAPSED TIME =      11.923   TIME= 11:04:08
 The estimated error in isolated selected elements (such as element 2323 
 ) defaults to zero regardless of the actual error.                      

 *** WARNING ***                         ELAPSED TIME =      11.925   TIME= 11:04:08
 The estimated error in isolated selected elements (such as element 2324 
 ) defaults to zero regardless of the actual error.                      

 *** WARNING ***                         ELAPSED TIME =      11.927   TIME= 11:04:08
 The estimated error in isolated selected elements (such as element 2325 
 ) defaults to zero regardless of the actual error.                      

 *** WARNING ***                         ELAPSED TIME =      11.928   TIME= 11:04:08
 The estimated error in isolated selected elements (such as element 2326 
 ) defaults to zero regardless of the actual error.                      

 *** WARNING ***                         ELAPSED TIME =      11.930   TIME= 11:04:08
 The estimated error in isolated selected elements (such as element 2327 
 ) defaults to zero regardless of the actual error.                      

 *** WARNING ***                         ELAPSED TIME =      11.932   TIME= 11:04:08
 The estimated error in isolated selected elements (such as element 2328 
 ) defaults to zero regardless of the actual error.                      

 *** WARNING ***                         ELAPSED TIME =      11.933   TIME= 11:04:08
 The estimated error in isolated selected elements (such as element 2329 
 ) defaults to zero regardless of the actual error.                      

 *** WARNING ***                         ELAPSED TIME =      11.935   TIME= 11:04:08
 The estimated error in isolated selected elements (such as element 2330 
 ) defaults to zero regardless of the actual error.                      

 *** WARNING ***                         ELAPSED TIME =      11.937   TIME= 11:04:08
 The estimated error in isolated selected elements (such as element 2331 
 ) defaults to zero regardless of the actual error.                      

 *** WARNING ***                         ELAPSED TIME =      11.939   TIME= 11:04:08
 The estimated error in isolated selected elements (such as element 2332 
 ) defaults to zero regardless of the actual error.                      

 *** WARNING ***                         ELAPSED TIME =      11.941   TIME= 11:04:08
 The estimated error in isolated selected elements (such as element 2333 
 ) defaults to zero regardless of the actual error.                      

 *** WARNING ***                         ELAPSED TIME =      11.944   TIME= 11:04:08
 The estimated error in isolated selected elements (such as element 2334 
 ) defaults to zero regardless of the actual error.                      

 *** WARNING ***                         ELAPSED TIME =      11.945   TIME= 11:04:08
 The estimated error in isolated selected elements (such as element 2335 
 ) defaults to zero regardless of the actual error.                      

 *** WARNING ***                         ELAPSED TIME =      11.947   TIME= 11:04:08
 The estimated error in isolated selected elements (such as element 2336 
 ) defaults to zero regardless of the actual error.                      

 *** WARNING ***                         ELAPSED TIME =      11.949   TIME= 11:04:08
 The estimated error in isolated selected elements (such as element 2337 
 ) defaults to zero regardless of the actual error.                      

 *** WARNING ***                         ELAPSED TIME =      11.951   TIME= 11:04:08
 The estimated error in isolated selected elements (such as element 2338 
 ) defaults to zero regardless of the actual error.                      

 *** WARNING ***                         ELAPSED TIME =      11.952   TIME= 11:04:08
 The estimated error in isolated selected elements (such as element 2339 
 ) defaults to zero regardless of the actual error.                      

 *** WARNING ***                         ELAPSED TIME =      11.954   TIME= 11:04:08
 The estimated error in isolated selected elements (such as element 2340 
 ) defaults to zero regardless of the actual error.                      

 *** WARNING ***                         ELAPSED TIME =      11.956   TIME= 11:04:08
 The estimated error in isolated selected elements (such as element 2341 
 ) defaults to zero regardless of the actual error.                      

 *** WARNING ***                         ELAPSED TIME =      11.958   TIME= 11:04:08
 The estimated error in isolated selected elements (such as element 2342 
 ) defaults to zero regardless of the actual error.                      

 *** WARNING ***                         ELAPSED TIME =      11.959   TIME= 11:04:08
 The estimated error in isolated selected elements (such as element 2343 
 ) defaults to zero regardless of the actual error.                      

 *** WARNING ***                         ELAPSED TIME =      11.961   TIME= 11:04:08
 The estimated error in isolated selected elements (such as element 2344 
 ) defaults to zero regardless of the actual error.                      

 *** WARNING ***                         ELAPSED TIME =      11.963   TIME= 11:04:08
 The estimated error in isolated selected elements (such as element 2345 
 ) defaults to zero regardless of the actual error.                      

 *** WARNING ***                         ELAPSED TIME =      11.965   TIME= 11:04:08
 The estimated error in isolated selected elements (such as element 2346 
 ) defaults to zero regardless of the actual error.                      

 *** WARNING ***                         ELAPSED TIME =      11.966   TIME= 11:04:08
 The estimated error in isolated selected elements (such as element 2347 
 ) defaults to zero regardless of the actual error.                      

 *** WARNING ***                         ELAPSED TIME =      11.968   TIME= 11:04:08
 The estimated error in isolated selected elements (such as element 2348 
 ) defaults to zero regardless of the actual error.                      

 *** WARNING ***                         ELAPSED TIME =      11.970   TIME= 11:04:08
 The estimated error in isolated selected elements (such as element 2349 
 ) defaults to zero regardless of the actual error.                      

 *** WARNING ***                         ELAPSED TIME =      11.972   TIME= 11:04:08
 The estimated error in isolated selected elements (such as element 2350 
 ) defaults to zero regardless of the actual error.                      

 *** WARNING ***                         ELAPSED TIME =      11.974   TIME= 11:04:08
 The estimated error in isolated selected elements (such as element 2351 
 ) defaults to zero regardless of the actual error.                      

 *** WARNING ***                         ELAPSED TIME =      11.976   TIME= 11:04:08
 The estimated error in isolated selected elements (such as element 2352 
 ) defaults to zero regardless of the actual error.                      

 *** WARNING ***                         ELAPSED TIME =      11.978   TIME= 11:04:08
 The estimated error in isolated selected elements (such as element 2353 
 ) defaults to zero regardless of the actual error.                      

 *** WARNING ***                         ELAPSED TIME =      11.980   TIME= 11:04:08
 The estimated error in isolated selected elements (such as element 2354 
 ) defaults to zero regardless of the actual error.                      

 *** WARNING ***                         ELAPSED TIME =      11.982   TIME= 11:04:08
 The estimated error in isolated selected elements (such as element 2355 
 ) defaults to zero regardless of the actual error.                      

 *** WARNING ***                         ELAPSED TIME =      11.984   TIME= 11:04:08
 The estimated error in isolated selected elements (such as element 2356 
 ) defaults to zero regardless of the actual error.                      

 *** WARNING ***                         ELAPSED TIME =      11.986   TIME= 11:04:08
 The estimated error in isolated selected elements (such as element 2357 
 ) defaults to zero regardless of the actual error.                      

 *** WARNING ***                         ELAPSED TIME =      11.988   TIME= 11:04:08
 The estimated error in isolated selected elements (such as element 2358 
 ) defaults to zero regardless of the actual error.                      

 *** WARNING ***                         ELAPSED TIME =      11.990   TIME= 11:04:08
 The estimated error in isolated selected elements (such as element 2359 
 ) defaults to zero regardless of the actual error.                      

 *** WARNING ***                         ELAPSED TIME =      11.991   TIME= 11:04:08
 The estimated error in isolated selected elements (such as element 2360 
 ) defaults to zero regardless of the actual error.                      

 *** WARNING ***                         ELAPSED TIME =      11.993   TIME= 11:04:08
 The estimated error in isolated selected elements (such as element 2361 
 ) defaults to zero regardless of the actual error.                      

 *** WARNING ***                         ELAPSED TIME =      11.995   TIME= 11:04:08
 The estimated error in isolated selected elements (such as element 2362 
 ) defaults to zero regardless of the actual error.                      

 *** WARNING ***                         ELAPSED TIME =      11.997   TIME= 11:04:08
 The estimated error in isolated selected elements (such as element 2363 
 ) defaults to zero regardless of the actual error.                      

 *** WARNING ***                         ELAPSED TIME =      11.998   TIME= 11:04:08
 The estimated error in isolated selected elements (such as element 2364 
 ) defaults to zero regardless of the actual error.                      

 *** WARNING ***                         ELAPSED TIME =      12.000   TIME= 11:04:08
 The estimated error in isolated selected elements (such as element 2365 
 ) defaults to zero regardless of the actual error.                      

 *** WARNING ***                         ELAPSED TIME =      12.002   TIME= 11:04:08
 The estimated error in isolated selected elements (such as element 2366 
 ) defaults to zero regardless of the actual error.                      

 *** WARNING ***                         ELAPSED TIME =      12.004   TIME= 11:04:08
 The estimated error in isolated selected elements (such as element 2367 
 ) defaults to zero regardless of the actual error.                      

 *** WARNING ***                         ELAPSED TIME =      12.006   TIME= 11:04:08
 The estimated error in isolated selected elements (such as element 2368 
 ) defaults to zero regardless of the actual error.                      

 *** WARNING ***                         ELAPSED TIME =      12.008   TIME= 11:04:08
 The estimated error in isolated selected elements (such as element 2369 
 ) defaults to zero regardless of the actual error.                      

 *** WARNING ***                         ELAPSED TIME =      12.009   TIME= 11:04:08
 The estimated error in isolated selected elements (such as element 2370 
 ) defaults to zero regardless of the actual error.                      

 *** WARNING ***                         ELAPSED TIME =      12.011   TIME= 11:04:08
 The estimated error in isolated selected elements (such as element 2371 
 ) defaults to zero regardless of the actual error.                      

 *** WARNING ***                         ELAPSED TIME =      12.013   TIME= 11:04:08
 The estimated error in isolated selected elements (such as element 2372 
 ) defaults to zero regardless of the actual error.                      

 *** WARNING ***                         ELAPSED TIME =      12.015   TIME= 11:04:08
 The estimated error in isolated selected elements (such as element 2373 
 ) defaults to zero regardless of the actual error.                      

 *** WARNING ***                         ELAPSED TIME =      12.016   TIME= 11:04:08
 The estimated error in isolated selected elements (such as element 2374 
 ) defaults to zero regardless of the actual error.                      

 *** WARNING ***                         ELAPSED TIME =      12.018   TIME= 11:04:08
 The estimated error in isolated selected elements (such as element 2375 
 ) defaults to zero regardless of the actual error.                      

 *** WARNING ***                         ELAPSED TIME =      12.020   TIME= 11:04:08
 The estimated error in isolated selected elements (such as element 2376 
 ) defaults to zero regardless of the actual error.                      

 *** WARNING ***                         ELAPSED TIME =      12.022   TIME= 11:04:08
 The estimated error in isolated selected elements (such as element 2377 
 ) defaults to zero regardless of the actual error.                      

 *** WARNING ***                         ELAPSED TIME =      12.024   TIME= 11:04:08
 The estimated error in isolated selected elements (such as element 2378 
 ) defaults to zero regardless of the actual error.                      

 *** WARNING ***                         ELAPSED TIME =      12.026   TIME= 11:04:08
 The estimated error in isolated selected elements (such as element 2379 
 ) defaults to zero regardless of the actual error.                      

 *** WARNING ***                         ELAPSED TIME =      12.027   TIME= 11:04:08
 The estimated error in isolated selected elements (such as element 2380 
 ) defaults to zero regardless of the actual error.                      

 *** WARNING ***                         ELAPSED TIME =      12.029   TIME= 11:04:08
 The estimated error in isolated selected elements (such as element 2381 
 ) defaults to zero regardless of the actual error.                      

 *** WARNING ***                         ELAPSED TIME =      12.031   TIME= 11:04:08
 The estimated error in isolated selected elements (such as element 2382 
 ) defaults to zero regardless of the actual error.                      

 *** WARNING ***                         ELAPSED TIME =      12.032   TIME= 11:04:08
 The estimated error in isolated selected elements (such as element 2383 
 ) defaults to zero regardless of the actual error.                      

 *** WARNING ***                         ELAPSED TIME =      12.034   TIME= 11:04:08
 The estimated error in isolated selected elements (such as element 2384 
 ) defaults to zero regardless of the actual error.                      

 *** WARNING ***                         ELAPSED TIME =      12.036   TIME= 11:04:08
 The estimated error in isolated selected elements (such as element 2385 
 ) defaults to zero regardless of the actual error.                      

 *** WARNING ***                         ELAPSED TIME =      12.038   TIME= 11:04:08
 The estimated error in isolated selected elements (such as element 2386 
 ) defaults to zero regardless of the actual error.                      

 *** WARNING ***                         ELAPSED TIME =      12.039   TIME= 11:04:08
 The estimated error in isolated selected elements (such as element 2387 
 ) defaults to zero regardless of the actual error.                      

 *** WARNING ***                         ELAPSED TIME =      12.041   TIME= 11:04:08
 The estimated error in isolated selected elements (such as element 2388 
 ) defaults to zero regardless of the actual error.                      

 *** WARNING ***                         ELAPSED TIME =      12.043   TIME= 11:04:08
 The estimated error in isolated selected elements (such as element 2389 
 ) defaults to zero regardless of the actual error.                      

 *** WARNING ***                         ELAPSED TIME =      12.045   TIME= 11:04:08
 The estimated error in isolated selected elements (such as element 2390 
 ) defaults to zero regardless of the actual error.                      

 *** WARNING ***                         ELAPSED TIME =      12.046   TIME= 11:04:08
 The estimated error in isolated selected elements (such as element 2391 
 ) defaults to zero regardless of the actual error.                      

 *** WARNING ***                         ELAPSED TIME =      12.048   TIME= 11:04:08
 The estimated error in isolated selected elements (such as element 2392 
 ) defaults to zero regardless of the actual error.                      

 *** WARNING ***                         ELAPSED TIME =      12.050   TIME= 11:04:08
 The estimated error in isolated selected elements (such as element 2393 
 ) defaults to zero regardless of the actual error.                      

 *** WARNING ***                         ELAPSED TIME =      12.052   TIME= 11:04:08
 The estimated error in isolated selected elements (such as element 2394 
 ) defaults to zero regardless of the actual error.                      

 *** WARNING ***                         ELAPSED TIME =      12.053   TIME= 11:04:08
 The estimated error in isolated selected elements (such as element 2395 
 ) defaults to zero regardless of the actual error.                      

 *** WARNING ***                         ELAPSED TIME =      12.055   TIME= 11:04:08
 The estimated error in isolated selected elements (such as element 2396 
 ) defaults to zero regardless of the actual error.                      

 *** WARNING ***                         ELAPSED TIME =      12.057   TIME= 11:04:08
 The estimated error in isolated selected elements (such as element 2397 
 ) defaults to zero regardless of the actual error.                      

 *** WARNING ***                         ELAPSED TIME =      12.058   TIME= 11:04:08
 The estimated error in isolated selected elements (such as element 2398 
 ) defaults to zero regardless of the actual error.                      

 *** WARNING ***                         ELAPSED TIME =      12.060   TIME= 11:04:08
 The estimated error in isolated selected elements (such as element 2399 
 ) defaults to zero regardless of the actual error.                      

 *** WARNING ***                         ELAPSED TIME =      12.062   TIME= 11:04:08
 The estimated error in isolated selected elements (such as element 2400 
 ) defaults to zero regardless of the actual error.                      

 *** WARNING ***                         ELAPSED TIME =      12.064   TIME= 11:04:08
 The estimated error in isolated selected elements (such as element 2401 
 ) defaults to zero regardless of the actual error.                      

 *** WARNING ***                         ELAPSED TIME =      12.066   TIME= 11:04:08
 The estimated error in isolated selected elements (such as element 2402 
 ) defaults to zero regardless of the actual error.                      

 *** WARNING ***                         ELAPSED TIME =      12.067   TIME= 11:04:08
 The estimated error in isolated selected elements (such as element 2403 
 ) defaults to zero regardless of the actual error.                      

 *** WARNING ***                         ELAPSED TIME =      12.069   TIME= 11:04:08
 The estimated error in isolated selected elements (such as element 2404 
 ) defaults to zero regardless of the actual error.                      

 *** WARNING ***                         ELAPSED TIME =      12.071   TIME= 11:04:08
 The estimated error in isolated selected elements (such as element 2405 
 ) defaults to zero regardless of the actual error.                      

 *** WARNING ***                         ELAPSED TIME =      12.073   TIME= 11:04:08
 The estimated error in isolated selected elements (such as element 2406 
 ) defaults to zero regardless of the actual error.                      

 *** WARNING ***                         ELAPSED TIME =      12.074   TIME= 11:04:08
 The estimated error in isolated selected elements (such as element 2407 
 ) defaults to zero regardless of the actual error.                      

 *** WARNING ***                         ELAPSED TIME =      12.076   TIME= 11:04:08
 The estimated error in isolated selected elements (such as element 2408 
 ) defaults to zero regardless of the actual error.                      

 *** WARNING ***                         ELAPSED TIME =      12.078   TIME= 11:04:08
 The estimated error in isolated selected elements (such as element 2409 
 ) defaults to zero regardless of the actual error.                      

 *** WARNING ***                         ELAPSED TIME =      12.080   TIME= 11:04:08
 The estimated error in isolated selected elements (such as element 2410 
 ) defaults to zero regardless of the actual error.                      

 *** WARNING ***                         ELAPSED TIME =      12.082   TIME= 11:04:08
 The estimated error in isolated selected elements (such as element 2411 
 ) defaults to zero regardless of the actual error.                      

 *** WARNING ***                         ELAPSED TIME =      12.084   TIME= 11:04:08
 The estimated error in isolated selected elements (such as element 2412 
 ) defaults to zero regardless of the actual error.                      

 *** WARNING ***                         ELAPSED TIME =      12.086   TIME= 11:04:08
 The estimated error in isolated selected elements (such as element 2413 
 ) defaults to zero regardless of the actual error.                      

 *** WARNING ***                         ELAPSED TIME =      12.088   TIME= 11:04:08
 The estimated error in isolated selected elements (such as element 2414 
 ) defaults to zero regardless of the actual error.                      

 *** WARNING ***                         ELAPSED TIME =      12.089   TIME= 11:04:08
 The estimated error in isolated selected elements (such as element 2415 
 ) defaults to zero regardless of the actual error.                      

 *** WARNING ***                         ELAPSED TIME =      12.091   TIME= 11:04:08
 The estimated error in isolated selected elements (such as element 2416 
 ) defaults to zero regardless of the actual error.                      

 *** WARNING ***                         ELAPSED TIME =      12.093   TIME= 11:04:08
 The estimated error in isolated selected elements (such as element 2417 
 ) defaults to zero regardless of the actual error.                      

 *** WARNING ***                         ELAPSED TIME =      12.094   TIME= 11:04:08
 The estimated error in isolated selected elements (such as element 2418 
 ) defaults to zero regardless of the actual error.                      

 *** WARNING ***                         ELAPSED TIME =      12.096   TIME= 11:04:08
 The estimated error in isolated selected elements (such as element 2419 
 ) defaults to zero regardless of the actual error.                      

 *** WARNING ***                         ELAPSED TIME =      12.098   TIME= 11:04:08
 The estimated error in isolated selected elements (such as element 2420 
 ) defaults to zero regardless of the actual error.                      

 *** WARNING ***                         ELAPSED TIME =      12.100   TIME= 11:04:08
 The estimated error in isolated selected elements (such as element 2421 
 ) defaults to zero regardless of the actual error.                      

 *** WARNING ***                         ELAPSED TIME =      12.102   TIME= 11:04:08
 The estimated error in isolated selected elements (such as element 2422 
 ) defaults to zero regardless of the actual error.                      

 *** WARNING ***                         ELAPSED TIME =      12.103   TIME= 11:04:08
 The estimated error in isolated selected elements (such as element 2423 
 ) defaults to zero regardless of the actual error.                      

 *** WARNING ***                         ELAPSED TIME =      12.105   TIME= 11:04:08
 The estimated error in isolated selected elements (such as element 2424 
 ) defaults to zero regardless of the actual error.                      

 *** WARNING ***                         ELAPSED TIME =      12.107   TIME= 11:04:08
 The estimated error in isolated selected elements (such as element 2425 
 ) defaults to zero regardless of the actual error.                      

 *** WARNING ***                         ELAPSED TIME =      12.108   TIME= 11:04:08
 The estimated error in isolated selected elements (such as element 2426 
 ) defaults to zero regardless of the actual error.                      

 *** WARNING ***                         ELAPSED TIME =      12.110   TIME= 11:04:08
 The estimated error in isolated selected elements (such as element 2427 
 ) defaults to zero regardless of the actual error.                      

 *** WARNING ***                         ELAPSED TIME =      12.113   TIME= 11:04:08
 The estimated error in isolated selected elements (such as element 2428 
 ) defaults to zero regardless of the actual error.                      

 *** WARNING ***                         ELAPSED TIME =      12.115   TIME= 11:04:08
 The estimated error in isolated selected elements (such as element 2429 
 ) defaults to zero regardless of the actual error.                      

 *** WARNING ***                         ELAPSED TIME =      12.117   TIME= 11:04:08
 The estimated error in isolated selected elements (such as element 2430 
 ) defaults to zero regardless of the actual error.                      

 *** WARNING ***                         ELAPSED TIME =      12.118   TIME= 11:04:08
 The estimated error in isolated selected elements (such as element 2431 
 ) defaults to zero regardless of the actual error.                      

 *** WARNING ***                         ELAPSED TIME =      12.120   TIME= 11:04:08
 The estimated error in isolated selected elements (such as element 2432 
 ) defaults to zero regardless of the actual error.                      

 *** WARNING ***                         ELAPSED TIME =      12.122   TIME= 11:04:08
 The estimated error in isolated selected elements (such as element 2433 
 ) defaults to zero regardless of the actual error.                      

 *** WARNING ***                         ELAPSED TIME =      12.124   TIME= 11:04:08
 The estimated error in isolated selected elements (such as element 2434 
 ) defaults to zero regardless of the actual error.                      

 *** WARNING ***                         ELAPSED TIME =      12.125   TIME= 11:04:08
 The estimated error in isolated selected elements (such as element 2435 
 ) defaults to zero regardless of the actual error.                      

 *** WARNING ***                         ELAPSED TIME =      12.127   TIME= 11:04:08
 The estimated error in isolated selected elements (such as element 2436 
 ) defaults to zero regardless of the actual error.                      

 *** WARNING ***                         ELAPSED TIME =      12.129   TIME= 11:04:08
 The estimated error in isolated selected elements (such as element 2437 
 ) defaults to zero regardless of the actual error.                      

 *** WARNING ***                         ELAPSED TIME =      12.131   TIME= 11:04:08
 The estimated error in isolated selected elements (such as element 2438 
 ) defaults to zero regardless of the actual error.                      

 *** WARNING ***                         ELAPSED TIME =      12.133   TIME= 11:04:08
 The estimated error in isolated selected elements (such as element 2439 
 ) defaults to zero regardless of the actual error.                      

 *** WARNING ***                         ELAPSED TIME =      12.135   TIME= 11:04:08
 The estimated error in isolated selected elements (such as element 2440 
 ) defaults to zero regardless of the actual error.                      

 *** WARNING ***                         ELAPSED TIME =      12.136   TIME= 11:04:08
 The estimated error in isolated selected elements (such as element 2441 
 ) defaults to zero regardless of the actual error.                      

 *** WARNING ***                         ELAPSED TIME =      12.138   TIME= 11:04:08
 The estimated error in isolated selected elements (such as element 2442 
 ) defaults to zero regardless of the actual error.                      

 *** WARNING ***                         ELAPSED TIME =      12.140   TIME= 11:04:08
 The estimated error in isolated selected elements (such as element 2443 
 ) defaults to zero regardless of the actual error.                      

 *** WARNING ***                         ELAPSED TIME =      12.141   TIME= 11:04:08
 The estimated error in isolated selected elements (such as element 2444 
 ) defaults to zero regardless of the actual error.                      

 *** WARNING ***                         ELAPSED TIME =      12.143   TIME= 11:04:08
 The estimated error in isolated selected elements (such as element 2445 
 ) defaults to zero regardless of the actual error.                      

 *** WARNING ***                         ELAPSED TIME =      12.146   TIME= 11:04:08
 The estimated error in isolated selected elements (such as element 2446 
 ) defaults to zero regardless of the actual error.                      

 *** WARNING ***                         ELAPSED TIME =      12.147   TIME= 11:04:08
 The estimated error in isolated selected elements (such as element 2447 
 ) defaults to zero regardless of the actual error.                      

 *** WARNING ***                         ELAPSED TIME =      12.149   TIME= 11:04:08
 The estimated error in isolated selected elements (such as element 2448 
 ) defaults to zero regardless of the actual error.                      

 *** WARNING ***                         ELAPSED TIME =      12.151   TIME= 11:04:08
 The estimated error in isolated selected elements (such as element 2449 
 ) defaults to zero regardless of the actual error.                      

 *** WARNING ***                         ELAPSED TIME =      12.153   TIME= 11:04:08
 The estimated error in isolated selected elements (such as element 2450 
 ) defaults to zero regardless of the actual error.                      

 *** WARNING ***                         ELAPSED TIME =      12.154   TIME= 11:04:08
 The estimated error in isolated selected elements (such as element 2451 
 ) defaults to zero regardless of the actual error.                      

 *** WARNING ***                         ELAPSED TIME =      12.156   TIME= 11:04:08
 The estimated error in isolated selected elements (such as element 2452 
 ) defaults to zero regardless of the actual error.                      

 *** WARNING ***                         ELAPSED TIME =      12.158   TIME= 11:04:08
 The estimated error in isolated selected elements (such as element 2453 
 ) defaults to zero regardless of the actual error.                      

 *** WARNING ***                         ELAPSED TIME =      12.160   TIME= 11:04:08
 The estimated error in isolated selected elements (such as element 2454 
 ) defaults to zero regardless of the actual error.                      

 *** WARNING ***                         ELAPSED TIME =      12.161   TIME= 11:04:08
 The estimated error in isolated selected elements (such as element 2455 
 ) defaults to zero regardless of the actual error.                      

 *** WARNING ***                         ELAPSED TIME =      12.163   TIME= 11:04:08
 The estimated error in isolated selected elements (such as element 2456 
 ) defaults to zero regardless of the actual error.                      

 *** WARNING ***                         ELAPSED TIME =      12.165   TIME= 11:04:08
 The estimated error in isolated selected elements (such as element 2457 
 ) defaults to zero regardless of the actual error.                      

 *** WARNING ***                         ELAPSED TIME =      12.166   TIME= 11:04:08
 The estimated error in isolated selected elements (such as element 2458 
 ) defaults to zero regardless of the actual error.                      

 *** WARNING ***                         ELAPSED TIME =      12.168   TIME= 11:04:08
 The estimated error in isolated selected elements (such as element 2459 
 ) defaults to zero regardless of the actual error.                      

 *** WARNING ***                         ELAPSED TIME =      12.170   TIME= 11:04:08
 The estimated error in isolated selected elements (such as element 2460 
 ) defaults to zero regardless of the actual error.                      

 *** WARNING ***                         ELAPSED TIME =      12.172   TIME= 11:04:08
 The estimated error in isolated selected elements (such as element 2461 
 ) defaults to zero regardless of the actual error.                      

 *** WARNING ***                         ELAPSED TIME =      12.173   TIME= 11:04:08
 The estimated error in isolated selected elements (such as element 2462 
 ) defaults to zero regardless of the actual error.                      

 *** WARNING ***                         ELAPSED TIME =      12.175   TIME= 11:04:08
 The estimated error in isolated selected elements (such as element 2463 
 ) defaults to zero regardless of the actual error.                      

 *** WARNING ***                         ELAPSED TIME =      12.177   TIME= 11:04:08
 The estimated error in isolated selected elements (such as element 2464 
 ) defaults to zero regardless of the actual error.                      

 *** WARNING ***                         ELAPSED TIME =      12.178   TIME= 11:04:08
 The estimated error in isolated selected elements (such as element 2465 
 ) defaults to zero regardless of the actual error.                      

 *** WARNING ***                         ELAPSED TIME =      12.180   TIME= 11:04:08
 The estimated error in isolated selected elements (such as element 2466 
 ) defaults to zero regardless of the actual error.                      

 *** WARNING ***                         ELAPSED TIME =      12.182   TIME= 11:04:08
 The estimated error in isolated selected elements (such as element 2467 
 ) defaults to zero regardless of the actual error.                      

 *** WARNING ***                         ELAPSED TIME =      12.183   TIME= 11:04:09
 The estimated error in isolated selected elements (such as element 2468 
 ) defaults to zero regardless of the actual error.                      

 *** WARNING ***                         ELAPSED TIME =      12.185   TIME= 11:04:09
 The estimated error in isolated selected elements (such as element 2469 
 ) defaults to zero regardless of the actual error.                      

 *** WARNING ***                         ELAPSED TIME =      12.187   TIME= 11:04:09
 The estimated error in isolated selected elements (such as element 2470 
 ) defaults to zero regardless of the actual error.                      

 *** WARNING ***                         ELAPSED TIME =      12.188   TIME= 11:04:09
 The estimated error in isolated selected elements (such as element 2471 
 ) defaults to zero regardless of the actual error.                      

 *** WARNING ***                         ELAPSED TIME =      12.190   TIME= 11:04:09
 The estimated error in isolated selected elements (such as element 2472 
 ) defaults to zero regardless of the actual error.                      

 *** WARNING ***                         ELAPSED TIME =      12.193   TIME= 11:04:09
 The estimated error in isolated selected elements (such as element 2473 
 ) defaults to zero regardless of the actual error.                      

 *** WARNING ***                         ELAPSED TIME =      12.195   TIME= 11:04:09
 The estimated error in isolated selected elements (such as element 2474 
 ) defaults to zero regardless of the actual error.                      

 *** WARNING ***                         ELAPSED TIME =      12.197   TIME= 11:04:09
 The estimated error in isolated selected elements (such as element 2475 
 ) defaults to zero regardless of the actual error.                      

 *** WARNING ***                         ELAPSED TIME =      12.199   TIME= 11:04:09
 The estimated error in isolated selected elements (such as element 2476 
 ) defaults to zero regardless of the actual error.                      

 *** WARNING ***                         ELAPSED TIME =      12.201   TIME= 11:04:09
 The estimated error in isolated selected elements (such as element 2477 
 ) defaults to zero regardless of the actual error.                      

 *** WARNING ***                         ELAPSED TIME =      12.203   TIME= 11:04:09
 The estimated error in isolated selected elements (such as element 2478 
 ) defaults to zero regardless of the actual error.                      

 *** WARNING ***                         ELAPSED TIME =      12.205   TIME= 11:04:09
 The estimated error in isolated selected elements (such as element 2479 
 ) defaults to zero regardless of the actual error.                      

 *** WARNING ***                         ELAPSED TIME =      12.207   TIME= 11:04:09
 The estimated error in isolated selected elements (such as element 2480 
 ) defaults to zero regardless of the actual error.                      

 *** WARNING ***                         ELAPSED TIME =      12.209   TIME= 11:04:09
 The estimated error in isolated selected elements (such as element 2481 
 ) defaults to zero regardless of the actual error.                      

 *** WARNING ***                         ELAPSED TIME =      12.211   TIME= 11:04:09
 The estimated error in isolated selected elements (such as element 2482 
 ) defaults to zero regardless of the actual error.                      

 *** WARNING ***                         ELAPSED TIME =      12.212   TIME= 11:04:09
 The estimated error in isolated selected elements (such as element 2483 
 ) defaults to zero regardless of the actual error.                      

 *** WARNING ***                         ELAPSED TIME =      12.214   TIME= 11:04:09
 The estimated error in isolated selected elements (such as element 2484 
 ) defaults to zero regardless of the actual error.                      

 *** WARNING ***                         ELAPSED TIME =      12.216   TIME= 11:04:09
 The estimated error in isolated selected elements (such as element 2485 
 ) defaults to zero regardless of the actual error.                      

 *** WARNING ***                         ELAPSED TIME =      12.218   TIME= 11:04:09
 The estimated error in isolated selected elements (such as element 2486 
 ) defaults to zero regardless of the actual error.                      

 *** WARNING ***                         ELAPSED TIME =      12.219   TIME= 11:04:09
 The estimated error in isolated selected elements (such as element 2487 
 ) defaults to zero regardless of the actual error.                      

 *** WARNING ***                         ELAPSED TIME =      12.221   TIME= 11:04:09
 The estimated error in isolated selected elements (such as element 2488 
 ) defaults to zero regardless of the actual error.                      

 *** WARNING ***                         ELAPSED TIME =      12.223   TIME= 11:04:09
 The estimated error in isolated selected elements (such as element 2489 
 ) defaults to zero regardless of the actual error.                      

 *** WARNING ***                         ELAPSED TIME =      12.225   TIME= 11:04:09
 The estimated error in isolated selected elements (such as element 2490 
 ) defaults to zero regardless of the actual error.                      

 *** WARNING ***                         ELAPSED TIME =      12.227   TIME= 11:04:09
 The estimated error in isolated selected elements (such as element 2491 
 ) defaults to zero regardless of the actual error.                      

 *** WARNING ***                         ELAPSED TIME =      12.228   TIME= 11:04:09
 The estimated error in isolated selected elements (such as element 2492 
 ) defaults to zero regardless of the actual error.                      

 *** WARNING ***                         ELAPSED TIME =      12.230   TIME= 11:04:09
 The estimated error in isolated selected elements (such as element 2493 
 ) defaults to zero regardless of the actual error.                      

 *** WARNING ***                         ELAPSED TIME =      12.232   TIME= 11:04:09
 The estimated error in isolated selected elements (such as element 2494 
 ) defaults to zero regardless of the actual error.                      

 *** WARNING ***                         ELAPSED TIME =      12.233   TIME= 11:04:09
 The estimated error in isolated selected elements (such as element 2495 
 ) defaults to zero regardless of the actual error.                      

 *** WARNING ***                         ELAPSED TIME =      12.235   TIME= 11:04:09
 The estimated error in isolated selected elements (such as element 2496 
 ) defaults to zero regardless of the actual error.                      

 *** WARNING ***                         ELAPSED TIME =      12.237   TIME= 11:04:09
 The estimated error in isolated selected elements (such as element 2497 
 ) defaults to zero regardless of the actual error.                      

 *** WARNING ***                         ELAPSED TIME =      12.239   TIME= 11:04:09
 The estimated error in isolated selected elements (such as element 2498 
 ) defaults to zero regardless of the actual error.                      

 *** WARNING ***                         ELAPSED TIME =      12.240   TIME= 11:04:09
 The estimated error in isolated selected elements (such as element 2499 
 ) defaults to zero regardless of the actual error.                      

 *** WARNING ***                         ELAPSED TIME =      12.242   TIME= 11:04:09
 The estimated error in isolated selected elements (such as element 2500 
 ) defaults to zero regardless of the actual error.                      

 *** WARNING ***                         ELAPSED TIME =      12.244   TIME= 11:04:09
 The estimated error in isolated selected elements (such as element 2501 
 ) defaults to zero regardless of the actual error.                      

 *** WARNING ***                         ELAPSED TIME =      12.246   TIME= 11:04:09
 The estimated error in isolated selected elements (such as element 2502 
 ) defaults to zero regardless of the actual error.                      

 *** WARNING ***                         ELAPSED TIME =      12.247   TIME= 11:04:09
 The estimated error in isolated selected elements (such as element 2503 
 ) defaults to zero regardless of the actual error.                      

 *** WARNING ***                         ELAPSED TIME =      12.249   TIME= 11:04:09
 The estimated error in isolated selected elements (such as element 2504 
 ) defaults to zero regardless of the actual error.                      

 *** WARNING ***                         ELAPSED TIME =      12.251   TIME= 11:04:09
 The estimated error in isolated selected elements (such as element 2505 
 ) defaults to zero regardless of the actual error.                      

 *** WARNING ***                         ELAPSED TIME =      12.252   TIME= 11:04:09
 The estimated error in isolated selected elements (such as element 2506 
 ) defaults to zero regardless of the actual error.                      

 *** WARNING ***                         ELAPSED TIME =      12.254   TIME= 11:04:09
 The estimated error in isolated selected elements (such as element 2507 
 ) defaults to zero regardless of the actual error.                      

 *** WARNING ***                         ELAPSED TIME =      12.256   TIME= 11:04:09
 The estimated error in isolated selected elements (such as element 2508 
 ) defaults to zero regardless of the actual error.                      

 *** WARNING ***                         ELAPSED TIME =      12.258   TIME= 11:04:09
 The estimated error in isolated selected elements (such as element 2509 
 ) defaults to zero regardless of the actual error.                      

 *** WARNING ***                         ELAPSED TIME =      12.260   TIME= 11:04:09
 The estimated error in isolated selected elements (such as element 2510 
 ) defaults to zero regardless of the actual error.                      

 *** WARNING ***                         ELAPSED TIME =      12.261   TIME= 11:04:09
 The estimated error in isolated selected elements (such as element 2511 
 ) defaults to zero regardless of the actual error.                      

 *** WARNING ***                         ELAPSED TIME =      12.263   TIME= 11:04:09
 The estimated error in isolated selected elements (such as element 2512 
 ) defaults to zero regardless of the actual error.                      

 *** WARNING ***                         ELAPSED TIME =      12.265   TIME= 11:04:09
 The estimated error in isolated selected elements (such as element 2513 
 ) defaults to zero regardless of the actual error.                      

 *** WARNING ***                         ELAPSED TIME =      12.266   TIME= 11:04:09
 The estimated error in isolated selected elements (such as element 2514 
 ) defaults to zero regardless of the actual error.                      

 *** WARNING ***                         ELAPSED TIME =      12.268   TIME= 11:04:09
 The estimated error in isolated selected elements (such as element 2515 
 ) defaults to zero regardless of the actual error.                      

 *** WARNING ***                         ELAPSED TIME =      12.270   TIME= 11:04:09
 The estimated error in isolated selected elements (such as element 2516 
 ) defaults to zero regardless of the actual error.                      

 *** WARNING ***                         ELAPSED TIME =      12.273   TIME= 11:04:09
 The estimated error in isolated selected elements (such as element 2517 
 ) defaults to zero regardless of the actual error.                      

 *** WARNING ***                         ELAPSED TIME =      12.275   TIME= 11:04:09
 The estimated error in isolated selected elements (such as element 2518 
 ) defaults to zero regardless of the actual error.                      

 *** WARNING ***                         ELAPSED TIME =      12.276   TIME= 11:04:09
 The estimated error in isolated selected elements (such as element 2519 
 ) defaults to zero regardless of the actual error.                      

 *** WARNING ***                         ELAPSED TIME =      12.278   TIME= 11:04:09
 The estimated error in isolated selected elements (such as element 2520 
 ) defaults to zero regardless of the actual error.                      

 *** WARNING ***                         ELAPSED TIME =      12.280   TIME= 11:04:09
 The estimated error in isolated selected elements (such as element 2521 
 ) defaults to zero regardless of the actual error.                      

 *** WARNING ***                         ELAPSED TIME =      12.282   TIME= 11:04:09
 The estimated error in isolated selected elements (such as element 2522 
 ) defaults to zero regardless of the actual error.                      

 *** WARNING ***                         ELAPSED TIME =      12.283   TIME= 11:04:09
 The estimated error in isolated selected elements (such as element 2523 
 ) defaults to zero regardless of the actual error.                      

 *** WARNING ***                         ELAPSED TIME =      12.285   TIME= 11:04:09
 The estimated error in isolated selected elements (such as element 2524 
 ) defaults to zero regardless of the actual error.                      

 *** WARNING ***                         ELAPSED TIME =      12.287   TIME= 11:04:09
 The estimated error in isolated selected elements (such as element 2525 
 ) defaults to zero regardless of the actual error.                      

 *** WARNING ***                         ELAPSED TIME =      12.288   TIME= 11:04:09
 The estimated error in isolated selected elements (such as element 2526 
 ) defaults to zero regardless of the actual error.                      

 *** WARNING ***                         ELAPSED TIME =      12.290   TIME= 11:04:09
 The estimated error in isolated selected elements (such as element 2527 
 ) defaults to zero regardless of the actual error.                      

 *** WARNING ***                         ELAPSED TIME =      12.292   TIME= 11:04:09
 The estimated error in isolated selected elements (such as element 2528 
 ) defaults to zero regardless of the actual error.                      

 *** WARNING ***                         ELAPSED TIME =      12.294   TIME= 11:04:09
 The estimated error in isolated selected elements (such as element 2529 
 ) defaults to zero regardless of the actual error.                      

 *** WARNING ***                         ELAPSED TIME =      12.295   TIME= 11:04:09
 The estimated error in isolated selected elements (such as element 2530 
 ) defaults to zero regardless of the actual error.                      

 *** WARNING ***                         ELAPSED TIME =      12.297   TIME= 11:04:09
 The estimated error in isolated selected elements (such as element 2531 
 ) defaults to zero regardless of the actual error.                      

 *** WARNING ***                         ELAPSED TIME =      12.299   TIME= 11:04:09
 The estimated error in isolated selected elements (such as element 2532 
 ) defaults to zero regardless of the actual error.                      

 *** WARNING ***                         ELAPSED TIME =      12.300   TIME= 11:04:09
 The estimated error in isolated selected elements (such as element 2533 
 ) defaults to zero regardless of the actual error.                      

 *** WARNING ***                         ELAPSED TIME =      12.302   TIME= 11:04:09
 The estimated error in isolated selected elements (such as element 2534 
 ) defaults to zero regardless of the actual error.                      

 *** WARNING ***                         ELAPSED TIME =      12.304   TIME= 11:04:09
 The estimated error in isolated selected elements (such as element 2535 
 ) defaults to zero regardless of the actual error.                      

 *** WARNING ***                         ELAPSED TIME =      12.305   TIME= 11:04:09
 The estimated error in isolated selected elements (such as element 2536 
 ) defaults to zero regardless of the actual error.                      

 *** WARNING ***                         ELAPSED TIME =      12.307   TIME= 11:04:09
 The estimated error in isolated selected elements (such as element 2537 
 ) defaults to zero regardless of the actual error.                      

 *** WARNING ***                         ELAPSED TIME =      12.309   TIME= 11:04:09
 The estimated error in isolated selected elements (such as element 2538 
 ) defaults to zero regardless of the actual error.                      

 *** WARNING ***                         ELAPSED TIME =      12.310   TIME= 11:04:09
 The estimated error in isolated selected elements (such as element 2539 
 ) defaults to zero regardless of the actual error.                      

 *** WARNING ***                         ELAPSED TIME =      12.312   TIME= 11:04:09
 The estimated error in isolated selected elements (such as element 2540 
 ) defaults to zero regardless of the actual error.                      

 *** WARNING ***                         ELAPSED TIME =      12.314   TIME= 11:04:09
 The estimated error in isolated selected elements (such as element 2541 
 ) defaults to zero regardless of the actual error.                      

 *** WARNING ***                         ELAPSED TIME =      12.315   TIME= 11:04:09
 The estimated error in isolated selected elements (such as element 2542 
 ) defaults to zero regardless of the actual error.                      

 *** WARNING ***                         ELAPSED TIME =      12.317   TIME= 11:04:09
 The estimated error in isolated selected elements (such as element 2543 
 ) defaults to zero regardless of the actual error.                      

 *** WARNING ***                         ELAPSED TIME =      12.319   TIME= 11:04:09
 The estimated error in isolated selected elements (such as element 2544 
 ) defaults to zero regardless of the actual error.                      

 *** WARNING ***                         ELAPSED TIME =      12.321   TIME= 11:04:09
 The estimated error in isolated selected elements (such as element 2545 
 ) defaults to zero regardless of the actual error.                      

 *** WARNING ***                         ELAPSED TIME =      12.322   TIME= 11:04:09
 The estimated error in isolated selected elements (such as element 2546 
 ) defaults to zero regardless of the actual error.                      

 *** WARNING ***                         ELAPSED TIME =      12.324   TIME= 11:04:09
 The estimated error in isolated selected elements (such as element 2547 
 ) defaults to zero regardless of the actual error.                      

 *** WARNING ***                         ELAPSED TIME =      12.326   TIME= 11:04:09
 The estimated error in isolated selected elements (such as element 2548 
 ) defaults to zero regardless of the actual error.                      

 *** WARNING ***                         ELAPSED TIME =      12.328   TIME= 11:04:09
 The estimated error in isolated selected elements (such as element 2549 
 ) defaults to zero regardless of the actual error.                      

 *** WARNING ***                         ELAPSED TIME =      12.329   TIME= 11:04:09
 The estimated error in isolated selected elements (such as element 2550 
 ) defaults to zero regardless of the actual error.                      

 *** WARNING ***                         ELAPSED TIME =      12.331   TIME= 11:04:09
 The estimated error in isolated selected elements (such as element 2551 
 ) defaults to zero regardless of the actual error.                      

 *** WARNING ***                         ELAPSED TIME =      12.333   TIME= 11:04:09
 The estimated error in isolated selected elements (such as element 2552 
 ) defaults to zero regardless of the actual error.                      

 *** WARNING ***                         ELAPSED TIME =      12.335   TIME= 11:04:09
 The estimated error in isolated selected elements (such as element 2553 
 ) defaults to zero regardless of the actual error.                      

 *** WARNING ***                         ELAPSED TIME =      12.336   TIME= 11:04:09
 The estimated error in isolated selected elements (such as element 2554 
 ) defaults to zero regardless of the actual error.                      

 *** WARNING ***                         ELAPSED TIME =      12.338   TIME= 11:04:09
 The estimated error in isolated selected elements (such as element 2555 
 ) defaults to zero regardless of the actual error.                      

 *** WARNING ***                         ELAPSED TIME =      12.340   TIME= 11:04:09
 The estimated error in isolated selected elements (such as element 2556 
 ) defaults to zero regardless of the actual error.                      

 *** WARNING ***                         ELAPSED TIME =      12.341   TIME= 11:04:09
 The estimated error in isolated selected elements (such as element 2557 
 ) defaults to zero regardless of the actual error.                      

 *** WARNING ***                         ELAPSED TIME =      12.343   TIME= 11:04:09
 The estimated error in isolated selected elements (such as element 2558 
 ) defaults to zero regardless of the actual error.                      

 *** WARNING ***                         ELAPSED TIME =      12.345   TIME= 11:04:09
 The estimated error in isolated selected elements (such as element 2559 
 ) defaults to zero regardless of the actual error.                      

 *** WARNING ***                         ELAPSED TIME =      12.346   TIME= 11:04:09
 The estimated error in isolated selected elements (such as element 2560 
 ) defaults to zero regardless of the actual error.                      

 *** WARNING ***                         ELAPSED TIME =      12.348   TIME= 11:04:09
 The estimated error in isolated selected elements (such as element 2561 
 ) defaults to zero regardless of the actual error.                      

 *** WARNING ***                         ELAPSED TIME =      12.350   TIME= 11:04:09
 The estimated error in isolated selected elements (such as element 2562 
 ) defaults to zero regardless of the actual error.                      

 *** WARNING ***                         ELAPSED TIME =      12.352   TIME= 11:04:09
 The estimated error in isolated selected elements (such as element 2563 
 ) defaults to zero regardless of the actual error.                      

 *** WARNING ***                         ELAPSED TIME =      12.353   TIME= 11:04:09
 The estimated error in isolated selected elements (such as element 2564 
 ) defaults to zero regardless of the actual error.                      

 *** WARNING ***                         ELAPSED TIME =      12.355   TIME= 11:04:09
 The estimated error in isolated selected elements (such as element 2565 
 ) defaults to zero regardless of the actual error.                      

 *** WARNING ***                         ELAPSED TIME =      12.357   TIME= 11:04:09
 The estimated error in isolated selected elements (such as element 2566 
 ) defaults to zero regardless of the actual error.                      

 *** WARNING ***                         ELAPSED TIME =      12.358   TIME= 11:04:09
 The estimated error in isolated selected elements (such as element 2567 
 ) defaults to zero regardless of the actual error.                      

 *** WARNING ***                         ELAPSED TIME =      12.360   TIME= 11:04:09
 The estimated error in isolated selected elements (such as element 2568 
 ) defaults to zero regardless of the actual error.                      

 *** WARNING ***                         ELAPSED TIME =      12.362   TIME= 11:04:09
 The estimated error in isolated selected elements (such as element 2569 
 ) defaults to zero regardless of the actual error.                      

 *** WARNING ***                         ELAPSED TIME =      12.363   TIME= 11:04:09
 The estimated error in isolated selected elements (such as element 2570 
 ) defaults to zero regardless of the actual error.                      

 *** WARNING ***                         ELAPSED TIME =      12.366   TIME= 11:04:09
 The estimated error in isolated selected elements (such as element 2571 
 ) defaults to zero regardless of the actual error.                      

 *** WARNING ***                         ELAPSED TIME =      12.368   TIME= 11:04:09
 The estimated error in isolated selected elements (such as element 2572 
 ) defaults to zero regardless of the actual error.                      

 *** WARNING ***                         ELAPSED TIME =      12.370   TIME= 11:04:09
 The estimated error in isolated selected elements (such as element 2573 
 ) defaults to zero regardless of the actual error.                      

 *** WARNING ***                         ELAPSED TIME =      12.371   TIME= 11:04:09
 The estimated error in isolated selected elements (such as element 2574 
 ) defaults to zero regardless of the actual error.                      

 *** WARNING ***                         ELAPSED TIME =      12.373   TIME= 11:04:09
 The estimated error in isolated selected elements (such as element 2575 
 ) defaults to zero regardless of the actual error.                      

 *** WARNING ***                         ELAPSED TIME =      12.375   TIME= 11:04:09
 The estimated error in isolated selected elements (such as element 2576 
 ) defaults to zero regardless of the actual error.                      

 *** WARNING ***                         ELAPSED TIME =      12.376   TIME= 11:04:09
 The estimated error in isolated selected elements (such as element 2577 
 ) defaults to zero regardless of the actual error.                      

 *** WARNING ***                         ELAPSED TIME =      12.378   TIME= 11:04:09
 The estimated error in isolated selected elements (such as element 2578 
 ) defaults to zero regardless of the actual error.                      

 *** WARNING ***                         ELAPSED TIME =      12.380   TIME= 11:04:09
 The estimated error in isolated selected elements (such as element 2579 
 ) defaults to zero regardless of the actual error.                      

 *** WARNING ***                         ELAPSED TIME =      12.382   TIME= 11:04:09
 The estimated error in isolated selected elements (such as element 2580 
 ) defaults to zero regardless of the actual error.                      

 *** WARNING ***                         ELAPSED TIME =      12.384   TIME= 11:04:09
 The estimated error in isolated selected elements (such as element 2581 
 ) defaults to zero regardless of the actual error.                      

 *** WARNING ***                         ELAPSED TIME =      12.385   TIME= 11:04:09
 The estimated error in isolated selected elements (such as element 2582 
 ) defaults to zero regardless of the actual error.                      

 *** WARNING ***                         ELAPSED TIME =      12.387   TIME= 11:04:09
 The estimated error in isolated selected elements (such as element 2583 
 ) defaults to zero regardless of the actual error.                      

 *** WARNING ***                         ELAPSED TIME =      12.389   TIME= 11:04:09
 The estimated error in isolated selected elements (such as element 2584 
 ) defaults to zero regardless of the actual error.                      

 *** WARNING ***                         ELAPSED TIME =      12.390   TIME= 11:04:09
 The estimated error in isolated selected elements (such as element 2585 
 ) defaults to zero regardless of the actual error.                      

 *** WARNING ***                         ELAPSED TIME =      12.392   TIME= 11:04:09
 The estimated error in isolated selected elements (such as element 2586 
 ) defaults to zero regardless of the actual error.                      

 *** WARNING ***                         ELAPSED TIME =      12.394   TIME= 11:04:09
 The estimated error in isolated selected elements (such as element 2587 
 ) defaults to zero regardless of the actual error.                      

 *** WARNING ***                         ELAPSED TIME =      12.396   TIME= 11:04:09
 The estimated error in isolated selected elements (such as element 2588 
 ) defaults to zero regardless of the actual error.                      

 *** WARNING ***                         ELAPSED TIME =      12.398   TIME= 11:04:09
 The estimated error in isolated selected elements (such as element 2589 
 ) defaults to zero regardless of the actual error.                      

 *** WARNING ***                         ELAPSED TIME =      12.400   TIME= 11:04:09
 The estimated error in isolated selected elements (such as element 2590 
 ) defaults to zero regardless of the actual error.                      

 *** WARNING ***                         ELAPSED TIME =      12.401   TIME= 11:04:09
 The estimated error in isolated selected elements (such as element 2591 
 ) defaults to zero regardless of the actual error.                      

 *** WARNING ***                         ELAPSED TIME =      12.403   TIME= 11:04:09
 The estimated error in isolated selected elements (such as element 2592 
 ) defaults to zero regardless of the actual error.                      

 *** WARNING ***                         ELAPSED TIME =      12.405   TIME= 11:04:09
 The estimated error in isolated selected elements (such as element 2593 
 ) defaults to zero regardless of the actual error.                      

 *** WARNING ***                         ELAPSED TIME =      12.406   TIME= 11:04:09
 The estimated error in isolated selected elements (such as element 2594 
 ) defaults to zero regardless of the actual error.                      

 *** WARNING ***                         ELAPSED TIME =      12.408   TIME= 11:04:09
 The estimated error in isolated selected elements (such as element 2595 
 ) defaults to zero regardless of the actual error.                      

 *** WARNING ***                         ELAPSED TIME =      12.410   TIME= 11:04:09
 The estimated error in isolated selected elements (such as element 2596 
 ) defaults to zero regardless of the actual error.                      

 *** WARNING ***                         ELAPSED TIME =      12.412   TIME= 11:04:09
 The estimated error in isolated selected elements (such as element 2597 
 ) defaults to zero regardless of the actual error.                      

 *** WARNING ***                         ELAPSED TIME =      12.414   TIME= 11:04:09
 The estimated error in isolated selected elements (such as element 2598 
 ) defaults to zero regardless of the actual error.                      

 *** WARNING ***                         ELAPSED TIME =      12.416   TIME= 11:04:09
 The estimated error in isolated selected elements (such as element 2599 
 ) defaults to zero regardless of the actual error.                      

 *** WARNING ***                         ELAPSED TIME =      12.417   TIME= 11:04:09
 The estimated error in isolated selected elements (such as element 2600 
 ) defaults to zero regardless of the actual error.                      

 *** WARNING ***                         ELAPSED TIME =      12.419   TIME= 11:04:09
 The estimated error in isolated selected elements (such as element 2601 
 ) defaults to zero regardless of the actual error.                      

 *** WARNING ***                         ELAPSED TIME =      12.421   TIME= 11:04:09
 The estimated error in isolated selected elements (such as element 2602 
 ) defaults to zero regardless of the actual error.                      

 *** WARNING ***                         ELAPSED TIME =      12.422   TIME= 11:04:09
 The estimated error in isolated selected elements (such as element 2603 
 ) defaults to zero regardless of the actual error.                      

 *** WARNING ***                         ELAPSED TIME =      12.424   TIME= 11:04:09
 The estimated error in isolated selected elements (such as element 2604 
 ) defaults to zero regardless of the actual error.                      

 *** WARNING ***                         ELAPSED TIME =      12.426   TIME= 11:04:09
 The estimated error in isolated selected elements (such as element 2605 
 ) defaults to zero regardless of the actual error.                      

 *** WARNING ***                         ELAPSED TIME =      12.427   TIME= 11:04:09
 The estimated error in isolated selected elements (such as element 2606 
 ) defaults to zero regardless of the actual error.                      

 *** WARNING ***                         ELAPSED TIME =      12.430   TIME= 11:04:09
 The estimated error in isolated selected elements (such as element 2607 
 ) defaults to zero regardless of the actual error.                      

 *** WARNING ***                         ELAPSED TIME =      12.432   TIME= 11:04:09
 The estimated error in isolated selected elements (such as element 2608 
 ) defaults to zero regardless of the actual error.                      

 *** WARNING ***                         ELAPSED TIME =      12.434   TIME= 11:04:09
 The estimated error in isolated selected elements (such as element 2609 
 ) defaults to zero regardless of the actual error.                      

 *** WARNING ***                         ELAPSED TIME =      12.435   TIME= 11:04:09
 The estimated error in isolated selected elements (such as element 2610 
 ) defaults to zero regardless of the actual error.                      

 *** WARNING ***                         ELAPSED TIME =      12.437   TIME= 11:04:09
 The estimated error in isolated selected elements (such as element 2611 
 ) defaults to zero regardless of the actual error.                      

 *** WARNING ***                         ELAPSED TIME =      12.439   TIME= 11:04:09
 The estimated error in isolated selected elements (such as element 2612 
 ) defaults to zero regardless of the actual error.                      

 *** WARNING ***                         ELAPSED TIME =      12.440   TIME= 11:04:09
 The estimated error in isolated selected elements (such as element 2613 
 ) defaults to zero regardless of the actual error.                      

 *** WARNING ***                         ELAPSED TIME =      12.442   TIME= 11:04:09
 The estimated error in isolated selected elements (such as element 2614 
 ) defaults to zero regardless of the actual error.                      

 *** WARNING ***                         ELAPSED TIME =      12.444   TIME= 11:04:09
 The estimated error in isolated selected elements (such as element 2615 
 ) defaults to zero regardless of the actual error.                      

 *** WARNING ***                         ELAPSED TIME =      12.447   TIME= 11:04:09
 The estimated error in isolated selected elements (such as element 2616 
 ) defaults to zero regardless of the actual error.                      

 *** WARNING ***                         ELAPSED TIME =      12.449   TIME= 11:04:09
 The estimated error in isolated selected elements (such as element 2617 
 ) defaults to zero regardless of the actual error.                      

 *** WARNING ***                         ELAPSED TIME =      12.451   TIME= 11:04:09
 The estimated error in isolated selected elements (such as element 2618 
 ) defaults to zero regardless of the actual error.                      

 *** WARNING ***                         ELAPSED TIME =      12.452   TIME= 11:04:09
 The estimated error in isolated selected elements (such as element 2619 
 ) defaults to zero regardless of the actual error.                      

 *** WARNING ***                         ELAPSED TIME =      12.454   TIME= 11:04:09
 The estimated error in isolated selected elements (such as element 2620 
 ) defaults to zero regardless of the actual error.                      

 *** WARNING ***                         ELAPSED TIME =      12.456   TIME= 11:04:09
 The estimated error in isolated selected elements (such as element 2621 
 ) defaults to zero regardless of the actual error.                      

 *** WARNING ***                         ELAPSED TIME =      12.457   TIME= 11:04:09
 The estimated error in isolated selected elements (such as element 2622 
 ) defaults to zero regardless of the actual error.                      

 *** WARNING ***                         ELAPSED TIME =      12.459   TIME= 11:04:09
 The estimated error in isolated selected elements (such as element 2623 
 ) defaults to zero regardless of the actual error.                      

 *** WARNING ***                         ELAPSED TIME =      12.461   TIME= 11:04:09
 The estimated error in isolated selected elements (such as element 2624 
 ) defaults to zero regardless of the actual error.                      

 *** WARNING ***                         ELAPSED TIME =      12.463   TIME= 11:04:09
 The estimated error in isolated selected elements (such as element 2625 
 ) defaults to zero regardless of the actual error.                      

 *** WARNING ***                         ELAPSED TIME =      12.464   TIME= 11:04:09
 The estimated error in isolated selected elements (such as element 2626 
 ) defaults to zero regardless of the actual error.                      

 *** WARNING ***                         ELAPSED TIME =      12.466   TIME= 11:04:09
 The estimated error in isolated selected elements (such as element 2627 
 ) defaults to zero regardless of the actual error.                      

 *** WARNING ***                         ELAPSED TIME =      12.468   TIME= 11:04:09
 The estimated error in isolated selected elements (such as element 2628 
 ) defaults to zero regardless of the actual error.                      

 *** WARNING ***                         ELAPSED TIME =      12.469   TIME= 11:04:09
 The estimated error in isolated selected elements (such as element 2629 
 ) defaults to zero regardless of the actual error.                      

 *** WARNING ***                         ELAPSED TIME =      12.471   TIME= 11:04:09
 The estimated error in isolated selected elements (such as element 2630 
 ) defaults to zero regardless of the actual error.                      

 *** WARNING ***                         ELAPSED TIME =      12.473   TIME= 11:04:09
 The estimated error in isolated selected elements (such as element 2631 
 ) defaults to zero regardless of the actual error.                      

 *** WARNING ***                         ELAPSED TIME =      12.474   TIME= 11:04:09
 The estimated error in isolated selected elements (such as element 2632 
 ) defaults to zero regardless of the actual error.                      

 *** WARNING ***                         ELAPSED TIME =      12.477   TIME= 11:04:09
 The estimated error in isolated selected elements (such as element 2633 
 ) defaults to zero regardless of the actual error.                      

 *** WARNING ***                         ELAPSED TIME =      12.482   TIME= 11:04:09
 The estimated error in isolated selected elements (such as element 2634 
 ) defaults to zero regardless of the actual error.                      

 *** WARNING ***                         ELAPSED TIME =      12.484   TIME= 11:04:09
 The estimated error in isolated selected elements (such as element 2635 
 ) defaults to zero regardless of the actual error.                      

 *** WARNING ***                         ELAPSED TIME =      12.485   TIME= 11:04:09
 The estimated error in isolated selected elements (such as element 2636 
 ) defaults to zero regardless of the actual error.                      

 *** WARNING ***                         ELAPSED TIME =      12.487   TIME= 11:04:09
 The estimated error in isolated selected elements (such as element 2637 
 ) defaults to zero regardless of the actual error.                      

 *** WARNING ***                         ELAPSED TIME =      12.489   TIME= 11:04:09
 The estimated error in isolated selected elements (such as element 2638 
 ) defaults to zero regardless of the actual error.                      

 *** WARNING ***                         ELAPSED TIME =      12.490   TIME= 11:04:09
 The estimated error in isolated selected elements (such as element 2639 
 ) defaults to zero regardless of the actual error.                      

 *** WARNING ***                         ELAPSED TIME =      12.493   TIME= 11:04:09
 The estimated error in isolated selected elements (such as element 2640 
 ) defaults to zero regardless of the actual error.                      

 *** WARNING ***                         ELAPSED TIME =      12.495   TIME= 11:04:09
 The estimated error in isolated selected elements (such as element 2641 
 ) defaults to zero regardless of the actual error.                      

 *** WARNING ***                         ELAPSED TIME =      12.496   TIME= 11:04:09
 The estimated error in isolated selected elements (such as element 2642 
 ) defaults to zero regardless of the actual error.                      

 *** WARNING ***                         ELAPSED TIME =      12.498   TIME= 11:04:09
 The estimated error in isolated selected elements (such as element 2643 
 ) defaults to zero regardless of the actual error.                      

 *** WARNING ***                         ELAPSED TIME =      12.500   TIME= 11:04:09
 The estimated error in isolated selected elements (such as element 2644 
 ) defaults to zero regardless of the actual error.                      

 *** WARNING ***                         ELAPSED TIME =      12.501   TIME= 11:04:09
 The estimated error in isolated selected elements (such as element 2645 
 ) defaults to zero regardless of the actual error.                      

 *** WARNING ***                         ELAPSED TIME =      12.503   TIME= 11:04:09
 The estimated error in isolated selected elements (such as element 2646 
 ) defaults to zero regardless of the actual error.                      

 *** WARNING ***                         ELAPSED TIME =      12.505   TIME= 11:04:09
 The estimated error in isolated selected elements (such as element 2647 
 ) defaults to zero regardless of the actual error.                      

 *** WARNING ***                         ELAPSED TIME =      12.506   TIME= 11:04:09
 The estimated error in isolated selected elements (such as element 2648 
 ) defaults to zero regardless of the actual error.                      

 *** WARNING ***                         ELAPSED TIME =      12.510   TIME= 11:04:09
 The estimated error in isolated selected elements (such as element 2649 
 ) defaults to zero regardless of the actual error.                      

 *** WARNING ***                         ELAPSED TIME =      12.512   TIME= 11:04:09
 The estimated error in isolated selected elements (such as element 2650 
 ) defaults to zero regardless of the actual error.                      

 *** WARNING ***                         ELAPSED TIME =      12.514   TIME= 11:04:09
 The estimated error in isolated selected elements (such as element 2651 
 ) defaults to zero regardless of the actual error.                      

 *** WARNING ***                         ELAPSED TIME =      12.515   TIME= 11:04:09
 The estimated error in isolated selected elements (such as element 2652 
 ) defaults to zero regardless of the actual error.                      

 *** WARNING ***                         ELAPSED TIME =      12.517   TIME= 11:04:09
 The estimated error in isolated selected elements (such as element 2653 
 ) defaults to zero regardless of the actual error.                      

 *** WARNING ***                         ELAPSED TIME =      12.519   TIME= 11:04:09
 The estimated error in isolated selected elements (such as element 2654 
 ) defaults to zero regardless of the actual error.                      

 *** WARNING ***                         ELAPSED TIME =      12.520   TIME= 11:04:09
 The estimated error in isolated selected elements (such as element 2655 
 ) defaults to zero regardless of the actual error.                      

 *** WARNING ***                         ELAPSED TIME =      12.522   TIME= 11:04:09
 The estimated error in isolated selected elements (such as element 2656 
 ) defaults to zero regardless of the actual error.                      

 *** WARNING ***                         ELAPSED TIME =      12.524   TIME= 11:04:09
 The estimated error in isolated selected elements (such as element 2657 
 ) defaults to zero regardless of the actual error.                      

 *** WARNING ***                         ELAPSED TIME =      12.526   TIME= 11:04:09
 The estimated error in isolated selected elements (such as element 2658 
 ) defaults to zero regardless of the actual error.                      

 *** WARNING ***                         ELAPSED TIME =      12.528   TIME= 11:04:09
 The estimated error in isolated selected elements (such as element 2659 
 ) defaults to zero regardless of the actual error.                      

 *** WARNING ***                         ELAPSED TIME =      12.530   TIME= 11:04:09
 The estimated error in isolated selected elements (such as element 2660 
 ) defaults to zero regardless of the actual error.                      

 *** WARNING ***                         ELAPSED TIME =      12.533   TIME= 11:04:09
 The estimated error in isolated selected elements (such as element 2661 
 ) defaults to zero regardless of the actual error.                      

 *** WARNING ***                         ELAPSED TIME =      12.535   TIME= 11:04:09
 The estimated error in isolated selected elements (such as element 2662 
 ) defaults to zero regardless of the actual error.                      

 *** WARNING ***                         ELAPSED TIME =      12.537   TIME= 11:04:09
 The estimated error in isolated selected elements (such as element 2663 
 ) defaults to zero regardless of the actual error.                      

 *** WARNING ***                         ELAPSED TIME =      12.539   TIME= 11:04:09
 The estimated error in isolated selected elements (such as element 2664 
 ) defaults to zero regardless of the actual error.                      

 *** WARNING ***                         ELAPSED TIME =      12.541   TIME= 11:04:09
 The estimated error in isolated selected elements (such as element 2665 
 ) defaults to zero regardless of the actual error.                      

 *** WARNING ***                         ELAPSED TIME =      12.543   TIME= 11:04:09
 The estimated error in isolated selected elements (such as element 2666 
 ) defaults to zero regardless of the actual error.                      

 *** WARNING ***                         ELAPSED TIME =      12.546   TIME= 11:04:09
 The estimated error in isolated selected elements (such as element 2667 
 ) defaults to zero regardless of the actual error.                      

 *** WARNING ***                         ELAPSED TIME =      12.548   TIME= 11:04:09
 The estimated error in isolated selected elements (such as element 2668 
 ) defaults to zero regardless of the actual error.                      

 *** WARNING ***                         ELAPSED TIME =      12.549   TIME= 11:04:09
 The estimated error in isolated selected elements (such as element 2669 
 ) defaults to zero regardless of the actual error.                      

 *** WARNING ***                         ELAPSED TIME =      12.551   TIME= 11:04:09
 The estimated error in isolated selected elements (such as element 2670 
 ) defaults to zero regardless of the actual error.                      

 *** WARNING ***                         ELAPSED TIME =      12.553   TIME= 11:04:09
 The estimated error in isolated selected elements (such as element 2671 
 ) defaults to zero regardless of the actual error.                      

 *** WARNING ***                         ELAPSED TIME =      12.555   TIME= 11:04:09
 The estimated error in isolated selected elements (such as element 2672 
 ) defaults to zero regardless of the actual error.                      

 *** WARNING ***                         ELAPSED TIME =      12.557   TIME= 11:04:09
 The estimated error in isolated selected elements (such as element 2673 
 ) defaults to zero regardless of the actual error.                      

 *** WARNING ***                         ELAPSED TIME =      12.559   TIME= 11:04:09
 The estimated error in isolated selected elements (such as element 2674 
 ) defaults to zero regardless of the actual error.                      

 *** WARNING ***                         ELAPSED TIME =      12.561   TIME= 11:04:09
 The estimated error in isolated selected elements (such as element 2675 
 ) defaults to zero regardless of the actual error.                      

 *** WARNING ***                         ELAPSED TIME =      12.563   TIME= 11:04:09
 The estimated error in isolated selected elements (such as element 2676 
 ) defaults to zero regardless of the actual error.                      

 *** WARNING ***                         ELAPSED TIME =      12.564   TIME= 11:04:09
 The estimated error in isolated selected elements (such as element 2677 
 ) defaults to zero regardless of the actual error.                      

 *** WARNING ***                         ELAPSED TIME =      12.566   TIME= 11:04:09
 The estimated error in isolated selected elements (such as element 2678 
 ) defaults to zero regardless of the actual error.                      

 *** WARNING ***                         ELAPSED TIME =      12.568   TIME= 11:04:09
 The estimated error in isolated selected elements (such as element 2679 
 ) defaults to zero regardless of the actual error.                      

 *** WARNING ***                         ELAPSED TIME =      12.569   TIME= 11:04:09
 The estimated error in isolated selected elements (such as element 2680 
 ) defaults to zero regardless of the actual error.                      

 *** WARNING ***                         ELAPSED TIME =      12.572   TIME= 11:04:09
 The estimated error in isolated selected elements (such as element 2681 
 ) defaults to zero regardless of the actual error.                      

 *** WARNING ***                         ELAPSED TIME =      12.575   TIME= 11:04:09
 The estimated error in isolated selected elements (such as element 2682 
 ) defaults to zero regardless of the actual error.                      

 *** WARNING ***                         ELAPSED TIME =      12.577   TIME= 11:04:09
 The estimated error in isolated selected elements (such as element 2683 
 ) defaults to zero regardless of the actual error.                      

 *** WARNING ***                         ELAPSED TIME =      12.579   TIME= 11:04:09
 The estimated error in isolated selected elements (such as element 2684 
 ) defaults to zero regardless of the actual error.                      

 *** WARNING ***                         ELAPSED TIME =      12.580   TIME= 11:04:09
 The estimated error in isolated selected elements (such as element 2685 
 ) defaults to zero regardless of the actual error.                      

 *** WARNING ***                         ELAPSED TIME =      12.582   TIME= 11:04:09
 The estimated error in isolated selected elements (such as element 2686 
 ) defaults to zero regardless of the actual error.                      

 *** WARNING ***                         ELAPSED TIME =      12.584   TIME= 11:04:09
 The estimated error in isolated selected elements (such as element 2687 
 ) defaults to zero regardless of the actual error.                      

 *** WARNING ***                         ELAPSED TIME =      12.586   TIME= 11:04:09
 The estimated error in isolated selected elements (such as element 2688 
 ) defaults to zero regardless of the actual error.                      

 *** WARNING ***                         ELAPSED TIME =      12.588   TIME= 11:04:09
 The estimated error in isolated selected elements (such as element 2689 
 ) defaults to zero regardless of the actual error.                      

 *** WARNING ***                         ELAPSED TIME =      12.589   TIME= 11:04:09
 The estimated error in isolated selected elements (such as element 2690 
 ) defaults to zero regardless of the actual error.                      

 *** WARNING ***                         ELAPSED TIME =      12.591   TIME= 11:04:09
 The estimated error in isolated selected elements (such as element 2691 
 ) defaults to zero regardless of the actual error.                      

 *** WARNING ***                         ELAPSED TIME =      12.593   TIME= 11:04:09
 The estimated error in isolated selected elements (such as element 2692 
 ) defaults to zero regardless of the actual error.                      

 *** WARNING ***                         ELAPSED TIME =      12.595   TIME= 11:04:09
 The estimated error in isolated selected elements (such as element 2693 
 ) defaults to zero regardless of the actual error.                      

 *** WARNING ***                         ELAPSED TIME =      12.596   TIME= 11:04:09
 The estimated error in isolated selected elements (such as element 2694 
 ) defaults to zero regardless of the actual error.                      

 *** WARNING ***                         ELAPSED TIME =      12.598   TIME= 11:04:09
 The estimated error in isolated selected elements (such as element 2695 
 ) defaults to zero regardless of the actual error.                      

 *** WARNING ***                         ELAPSED TIME =      12.600   TIME= 11:04:09
 The estimated error in isolated selected elements (such as element 2696 
 ) defaults to zero regardless of the actual error.                      

 *** WARNING ***                         ELAPSED TIME =      12.602   TIME= 11:04:09
 The estimated error in isolated selected elements (such as element 2697 
 ) defaults to zero regardless of the actual error.                      

 *** WARNING ***                         ELAPSED TIME =      12.604   TIME= 11:04:09
 The estimated error in isolated selected elements (such as element 2698 
 ) defaults to zero regardless of the actual error.                      

 *** WARNING ***                         ELAPSED TIME =      12.605   TIME= 11:04:09
 The estimated error in isolated selected elements (such as element 2699 
 ) defaults to zero regardless of the actual error.                      

 *** WARNING ***                         ELAPSED TIME =      12.607   TIME= 11:04:09
 The estimated error in isolated selected elements (such as element 2700 
 ) defaults to zero regardless of the actual error.                      

 *** WARNING ***                         ELAPSED TIME =      12.609   TIME= 11:04:09
 The estimated error in isolated selected elements (such as element 2701 
 ) defaults to zero regardless of the actual error.                      

 *** WARNING ***                         ELAPSED TIME =      12.611   TIME= 11:04:09
 The estimated error in isolated selected elements (such as element 2702 
 ) defaults to zero regardless of the actual error.                      

 *** WARNING ***                         ELAPSED TIME =      12.613   TIME= 11:04:09
 The estimated error in isolated selected elements (such as element 2703 
 ) defaults to zero regardless of the actual error.                      

 *** WARNING ***                         ELAPSED TIME =      12.614   TIME= 11:04:09
 The estimated error in isolated selected elements (such as element 2704 
 ) defaults to zero regardless of the actual error.                      

 *** WARNING ***                         ELAPSED TIME =      12.616   TIME= 11:04:09
 The estimated error in isolated selected elements (such as element 2705 
 ) defaults to zero regardless of the actual error.                      

 *** WARNING ***                         ELAPSED TIME =      12.618   TIME= 11:04:09
 The estimated error in isolated selected elements (such as element 2706 
 ) defaults to zero regardless of the actual error.                      

 *** WARNING ***                         ELAPSED TIME =      12.620   TIME= 11:04:09
 The estimated error in isolated selected elements (such as element 2707 
 ) defaults to zero regardless of the actual error.                      

 *** WARNING ***                         ELAPSED TIME =      12.622   TIME= 11:04:09
 The estimated error in isolated selected elements (such as element 2708 
 ) defaults to zero regardless of the actual error.                      

 *** WARNING ***                         ELAPSED TIME =      12.623   TIME= 11:04:09
 The estimated error in isolated selected elements (such as element 2709 
 ) defaults to zero regardless of the actual error.                      

 *** WARNING ***                         ELAPSED TIME =      12.625   TIME= 11:04:09
 The estimated error in isolated selected elements (such as element 2710 
 ) defaults to zero regardless of the actual error.                      

 *** WARNING ***                         ELAPSED TIME =      12.627   TIME= 11:04:09
 The estimated error in isolated selected elements (such as element 2711 
 ) defaults to zero regardless of the actual error.                      

 *** WARNING ***                         ELAPSED TIME =      12.629   TIME= 11:04:09
 The estimated error in isolated selected elements (such as element 2712 
 ) defaults to zero regardless of the actual error.                      

 *** WARNING ***                         ELAPSED TIME =      12.630   TIME= 11:04:09
 The estimated error in isolated selected elements (such as element 2713 
 ) defaults to zero regardless of the actual error.                      

 *** WARNING ***                         ELAPSED TIME =      12.633   TIME= 11:04:09
 The estimated error in isolated selected elements (such as element 2714 
 ) defaults to zero regardless of the actual error.                      

 *** WARNING ***                         ELAPSED TIME =      12.635   TIME= 11:04:09
 The estimated error in isolated selected elements (such as element 2715 
 ) defaults to zero regardless of the actual error.                      

 *** WARNING ***                         ELAPSED TIME =      12.637   TIME= 11:04:09
 The estimated error in isolated selected elements (such as element 2716 
 ) defaults to zero regardless of the actual error.                      

 *** WARNING ***                         ELAPSED TIME =      12.639   TIME= 11:04:09
 The estimated error in isolated selected elements (such as element 2717 
 ) defaults to zero regardless of the actual error.                      

 *** WARNING ***                         ELAPSED TIME =      12.641   TIME= 11:04:09
 The estimated error in isolated selected elements (such as element 2718 
 ) defaults to zero regardless of the actual error.                      

 *** WARNING ***                         ELAPSED TIME =      12.642   TIME= 11:04:09
 The estimated error in isolated selected elements (such as element 2719 
 ) defaults to zero regardless of the actual error.                      

 *** WARNING ***                         ELAPSED TIME =      12.644   TIME= 11:04:09
 The estimated error in isolated selected elements (such as element 2720 
 ) defaults to zero regardless of the actual error.                      

 *** WARNING ***                         ELAPSED TIME =      12.646   TIME= 11:04:09
 The estimated error in isolated selected elements (such as element 2721 
 ) defaults to zero regardless of the actual error.                      

 *** WARNING ***                         ELAPSED TIME =      12.648   TIME= 11:04:09
 The estimated error in isolated selected elements (such as element 2722 
 ) defaults to zero regardless of the actual error.                      

 *** WARNING ***                         ELAPSED TIME =      12.651   TIME= 11:04:09
 The estimated error in isolated selected elements (such as element 2723 
 ) defaults to zero regardless of the actual error.                      

 *** WARNING ***                         ELAPSED TIME =      12.653   TIME= 11:04:09
 The estimated error in isolated selected elements (such as element 2724 
 ) defaults to zero regardless of the actual error.                      

 *** WARNING ***                         ELAPSED TIME =      12.655   TIME= 11:04:09
 The estimated error in isolated selected elements (such as element 2725 
 ) defaults to zero regardless of the actual error.                      

 *** WARNING ***                         ELAPSED TIME =      12.657   TIME= 11:04:09
 The estimated error in isolated selected elements (such as element 2726 
 ) defaults to zero regardless of the actual error.                      

 *** WARNING ***                         ELAPSED TIME =      12.658   TIME= 11:04:09
 The estimated error in isolated selected elements (such as element 2727 
 ) defaults to zero regardless of the actual error.                      

 *** WARNING ***                         ELAPSED TIME =      12.660   TIME= 11:04:09
 The estimated error in isolated selected elements (such as element 2728 
 ) defaults to zero regardless of the actual error.                      

 *** WARNING ***                         ELAPSED TIME =      12.662   TIME= 11:04:09
 The estimated error in isolated selected elements (such as element 2729 
 ) defaults to zero regardless of the actual error.                      

 *** WARNING ***                         ELAPSED TIME =      12.664   TIME= 11:04:09
 The estimated error in isolated selected elements (such as element 2730 
 ) defaults to zero regardless of the actual error.                      

 *** WARNING ***                         ELAPSED TIME =      12.666   TIME= 11:04:09
 The estimated error in isolated selected elements (such as element 2731 
 ) defaults to zero regardless of the actual error.                      

 *** WARNING ***                         ELAPSED TIME =      12.668   TIME= 11:04:09
 The estimated error in isolated selected elements (such as element 2732 
 ) defaults to zero regardless of the actual error.                      

 *** WARNING ***                         ELAPSED TIME =      12.670   TIME= 11:04:09
 The estimated error in isolated selected elements (such as element 2733 
 ) defaults to zero regardless of the actual error.                      

 *** WARNING ***                         ELAPSED TIME =      12.671   TIME= 11:04:09
 The estimated error in isolated selected elements (such as element 2734 
 ) defaults to zero regardless of the actual error.                      

 *** WARNING ***                         ELAPSED TIME =      12.673   TIME= 11:04:09
 The estimated error in isolated selected elements (such as element 2735 
 ) defaults to zero regardless of the actual error.                      

 *** WARNING ***                         ELAPSED TIME =      12.675   TIME= 11:04:09
 The estimated error in isolated selected elements (such as element 2736 
 ) defaults to zero regardless of the actual error.                      

 *** WARNING ***                         ELAPSED TIME =      12.677   TIME= 11:04:09
 The estimated error in isolated selected elements (such as element 2737 
 ) defaults to zero regardless of the actual error.                      

 *** WARNING ***                         ELAPSED TIME =      12.678   TIME= 11:04:09
 The estimated error in isolated selected elements (such as element 2738 
 ) defaults to zero regardless of the actual error.                      

 *** WARNING ***                         ELAPSED TIME =      12.680   TIME= 11:04:09
 The estimated error in isolated selected elements (such as element 2739 
 ) defaults to zero regardless of the actual error.                      

 *** WARNING ***                         ELAPSED TIME =      12.682   TIME= 11:04:09
 The estimated error in isolated selected elements (such as element 2740 
 ) defaults to zero regardless of the actual error.                      

 *** WARNING ***                         ELAPSED TIME =      12.684   TIME= 11:04:09
 The estimated error in isolated selected elements (such as element 2741 
 ) defaults to zero regardless of the actual error.                      

 *** WARNING ***                         ELAPSED TIME =      12.686   TIME= 11:04:09
 The estimated error in isolated selected elements (such as element 2742 
 ) defaults to zero regardless of the actual error.                      

 *** WARNING ***                         ELAPSED TIME =      12.687   TIME= 11:04:09
 The estimated error in isolated selected elements (such as element 2743 
 ) defaults to zero regardless of the actual error.                      

 *** WARNING ***                         ELAPSED TIME =      12.689   TIME= 11:04:09
 The estimated error in isolated selected elements (such as element 2744 
 ) defaults to zero regardless of the actual error.                      

 *** WARNING ***                         ELAPSED TIME =      12.691   TIME= 11:04:09
 The estimated error in isolated selected elements (such as element 2745 
 ) defaults to zero regardless of the actual error.                      

 *** WARNING ***                         ELAPSED TIME =      12.693   TIME= 11:04:09
 The estimated error in isolated selected elements (such as element 2746 
 ) defaults to zero regardless of the actual error.                      

 *** WARNING ***                         ELAPSED TIME =      12.695   TIME= 11:04:09
 The estimated error in isolated selected elements (such as element 2747 
 ) defaults to zero regardless of the actual error.                      

 *** WARNING ***                         ELAPSED TIME =      12.697   TIME= 11:04:09
 The estimated error in isolated selected elements (such as element 2748 
 ) defaults to zero regardless of the actual error.                      

 *** WARNING ***                         ELAPSED TIME =      12.699   TIME= 11:04:09
 The estimated error in isolated selected elements (such as element 2749 
 ) defaults to zero regardless of the actual error.                      

 *** WARNING ***                         ELAPSED TIME =      12.701   TIME= 11:04:09
 The estimated error in isolated selected elements (such as element 2750 
 ) defaults to zero regardless of the actual error.                      

 *** WARNING ***                         ELAPSED TIME =      12.702   TIME= 11:04:09
 The estimated error in isolated selected elements (such as element 2751 
 ) defaults to zero regardless of the actual error.                      

 *** WARNING ***                         ELAPSED TIME =      12.705   TIME= 11:04:09
 The estimated error in isolated selected elements (such as element 2752 
 ) defaults to zero regardless of the actual error.                      

 *** WARNING ***                         ELAPSED TIME =      12.706   TIME= 11:04:09
 The estimated error in isolated selected elements (such as element 2753 
 ) defaults to zero regardless of the actual error.                      

 *** WARNING ***                         ELAPSED TIME =      12.708   TIME= 11:04:09
 The estimated error in isolated selected elements (such as element 2754 
 ) defaults to zero regardless of the actual error.                      

 *** WARNING ***                         ELAPSED TIME =      12.710   TIME= 11:04:09
 The estimated error in isolated selected elements (such as element 2755 
 ) defaults to zero regardless of the actual error.                      

 *** WARNING ***                         ELAPSED TIME =      12.712   TIME= 11:04:09
 The estimated error in isolated selected elements (such as element 2756 
 ) defaults to zero regardless of the actual error.                      

 *** WARNING ***                         ELAPSED TIME =      12.714   TIME= 11:04:09
 The estimated error in isolated selected elements (such as element 2757 
 ) defaults to zero regardless of the actual error.                      

 *** WARNING ***                         ELAPSED TIME =      12.715   TIME= 11:04:09
 The estimated error in isolated selected elements (such as element 2758 
 ) defaults to zero regardless of the actual error.                      

 *** WARNING ***                         ELAPSED TIME =      12.717   TIME= 11:04:09
 The estimated error in isolated selected elements (such as element 2759 
 ) defaults to zero regardless of the actual error.                      

 *** WARNING ***                         ELAPSED TIME =      12.719   TIME= 11:04:09
 The estimated error in isolated selected elements (such as element 2760 
 ) defaults to zero regardless of the actual error.                      

 *** WARNING ***                         ELAPSED TIME =      12.721   TIME= 11:04:09
 The estimated error in isolated selected elements (such as element 2761 
 ) defaults to zero regardless of the actual error.                      

 *** WARNING ***                         ELAPSED TIME =      12.722   TIME= 11:04:09
 The estimated error in isolated selected elements (such as element 2762 
 ) defaults to zero regardless of the actual error.                      

 *** WARNING ***                         ELAPSED TIME =      12.724   TIME= 11:04:09
 The estimated error in isolated selected elements (such as element 2763 
 ) defaults to zero regardless of the actual error.                      

 *** WARNING ***                         ELAPSED TIME =      12.726   TIME= 11:04:09
 The estimated error in isolated selected elements (such as element 2764 
 ) defaults to zero regardless of the actual error.                      

 *** WARNING ***                         ELAPSED TIME =      12.728   TIME= 11:04:09
 The estimated error in isolated selected elements (such as element 2765 
 ) defaults to zero regardless of the actual error.                      

 *** WARNING ***                         ELAPSED TIME =      12.730   TIME= 11:04:09
 The estimated error in isolated selected elements (such as element 2766 
 ) defaults to zero regardless of the actual error.                      

 *** WARNING ***                         ELAPSED TIME =      12.731   TIME= 11:04:09
 The estimated error in isolated selected elements (such as element 2767 
 ) defaults to zero regardless of the actual error.                      

 *** WARNING ***                         ELAPSED TIME =      12.733   TIME= 11:04:09
 The estimated error in isolated selected elements (such as element 2768 
 ) defaults to zero regardless of the actual error.                      

 *** WARNING ***                         ELAPSED TIME =      12.735   TIME= 11:04:09
 The estimated error in isolated selected elements (such as element 2769 
 ) defaults to zero regardless of the actual error.                      

 *** WARNING ***                         ELAPSED TIME =      12.737   TIME= 11:04:09
 The estimated error in isolated selected elements (such as element 2770 
 ) defaults to zero regardless of the actual error.                      

 *** WARNING ***                         ELAPSED TIME =      12.738   TIME= 11:04:09
 The estimated error in isolated selected elements (such as element 2771 
 ) defaults to zero regardless of the actual error.                      

 *** WARNING ***                         ELAPSED TIME =      12.740   TIME= 11:04:09
 The estimated error in isolated selected elements (such as element 2772 
 ) defaults to zero regardless of the actual error.                      

 *** WARNING ***                         ELAPSED TIME =      12.742   TIME= 11:04:09
 The estimated error in isolated selected elements (such as element 2773 
 ) defaults to zero regardless of the actual error.                      

 *** WARNING ***                         ELAPSED TIME =      12.744   TIME= 11:04:09
 The estimated error in isolated selected elements (such as element 2774 
 ) defaults to zero regardless of the actual error.                      

 *** WARNING ***                         ELAPSED TIME =      12.746   TIME= 11:04:09
 The estimated error in isolated selected elements (such as element 2775 
 ) defaults to zero regardless of the actual error.                      

 *** WARNING ***                         ELAPSED TIME =      12.747   TIME= 11:04:09
 The estimated error in isolated selected elements (such as element 2776 
 ) defaults to zero regardless of the actual error.                      

 *** WARNING ***                         ELAPSED TIME =      12.749   TIME= 11:04:09
 The estimated error in isolated selected elements (such as element 2777 
 ) defaults to zero regardless of the actual error.                      

 *** WARNING ***                         ELAPSED TIME =      12.751   TIME= 11:04:09
 The estimated error in isolated selected elements (such as element 2778 
 ) defaults to zero regardless of the actual error.                      

 *** WARNING ***                         ELAPSED TIME =      12.752   TIME= 11:04:09
 The estimated error in isolated selected elements (such as element 2779 
 ) defaults to zero regardless of the actual error.                      

 *** WARNING ***                         ELAPSED TIME =      12.754   TIME= 11:04:09
 The estimated error in isolated selected elements (such as element 2780 
 ) defaults to zero regardless of the actual error.                      

 *** WARNING ***                         ELAPSED TIME =      12.756   TIME= 11:04:09
 The estimated error in isolated selected elements (such as element 2781 
 ) defaults to zero regardless of the actual error.                      

 *** WARNING ***                         ELAPSED TIME =      12.757   TIME= 11:04:09
 The estimated error in isolated selected elements (such as element 2782 
 ) defaults to zero regardless of the actual error.                      

 *** WARNING ***                         ELAPSED TIME =      12.760   TIME= 11:04:09
 The estimated error in isolated selected elements (such as element 2783 
 ) defaults to zero regardless of the actual error.                      

 *** WARNING ***                         ELAPSED TIME =      12.762   TIME= 11:04:09
 The estimated error in isolated selected elements (such as element 2784 
 ) defaults to zero regardless of the actual error.                      

 *** WARNING ***                         ELAPSED TIME =      12.764   TIME= 11:04:09
 The estimated error in isolated selected elements (such as element 2785 
 ) defaults to zero regardless of the actual error.                      

 *** WARNING ***                         ELAPSED TIME =      12.765   TIME= 11:04:09
 The estimated error in isolated selected elements (such as element 2786 
 ) defaults to zero regardless of the actual error.                      

 *** WARNING ***                         ELAPSED TIME =      12.767   TIME= 11:04:09
 The estimated error in isolated selected elements (such as element 2787 
 ) defaults to zero regardless of the actual error.                      

 *** WARNING ***                         ELAPSED TIME =      12.769   TIME= 11:04:09
 The estimated error in isolated selected elements (such as element 2788 
 ) defaults to zero regardless of the actual error.                      

 *** WARNING ***                         ELAPSED TIME =      12.770   TIME= 11:04:09
 The estimated error in isolated selected elements (such as element 2789 
 ) defaults to zero regardless of the actual error.                      

 *** WARNING ***                         ELAPSED TIME =      12.772   TIME= 11:04:09
 The estimated error in isolated selected elements (such as element 2790 
 ) defaults to zero regardless of the actual error.                      

 *** WARNING ***                         ELAPSED TIME =      12.774   TIME= 11:04:09
 The estimated error in isolated selected elements (such as element 2791 
 ) defaults to zero regardless of the actual error.                      

 *** WARNING ***                         ELAPSED TIME =      12.777   TIME= 11:04:09
 The estimated error in isolated selected elements (such as element 2792 
 ) defaults to zero regardless of the actual error.                      

 *** WARNING ***                         ELAPSED TIME =      12.779   TIME= 11:04:09
 The estimated error in isolated selected elements (such as element 2793 
 ) defaults to zero regardless of the actual error.                      

 *** WARNING ***                         ELAPSED TIME =      12.780   TIME= 11:04:09
 The estimated error in isolated selected elements (such as element 2794 
 ) defaults to zero regardless of the actual error.                      

 *** WARNING ***                         ELAPSED TIME =      12.782   TIME= 11:04:09
 The estimated error in isolated selected elements (such as element 2795 
 ) defaults to zero regardless of the actual error.                      

 *** WARNING ***                         ELAPSED TIME =      12.784   TIME= 11:04:09
 The estimated error in isolated selected elements (such as element 2796 
 ) defaults to zero regardless of the actual error.                      

 *** WARNING ***                         ELAPSED TIME =      12.785   TIME= 11:04:09
 The estimated error in isolated selected elements (such as element 2797 
 ) defaults to zero regardless of the actual error.                      

 *** WARNING ***                         ELAPSED TIME =      12.787   TIME= 11:04:09
 The estimated error in isolated selected elements (such as element 2798 
 ) defaults to zero regardless of the actual error.                      

 *** WARNING ***                         ELAPSED TIME =      12.789   TIME= 11:04:09
 The estimated error in isolated selected elements (such as element 2799 
 ) defaults to zero regardless of the actual error.                      

 *** WARNING ***                         ELAPSED TIME =      12.791   TIME= 11:04:09
 The estimated error in isolated selected elements (such as element 2800 
 ) defaults to zero regardless of the actual error.                      

 *** WARNING ***                         ELAPSED TIME =      12.793   TIME= 11:04:09
 The estimated error in isolated selected elements (such as element 2801 
 ) defaults to zero regardless of the actual error.                      

 *** WARNING ***                         ELAPSED TIME =      12.794   TIME= 11:04:09
 The estimated error in isolated selected elements (such as element 2802 
 ) defaults to zero regardless of the actual error.                      

 *** WARNING ***                         ELAPSED TIME =      12.796   TIME= 11:04:09
 The estimated error in isolated selected elements (such as element 2803 
 ) defaults to zero regardless of the actual error.                      

 *** WARNING ***                         ELAPSED TIME =      12.798   TIME= 11:04:09
 The estimated error in isolated selected elements (such as element 2804 
 ) defaults to zero regardless of the actual error.                      

 *** WARNING ***                         ELAPSED TIME =      12.799   TIME= 11:04:09
 The estimated error in isolated selected elements (such as element 2805 
 ) defaults to zero regardless of the actual error.                      

 *** WARNING ***                         ELAPSED TIME =      12.801   TIME= 11:04:09
 The estimated error in isolated selected elements (such as element 2806 
 ) defaults to zero regardless of the actual error.                      

 *** WARNING ***                         ELAPSED TIME =      12.803   TIME= 11:04:09
 The estimated error in isolated selected elements (such as element 2807 
 ) defaults to zero regardless of the actual error.                      

 *** WARNING ***                         ELAPSED TIME =      12.805   TIME= 11:04:09
 The estimated error in isolated selected elements (such as element 2808 
 ) defaults to zero regardless of the actual error.                      

 *** WARNING ***                         ELAPSED TIME =      12.807   TIME= 11:04:09
 The estimated error in isolated selected elements (such as element 2809 
 ) defaults to zero regardless of the actual error.                      

 *** WARNING ***                         ELAPSED TIME =      12.809   TIME= 11:04:09
 The estimated error in isolated selected elements (such as element 2810 
 ) defaults to zero regardless of the actual error.                      

 *** WARNING ***                         ELAPSED TIME =      12.811   TIME= 11:04:09
 The estimated error in isolated selected elements (such as element 2811 
 ) defaults to zero regardless of the actual error.                      

 *** WARNING ***                         ELAPSED TIME =      12.813   TIME= 11:04:09
 The estimated error in isolated selected elements (such as element 2812 
 ) defaults to zero regardless of the actual error.                      

 *** WARNING ***                         ELAPSED TIME =      12.815   TIME= 11:04:09
 The estimated error in isolated selected elements (such as element 2813 
 ) defaults to zero regardless of the actual error.                      

 *** WARNING ***                         ELAPSED TIME =      12.817   TIME= 11:04:09
 The estimated error in isolated selected elements (such as element 2814 
 ) defaults to zero regardless of the actual error.                      

 *** WARNING ***                         ELAPSED TIME =      12.818   TIME= 11:04:09
 The estimated error in isolated selected elements (such as element 2815 
 ) defaults to zero regardless of the actual error.                      

 *** WARNING ***                         ELAPSED TIME =      12.820   TIME= 11:04:09
 The estimated error in isolated selected elements (such as element 2816 
 ) defaults to zero regardless of the actual error.                      

 *** WARNING ***                         ELAPSED TIME =      12.822   TIME= 11:04:09
 The estimated error in isolated selected elements (such as element 2817 
 ) defaults to zero regardless of the actual error.                      

 *** WARNING ***                         ELAPSED TIME =      12.824   TIME= 11:04:09
 The estimated error in isolated selected elements (such as element 2818 
 ) defaults to zero regardless of the actual error.                      

 *** WARNING ***                         ELAPSED TIME =      12.827   TIME= 11:04:09
 The estimated error in isolated selected elements (such as element 2819 
 ) defaults to zero regardless of the actual error.                      

 *** WARNING ***                         ELAPSED TIME =      12.829   TIME= 11:04:09
 The estimated error in isolated selected elements (such as element 2820 
 ) defaults to zero regardless of the actual error.                      

 *** WARNING ***                         ELAPSED TIME =      12.831   TIME= 11:04:09
 The estimated error in isolated selected elements (such as element 2821 
 ) defaults to zero regardless of the actual error.                      

 *** WARNING ***                         ELAPSED TIME =      12.832   TIME= 11:04:09
 The estimated error in isolated selected elements (such as element 2822 
 ) defaults to zero regardless of the actual error.                      

 *** WARNING ***                         ELAPSED TIME =      12.834   TIME= 11:04:09
 The estimated error in isolated selected elements (such as element 2823 
 ) defaults to zero regardless of the actual error.                      

 *** WARNING ***                         ELAPSED TIME =      12.836   TIME= 11:04:09
 The estimated error in isolated selected elements (such as element 2824 
 ) defaults to zero regardless of the actual error.                      

 *** WARNING ***                         ELAPSED TIME =      12.838   TIME= 11:04:09
 The estimated error in isolated selected elements (such as element 2825 
 ) defaults to zero regardless of the actual error.                      

 *** WARNING ***                         ELAPSED TIME =      12.840   TIME= 11:04:09
 The estimated error in isolated selected elements (such as element 2826 
 ) defaults to zero regardless of the actual error.                      

 *** WARNING ***                         ELAPSED TIME =      12.842   TIME= 11:04:09
 The estimated error in isolated selected elements (such as element 2827 
 ) defaults to zero regardless of the actual error.                      

 *** WARNING ***                         ELAPSED TIME =      12.843   TIME= 11:04:09
 The estimated error in isolated selected elements (such as element 2828 
 ) defaults to zero regardless of the actual error.                      

 *** WARNING ***                         ELAPSED TIME =      12.845   TIME= 11:04:09
 The estimated error in isolated selected elements (such as element 2829 
 ) defaults to zero regardless of the actual error.                      

 *** WARNING ***                         ELAPSED TIME =      12.847   TIME= 11:04:09
 The estimated error in isolated selected elements (such as element 2830 
 ) defaults to zero regardless of the actual error.                      

 *** WARNING ***                         ELAPSED TIME =      12.848   TIME= 11:04:09
 The estimated error in isolated selected elements (such as element 2831 
 ) defaults to zero regardless of the actual error.                      

 *** WARNING ***                         ELAPSED TIME =      12.850   TIME= 11:04:09
 The estimated error in isolated selected elements (such as element 2832 
 ) defaults to zero regardless of the actual error.                      

 *** WARNING ***                         ELAPSED TIME =      12.852   TIME= 11:04:09
 The estimated error in isolated selected elements (such as element 2833 
 ) defaults to zero regardless of the actual error.                      

 *** WARNING ***                         ELAPSED TIME =      12.854   TIME= 11:04:09
 The estimated error in isolated selected elements (such as element 2834 
 ) defaults to zero regardless of the actual error.                      

 *** WARNING ***                         ELAPSED TIME =      12.856   TIME= 11:04:09
 The estimated error in isolated selected elements (such as element 2835 
 ) defaults to zero regardless of the actual error.                      

 *** WARNING ***                         ELAPSED TIME =      12.858   TIME= 11:04:09
 The estimated error in isolated selected elements (such as element 2836 
 ) defaults to zero regardless of the actual error.                      

 *** WARNING ***                         ELAPSED TIME =      12.860   TIME= 11:04:09
 The estimated error in isolated selected elements (such as element 2837 
 ) defaults to zero regardless of the actual error.                      

 *** WARNING ***                         ELAPSED TIME =      12.862   TIME= 11:04:09
 The estimated error in isolated selected elements (such as element 2838 
 ) defaults to zero regardless of the actual error.                      

 *** WARNING ***                         ELAPSED TIME =      12.863   TIME= 11:04:09
 The estimated error in isolated selected elements (such as element 2839 
 ) defaults to zero regardless of the actual error.                      

 *** WARNING ***                         ELAPSED TIME =      12.865   TIME= 11:04:09
 The estimated error in isolated selected elements (such as element 2840 
 ) defaults to zero regardless of the actual error.                      

 *** WARNING ***                         ELAPSED TIME =      12.867   TIME= 11:04:09
 The estimated error in isolated selected elements (such as element 2841 
 ) defaults to zero regardless of the actual error.                      

 *** WARNING ***                         ELAPSED TIME =      12.868   TIME= 11:04:09
 The estimated error in isolated selected elements (such as element 2842 
 ) defaults to zero regardless of the actual error.                      

 *** WARNING ***                         ELAPSED TIME =      12.870   TIME= 11:04:09
 The estimated error in isolated selected elements (such as element 2843 
 ) defaults to zero regardless of the actual error.                      

 *** WARNING ***                         ELAPSED TIME =      12.872   TIME= 11:04:09
 The estimated error in isolated selected elements (such as element 2844 
 ) defaults to zero regardless of the actual error.                      

 *** WARNING ***                         ELAPSED TIME =      12.874   TIME= 11:04:09
 The estimated error in isolated selected elements (such as element 2845 
 ) defaults to zero regardless of the actual error.                      

 *** WARNING ***                         ELAPSED TIME =      12.875   TIME= 11:04:09
 The estimated error in isolated selected elements (such as element 2846 
 ) defaults to zero regardless of the actual error.                      

 *** WARNING ***                         ELAPSED TIME =      12.877   TIME= 11:04:09
 The estimated error in isolated selected elements (such as element 2847 
 ) defaults to zero regardless of the actual error.                      

 *** WARNING ***                         ELAPSED TIME =      12.879   TIME= 11:04:09
 The estimated error in isolated selected elements (such as element 2848 
 ) defaults to zero regardless of the actual error.                      

 *** WARNING ***                         ELAPSED TIME =      12.881   TIME= 11:04:09
 The estimated error in isolated selected elements (such as element 2849 
 ) defaults to zero regardless of the actual error.                      

 *** WARNING ***                         ELAPSED TIME =      12.882   TIME= 11:04:09
 The estimated error in isolated selected elements (such as element 2850 
 ) defaults to zero regardless of the actual error.                      

 *** WARNING ***                         ELAPSED TIME =      12.884   TIME= 11:04:09
 The estimated error in isolated selected elements (such as element 2851 
 ) defaults to zero regardless of the actual error.                      

 *** WARNING ***                         ELAPSED TIME =      12.886   TIME= 11:04:09
 The estimated error in isolated selected elements (such as element 2852 
 ) defaults to zero regardless of the actual error.                      

 *** WARNING ***                         ELAPSED TIME =      12.888   TIME= 11:04:09
 The estimated error in isolated selected elements (such as element 2853 
 ) defaults to zero regardless of the actual error.                      

 *** WARNING ***                         ELAPSED TIME =      12.890   TIME= 11:04:09
 The estimated error in isolated selected elements (such as element 2854 
 ) defaults to zero regardless of the actual error.                      

 *** WARNING ***                         ELAPSED TIME =      12.892   TIME= 11:04:09
 The estimated error in isolated selected elements (such as element 2855 
 ) defaults to zero regardless of the actual error.                      

 *** WARNING ***                         ELAPSED TIME =      12.893   TIME= 11:04:09
 The estimated error in isolated selected elements (such as element 2856 
 ) defaults to zero regardless of the actual error.                      

 *** WARNING ***                         ELAPSED TIME =      12.895   TIME= 11:04:09
 The estimated error in isolated selected elements (such as element 2857 
 ) defaults to zero regardless of the actual error.                      

 *** WARNING ***                         ELAPSED TIME =      12.897   TIME= 11:04:09
 The estimated error in isolated selected elements (such as element 2858 
 ) defaults to zero regardless of the actual error.                      

 *** WARNING ***                         ELAPSED TIME =      12.899   TIME= 11:04:09
 The estimated error in isolated selected elements (such as element 2859 
 ) defaults to zero regardless of the actual error.                      

 *** WARNING ***                         ELAPSED TIME =      12.901   TIME= 11:04:09
 The estimated error in isolated selected elements (such as element 2860 
 ) defaults to zero regardless of the actual error.                      

 *** WARNING ***                         ELAPSED TIME =      12.904   TIME= 11:04:09
 The estimated error in isolated selected elements (such as element 2861 
 ) defaults to zero regardless of the actual error.                      

 *** WARNING ***                         ELAPSED TIME =      12.906   TIME= 11:04:09
 The estimated error in isolated selected elements (such as element 2862 
 ) defaults to zero regardless of the actual error.                      

 *** WARNING ***                         ELAPSED TIME =      12.908   TIME= 11:04:09
 The estimated error in isolated selected elements (such as element 2863 
 ) defaults to zero regardless of the actual error.                      

 *** WARNING ***                         ELAPSED TIME =      12.909   TIME= 11:04:09
 The estimated error in isolated selected elements (such as element 2864 
 ) defaults to zero regardless of the actual error.                      

 *** WARNING ***                         ELAPSED TIME =      12.911   TIME= 11:04:09
 The estimated error in isolated selected elements (such as element 2865 
 ) defaults to zero regardless of the actual error.                      

 *** WARNING ***                         ELAPSED TIME =      12.913   TIME= 11:04:09
 The estimated error in isolated selected elements (such as element 2866 
 ) defaults to zero regardless of the actual error.                      

 *** WARNING ***                         ELAPSED TIME =      12.915   TIME= 11:04:09
 The estimated error in isolated selected elements (such as element 2867 
 ) defaults to zero regardless of the actual error.                      

 *** WARNING ***                         ELAPSED TIME =      12.917   TIME= 11:04:09
 The estimated error in isolated selected elements (such as element 2868 
 ) defaults to zero regardless of the actual error.                      

 *** WARNING ***                         ELAPSED TIME =      12.919   TIME= 11:04:09
 The estimated error in isolated selected elements (such as element 2869 
 ) defaults to zero regardless of the actual error.                      

 *** WARNING ***                         ELAPSED TIME =      12.921   TIME= 11:04:09
 The estimated error in isolated selected elements (such as element 2870 
 ) defaults to zero regardless of the actual error.                      

 *** WARNING ***                         ELAPSED TIME =      12.923   TIME= 11:04:09
 The estimated error in isolated selected elements (such as element 2871 
 ) defaults to zero regardless of the actual error.                      

 *** WARNING ***                         ELAPSED TIME =      12.925   TIME= 11:04:09
 The estimated error in isolated selected elements (such as element 2872 
 ) defaults to zero regardless of the actual error.                      

 *** WARNING ***                         ELAPSED TIME =      12.927   TIME= 11:04:09
 The estimated error in isolated selected elements (such as element 2873 
 ) defaults to zero regardless of the actual error.                      

 *** WARNING ***                         ELAPSED TIME =      12.929   TIME= 11:04:09
 The estimated error in isolated selected elements (such as element 2874 
 ) defaults to zero regardless of the actual error.                      

 *** WARNING ***                         ELAPSED TIME =      12.930   TIME= 11:04:09
 The estimated error in isolated selected elements (such as element 2875 
 ) defaults to zero regardless of the actual error.                      

 *** WARNING ***                         ELAPSED TIME =      12.932   TIME= 11:04:09
 The estimated error in isolated selected elements (such as element 2876 
 ) defaults to zero regardless of the actual error.                      

 *** WARNING ***                         ELAPSED TIME =      12.935   TIME= 11:04:09
 The estimated error in isolated selected elements (such as element 2877 
 ) defaults to zero regardless of the actual error.                      

 *** WARNING ***                         ELAPSED TIME =      12.936   TIME= 11:04:09
 The estimated error in isolated selected elements (such as element 2878 
 ) defaults to zero regardless of the actual error.                      

 *** WARNING ***                         ELAPSED TIME =      12.938   TIME= 11:04:09
 The estimated error in isolated selected elements (such as element 2879 
 ) defaults to zero regardless of the actual error.                      

 *** WARNING ***                         ELAPSED TIME =      12.940   TIME= 11:04:09
 The estimated error in isolated selected elements (such as element 2880 
 ) defaults to zero regardless of the actual error.                      

 *** WARNING ***                         ELAPSED TIME =      12.941   TIME= 11:04:09
 The estimated error in isolated selected elements (such as element 2881 
 ) defaults to zero regardless of the actual error.                      

 *** WARNING ***                         ELAPSED TIME =      12.943   TIME= 11:04:09
 The estimated error in isolated selected elements (such as element 2882 
 ) defaults to zero regardless of the actual error.                      

 *** WARNING ***                         ELAPSED TIME =      12.945   TIME= 11:04:09
 The estimated error in isolated selected elements (such as element 2883 
 ) defaults to zero regardless of the actual error.                      

 *** WARNING ***                         ELAPSED TIME =      12.947   TIME= 11:04:09
 The estimated error in isolated selected elements (such as element 2884 
 ) defaults to zero regardless of the actual error.                      

 *** WARNING ***                         ELAPSED TIME =      12.950   TIME= 11:04:09
 The estimated error in isolated selected elements (such as element 2885 
 ) defaults to zero regardless of the actual error.                      

 *** WARNING ***                         ELAPSED TIME =      12.951   TIME= 11:04:09
 The estimated error in isolated selected elements (such as element 2886 
 ) defaults to zero regardless of the actual error.                      

 *** WARNING ***                         ELAPSED TIME =      12.953   TIME= 11:04:09
 The estimated error in isolated selected elements (such as element 2887 
 ) defaults to zero regardless of the actual error.                      

 *** WARNING ***                         ELAPSED TIME =      12.955   TIME= 11:04:09
 The estimated error in isolated selected elements (such as element 2888 
 ) defaults to zero regardless of the actual error.                      

 *** WARNING ***                         ELAPSED TIME =      12.957   TIME= 11:04:09
 The estimated error in isolated selected elements (such as element 2889 
 ) defaults to zero regardless of the actual error.                      

 *** WARNING ***                         ELAPSED TIME =      12.958   TIME= 11:04:09
 The estimated error in isolated selected elements (such as element 2890 
 ) defaults to zero regardless of the actual error.                      

 *** WARNING ***                         ELAPSED TIME =      12.960   TIME= 11:04:09
 The estimated error in isolated selected elements (such as element 2891 
 ) defaults to zero regardless of the actual error.                      

 *** WARNING ***                         ELAPSED TIME =      12.962   TIME= 11:04:09
 The estimated error in isolated selected elements (such as element 2892 
 ) defaults to zero regardless of the actual error.                      

 *** WARNING ***                         ELAPSED TIME =      12.964   TIME= 11:04:09
 The estimated error in isolated selected elements (such as element 2893 
 ) defaults to zero regardless of the actual error.                      

 *** WARNING ***                         ELAPSED TIME =      12.967   TIME= 11:04:09
 The estimated error in isolated selected elements (such as element 2894 
 ) defaults to zero regardless of the actual error.                      

 *** WARNING ***                         ELAPSED TIME =      12.969   TIME= 11:04:09
 The estimated error in isolated selected elements (such as element 2895 
 ) defaults to zero regardless of the actual error.                      

 *** WARNING ***                         ELAPSED TIME =      12.971   TIME= 11:04:09
 The estimated error in isolated selected elements (such as element 2896 
 ) defaults to zero regardless of the actual error.                      

 *** WARNING ***                         ELAPSED TIME =      12.972   TIME= 11:04:09
 The estimated error in isolated selected elements (such as element 2897 
 ) defaults to zero regardless of the actual error.                      

 *** WARNING ***                         ELAPSED TIME =      12.974   TIME= 11:04:09
 The estimated error in isolated selected elements (such as element 2898 
 ) defaults to zero regardless of the actual error.                      

 *** WARNING ***                         ELAPSED TIME =      12.976   TIME= 11:04:09
 The estimated error in isolated selected elements (such as element 2899 
 ) defaults to zero regardless of the actual error.                      

 *** WARNING ***                         ELAPSED TIME =      12.978   TIME= 11:04:09
 The estimated error in isolated selected elements (such as element 2900 
 ) defaults to zero regardless of the actual error.                      

 *** WARNING ***                         ELAPSED TIME =      12.979   TIME= 11:04:09
 The estimated error in isolated selected elements (such as element 2901 
 ) defaults to zero regardless of the actual error.                      

 *** WARNING ***                         ELAPSED TIME =      12.981   TIME= 11:04:09
 The estimated error in isolated selected elements (such as element 2902 
 ) defaults to zero regardless of the actual error.                      

 *** WARNING ***                         ELAPSED TIME =      12.984   TIME= 11:04:09
 The estimated error in isolated selected elements (such as element 2903 
 ) defaults to zero regardless of the actual error.                      

 *** WARNING ***                         ELAPSED TIME =      12.987   TIME= 11:04:09
 The estimated error in isolated selected elements (such as element 2904 
 ) defaults to zero regardless of the actual error.                      

 *** WARNING ***                         ELAPSED TIME =      12.990   TIME= 11:04:09
 The estimated error in isolated selected elements (such as element 2905 
 ) defaults to zero regardless of the actual error.                      

 *** WARNING ***                         ELAPSED TIME =      12.992   TIME= 11:04:09
 The estimated error in isolated selected elements (such as element 2906 
 ) defaults to zero regardless of the actual error.                      

 *** WARNING ***                         ELAPSED TIME =      12.995   TIME= 11:04:09
 The estimated error in isolated selected elements (such as element 2907 
 ) defaults to zero regardless of the actual error.                      

 *** WARNING ***                         ELAPSED TIME =      12.998   TIME= 11:04:09
 The estimated error in isolated selected elements (such as element 2908 
 ) defaults to zero regardless of the actual error.                      

 *** WARNING ***                         ELAPSED TIME =      13.002   TIME= 11:04:09
 The estimated error in isolated selected elements (such as element 2909 
 ) defaults to zero regardless of the actual error.                      

 *** WARNING ***                         ELAPSED TIME =      13.004   TIME= 11:04:09
 The estimated error in isolated selected elements (such as element 2910 
 ) defaults to zero regardless of the actual error.                      

 *** WARNING ***                         ELAPSED TIME =      13.007   TIME= 11:04:09
 The estimated error in isolated selected elements (such as element 2911 
 ) defaults to zero regardless of the actual error.                      

 *** WARNING ***                         ELAPSED TIME =      13.010   TIME= 11:04:09
 The estimated error in isolated selected elements (such as element 2912 
 ) defaults to zero regardless of the actual error.                      

 *** WARNING ***                         ELAPSED TIME =      13.013   TIME= 11:04:09
 The estimated error in isolated selected elements (such as element 2913 
 ) defaults to zero regardless of the actual error.                      

 *** WARNING ***                         ELAPSED TIME =      13.016   TIME= 11:04:09
 The estimated error in isolated selected elements (such as element 2914 
 ) defaults to zero regardless of the actual error.                      

 *** WARNING ***                         ELAPSED TIME =      13.019   TIME= 11:04:09
 The estimated error in isolated selected elements (such as element 2915 
 ) defaults to zero regardless of the actual error.                      

 *** WARNING ***                         ELAPSED TIME =      13.021   TIME= 11:04:09
 The estimated error in isolated selected elements (such as element 2916 
 ) defaults to zero regardless of the actual error.                      

 *** WARNING ***                         ELAPSED TIME =      13.023   TIME= 11:04:09
 The estimated error in isolated selected elements (such as element 2917 
 ) defaults to zero regardless of the actual error.                      

 *** WARNING ***                         ELAPSED TIME =      13.026   TIME= 11:04:09
 The estimated error in isolated selected elements (such as element 2918 
 ) defaults to zero regardless of the actual error.                      

 *** WARNING ***                         ELAPSED TIME =      13.029   TIME= 11:04:09
 The estimated error in isolated selected elements (such as element 2919 
 ) defaults to zero regardless of the actual error.                      

 *** WARNING ***                         ELAPSED TIME =      13.032   TIME= 11:04:09
 The estimated error in isolated selected elements (such as element 2920 
 ) defaults to zero regardless of the actual error.                      

 *** WARNING ***                         ELAPSED TIME =      13.034   TIME= 11:04:09
 The estimated error in isolated selected elements (such as element 2921 
 ) defaults to zero regardless of the actual error.                      

 *** WARNING ***                         ELAPSED TIME =      13.036   TIME= 11:04:09
 The estimated error in isolated selected elements (such as element 2922 
 ) defaults to zero regardless of the actual error.                      

 *** WARNING ***                         ELAPSED TIME =      13.038   TIME= 11:04:09
 The estimated error in isolated selected elements (such as element 2923 
 ) defaults to zero regardless of the actual error.                      

 *** WARNING ***                         ELAPSED TIME =      13.040   TIME= 11:04:09
 The estimated error in isolated selected elements (such as element 2924 
 ) defaults to zero regardless of the actual error.                      

 *** WARNING ***                         ELAPSED TIME =      13.042   TIME= 11:04:09
 The estimated error in isolated selected elements (such as element 2925 
 ) defaults to zero regardless of the actual error.                      

 *** WARNING ***                         ELAPSED TIME =      13.045   TIME= 11:04:09
 The estimated error in isolated selected elements (such as element 2926 
 ) defaults to zero regardless of the actual error.                      

 *** WARNING ***                         ELAPSED TIME =      13.047   TIME= 11:04:09
 The estimated error in isolated selected elements (such as element 2927 
 ) defaults to zero regardless of the actual error.                      

 *** WARNING ***                         ELAPSED TIME =      13.050   TIME= 11:04:09
 The estimated error in isolated selected elements (such as element 2928 
 ) defaults to zero regardless of the actual error.                      

 *** WARNING ***                         ELAPSED TIME =      13.052   TIME= 11:04:09
 The estimated error in isolated selected elements (such as element 2929 
 ) defaults to zero regardless of the actual error.                      

 *** WARNING ***                         ELAPSED TIME =      13.054   TIME= 11:04:09
 The estimated error in isolated selected elements (such as element 2930 
 ) defaults to zero regardless of the actual error.                      

 *** WARNING ***                         ELAPSED TIME =      13.057   TIME= 11:04:09
 The estimated error in isolated selected elements (such as element 2931 
 ) defaults to zero regardless of the actual error.                      

 *** WARNING ***                         ELAPSED TIME =      13.059   TIME= 11:04:09
 The estimated error in isolated selected elements (such as element 2932 
 ) defaults to zero regardless of the actual error.                      

 *** WARNING ***                         ELAPSED TIME =      13.063   TIME= 11:04:09
 The estimated error in isolated selected elements (such as element 2933 
 ) defaults to zero regardless of the actual error.                      

 *** WARNING ***                         ELAPSED TIME =      13.065   TIME= 11:04:09
 The estimated error in isolated selected elements (such as element 2934 
 ) defaults to zero regardless of the actual error.                      

 *** WARNING ***                         ELAPSED TIME =      13.067   TIME= 11:04:09
 The estimated error in isolated selected elements (such as element 2935 
 ) defaults to zero regardless of the actual error.                      

 *** WARNING ***                         ELAPSED TIME =      13.069   TIME= 11:04:09
 The estimated error in isolated selected elements (such as element 2936 
 ) defaults to zero regardless of the actual error.                      

 *** WARNING ***                         ELAPSED TIME =      13.071   TIME= 11:04:09
 The estimated error in isolated selected elements (such as element 2937 
 ) defaults to zero regardless of the actual error.                      

 *** WARNING ***                         ELAPSED TIME =      13.073   TIME= 11:04:09
 The estimated error in isolated selected elements (such as element 2938 
 ) defaults to zero regardless of the actual error.                      

 *** WARNING ***                         ELAPSED TIME =      13.076   TIME= 11:04:09
 The estimated error in isolated selected elements (such as element 2939 
 ) defaults to zero regardless of the actual error.                      

 *** WARNING ***                         ELAPSED TIME =      13.079   TIME= 11:04:09
 The estimated error in isolated selected elements (such as element 2940 
 ) defaults to zero regardless of the actual error.                      

 *** WARNING ***                         ELAPSED TIME =      13.082   TIME= 11:04:09
 The estimated error in isolated selected elements (such as element 2941 
 ) defaults to zero regardless of the actual error.                      

 *** WARNING ***                         ELAPSED TIME =      13.084   TIME= 11:04:09
 The estimated error in isolated selected elements (such as element 2942 
 ) defaults to zero regardless of the actual error.                      

 *** WARNING ***                         ELAPSED TIME =      13.086   TIME= 11:04:09
 The estimated error in isolated selected elements (such as element 2943 
 ) defaults to zero regardless of the actual error.                      

 *** WARNING ***                         ELAPSED TIME =      13.089   TIME= 11:04:09
 The estimated error in isolated selected elements (such as element 2944 
 ) defaults to zero regardless of the actual error.                      

 *** WARNING ***                         ELAPSED TIME =      13.092   TIME= 11:04:09
 The estimated error in isolated selected elements (such as element 2945 
 ) defaults to zero regardless of the actual error.                      

 *** WARNING ***                         ELAPSED TIME =      13.094   TIME= 11:04:09
 The estimated error in isolated selected elements (such as element 2946 
 ) defaults to zero regardless of the actual error.                      

 *** WARNING ***                         ELAPSED TIME =      13.096   TIME= 11:04:09
 The estimated error in isolated selected elements (such as element 2947 
 ) defaults to zero regardless of the actual error.                      

 *** WARNING ***                         ELAPSED TIME =      13.099   TIME= 11:04:09
 The estimated error in isolated selected elements (such as element 2948 
 ) defaults to zero regardless of the actual error.                      

 *** WARNING ***                         ELAPSED TIME =      13.101   TIME= 11:04:09
 The estimated error in isolated selected elements (such as element 2949 
 ) defaults to zero regardless of the actual error.                      

 *** WARNING ***                         ELAPSED TIME =      13.103   TIME= 11:04:09
 The estimated error in isolated selected elements (such as element 2950 
 ) defaults to zero regardless of the actual error.                      

 *** WARNING ***                         ELAPSED TIME =      13.105   TIME= 11:04:09
 The estimated error in isolated selected elements (such as element 2951 
 ) defaults to zero regardless of the actual error.                      

 *** WARNING ***                         ELAPSED TIME =      13.108   TIME= 11:04:09
 The estimated error in isolated selected elements (such as element 2952 
 ) defaults to zero regardless of the actual error.                      

 *** WARNING ***                         ELAPSED TIME =      13.110   TIME= 11:04:09
 The estimated error in isolated selected elements (such as element 2953 
 ) defaults to zero regardless of the actual error.                      

 *** WARNING ***                         ELAPSED TIME =      13.112   TIME= 11:04:09
 The estimated error in isolated selected elements (such as element 2954 
 ) defaults to zero regardless of the actual error.                      

 *** WARNING ***                         ELAPSED TIME =      13.114   TIME= 11:04:09
 The estimated error in isolated selected elements (such as element 2955 
 ) defaults to zero regardless of the actual error.                      

 *** WARNING ***                         ELAPSED TIME =      13.116   TIME= 11:04:09
 The estimated error in isolated selected elements (such as element 2956 
 ) defaults to zero regardless of the actual error.                      

 *** WARNING ***                         ELAPSED TIME =      13.118   TIME= 11:04:09
 The estimated error in isolated selected elements (such as element 2957 
 ) defaults to zero regardless of the actual error.                      

 *** WARNING ***                         ELAPSED TIME =      13.120   TIME= 11:04:09
 The estimated error in isolated selected elements (such as element 2958 
 ) defaults to zero regardless of the actual error.                      

 *** WARNING ***                         ELAPSED TIME =      13.122   TIME= 11:04:09
 The estimated error in isolated selected elements (such as element 2959 
 ) defaults to zero regardless of the actual error.                      

 *** WARNING ***                         ELAPSED TIME =      13.125   TIME= 11:04:09
 The estimated error in isolated selected elements (such as element 2960 
 ) defaults to zero regardless of the actual error.                      

 *** WARNING ***                         ELAPSED TIME =      13.127   TIME= 11:04:09
 The estimated error in isolated selected elements (such as element 2961 
 ) defaults to zero regardless of the actual error.                      

 *** WARNING ***                         ELAPSED TIME =      13.129   TIME= 11:04:09
 The estimated error in isolated selected elements (such as element 2962 
 ) defaults to zero regardless of the actual error.                      

 *** WARNING ***                         ELAPSED TIME =      13.131   TIME= 11:04:09
 The estimated error in isolated selected elements (such as element 2963 
 ) defaults to zero regardless of the actual error.                      

 *** WARNING ***                         ELAPSED TIME =      13.134   TIME= 11:04:09
 The estimated error in isolated selected elements (such as element 2964 
 ) defaults to zero regardless of the actual error.                      

 *** WARNING ***                         ELAPSED TIME =      13.136   TIME= 11:04:09
 The estimated error in isolated selected elements (such as element 2965 
 ) defaults to zero regardless of the actual error.                      

 *** WARNING ***                         ELAPSED TIME =      13.138   TIME= 11:04:09
 The estimated error in isolated selected elements (such as element 2966 
 ) defaults to zero regardless of the actual error.                      

 *** WARNING ***                         ELAPSED TIME =      13.140   TIME= 11:04:09
 The estimated error in isolated selected elements (such as element 2967 
 ) defaults to zero regardless of the actual error.                      

 *** WARNING ***                         ELAPSED TIME =      13.142   TIME= 11:04:09
 The estimated error in isolated selected elements (such as element 2968 
 ) defaults to zero regardless of the actual error.                      

 *** WARNING ***                         ELAPSED TIME =      13.144   TIME= 11:04:09
 The estimated error in isolated selected elements (such as element 2969 
 ) defaults to zero regardless of the actual error.                      

 *** WARNING ***                         ELAPSED TIME =      13.146   TIME= 11:04:09
 The estimated error in isolated selected elements (such as element 2970 
 ) defaults to zero regardless of the actual error.                      

 *** WARNING ***                         ELAPSED TIME =      13.148   TIME= 11:04:09
 The estimated error in isolated selected elements (such as element 2971 
 ) defaults to zero regardless of the actual error.                      

 *** WARNING ***                         ELAPSED TIME =      13.151   TIME= 11:04:09
 The estimated error in isolated selected elements (such as element 2972 
 ) defaults to zero regardless of the actual error.                      

 *** WARNING ***                         ELAPSED TIME =      13.153   TIME= 11:04:09
 The estimated error in isolated selected elements (such as element 2973 
 ) defaults to zero regardless of the actual error.                      

 *** WARNING ***                         ELAPSED TIME =      13.155   TIME= 11:04:09
 The estimated error in isolated selected elements (such as element 2974 
 ) defaults to zero regardless of the actual error.                      

 *** WARNING ***                         ELAPSED TIME =      13.158   TIME= 11:04:09
 The estimated error in isolated selected elements (such as element 2975 
 ) defaults to zero regardless of the actual error.                      

 *** WARNING ***                         ELAPSED TIME =      13.160   TIME= 11:04:09
 The estimated error in isolated selected elements (such as element 2976 
 ) defaults to zero regardless of the actual error.                      

 *** WARNING ***                         ELAPSED TIME =      13.162   TIME= 11:04:09
 The estimated error in isolated selected elements (such as element 2977 
 ) defaults to zero regardless of the actual error.                      

 *** WARNING ***                         ELAPSED TIME =      13.164   TIME= 11:04:09
 The estimated error in isolated selected elements (such as element 2978 
 ) defaults to zero regardless of the actual error.                      

 *** WARNING ***                         ELAPSED TIME =      13.166   TIME= 11:04:09
 The estimated error in isolated selected elements (such as element 2979 
 ) defaults to zero regardless of the actual error.                      

 *** WARNING ***                         ELAPSED TIME =      13.168   TIME= 11:04:09
 The estimated error in isolated selected elements (such as element 2980 
 ) defaults to zero regardless of the actual error.                      

 *** WARNING ***                         ELAPSED TIME =      13.170   TIME= 11:04:09
 The estimated error in isolated selected elements (such as element 2981 
 ) defaults to zero regardless of the actual error.                      

 *** WARNING ***                         ELAPSED TIME =      13.173   TIME= 11:04:09
 The estimated error in isolated selected elements (such as element 2982 
 ) defaults to zero regardless of the actual error.                      

 *** WARNING ***                         ELAPSED TIME =      13.175   TIME= 11:04:09
 The estimated error in isolated selected elements (such as element 2983 
 ) defaults to zero regardless of the actual error.                      

 *** WARNING ***                         ELAPSED TIME =      13.177   TIME= 11:04:09
 The estimated error in isolated selected elements (such as element 2984 
 ) defaults to zero regardless of the actual error.                      

 *** WARNING ***                         ELAPSED TIME =      13.179   TIME= 11:04:09
 The estimated error in isolated selected elements (such as element 2985 
 ) defaults to zero regardless of the actual error.                      

 *** WARNING ***                         ELAPSED TIME =      13.181   TIME= 11:04:09
 The estimated error in isolated selected elements (such as element 2986 
 ) defaults to zero regardless of the actual error.                      

 *** WARNING ***                         ELAPSED TIME =      13.184   TIME= 11:04:10
 The estimated error in isolated selected elements (such as element 2987 
 ) defaults to zero regardless of the actual error.                      

 *** WARNING ***                         ELAPSED TIME =      13.186   TIME= 11:04:10
 The estimated error in isolated selected elements (such as element 2988 
 ) defaults to zero regardless of the actual error.                      

 *** WARNING ***                         ELAPSED TIME =      13.188   TIME= 11:04:10
 The estimated error in isolated selected elements (such as element 2989 
 ) defaults to zero regardless of the actual error.                      

 *** WARNING ***                         ELAPSED TIME =      13.190   TIME= 11:04:10
 The estimated error in isolated selected elements (such as element 2990 
 ) defaults to zero regardless of the actual error.                      

 *** WARNING ***                         ELAPSED TIME =      13.192   TIME= 11:04:10
 The estimated error in isolated selected elements (such as element 2991 
 ) defaults to zero regardless of the actual error.                      

 *** WARNING ***                         ELAPSED TIME =      13.195   TIME= 11:04:10
 The estimated error in isolated selected elements (such as element 2992 
 ) defaults to zero regardless of the actual error.                      

 *** WARNING ***                         ELAPSED TIME =      13.197   TIME= 11:04:10
 The estimated error in isolated selected elements (such as element 2993 
 ) defaults to zero regardless of the actual error.                      

 *** WARNING ***                         ELAPSED TIME =      13.199   TIME= 11:04:10
 The estimated error in isolated selected elements (such as element 2994 
 ) defaults to zero regardless of the actual error.                      

 *** WARNING ***                         ELAPSED TIME =      13.201   TIME= 11:04:10
 The estimated error in isolated selected elements (such as element 2995 
 ) defaults to zero regardless of the actual error.                      

 *** WARNING ***                         ELAPSED TIME =      13.204   TIME= 11:04:10
 The estimated error in isolated selected elements (such as element 2996 
 ) defaults to zero regardless of the actual error.                      

 *** WARNING ***                         ELAPSED TIME =      13.208   TIME= 11:04:10
 The estimated error in isolated selected elements (such as element 2997 
 ) defaults to zero regardless of the actual error.                      

 *** WARNING ***                         ELAPSED TIME =      13.210   TIME= 11:04:10
 The estimated error in isolated selected elements (such as element 2998 
 ) defaults to zero regardless of the actual error.                      

 *** WARNING ***                         ELAPSED TIME =      13.213   TIME= 11:04:10
 The estimated error in isolated selected elements (such as element 2999 
 ) defaults to zero regardless of the actual error.                      

 *** WARNING ***                         ELAPSED TIME =      13.215   TIME= 11:04:10
 The estimated error in isolated selected elements (such as element 3000 
 ) defaults to zero regardless of the actual error.                      

 *** WARNING ***                         ELAPSED TIME =      13.217   TIME= 11:04:10
 The estimated error in isolated selected elements (such as element 3001 
 ) defaults to zero regardless of the actual error.                      

 *** WARNING ***                         ELAPSED TIME =      13.220   TIME= 11:04:10
 The estimated error in isolated selected elements (such as element 3002 
 ) defaults to zero regardless of the actual error.                      

 *** WARNING ***                         ELAPSED TIME =      13.223   TIME= 11:04:10
 The estimated error in isolated selected elements (such as element 3003 
 ) defaults to zero regardless of the actual error.                      

 *** WARNING ***                         ELAPSED TIME =      13.225   TIME= 11:04:10
 The estimated error in isolated selected elements (such as element 3004 
 ) defaults to zero regardless of the actual error.                      

 *** WARNING ***                         ELAPSED TIME =      13.228   TIME= 11:04:10
 The estimated error in isolated selected elements (such as element 3005 
 ) defaults to zero regardless of the actual error.                      

 *** WARNING ***                         ELAPSED TIME =      13.230   TIME= 11:04:10
 The estimated error in isolated selected elements (such as element 3006 
 ) defaults to zero regardless of the actual error.                      

 *** WARNING ***                         ELAPSED TIME =      13.232   TIME= 11:04:10
 The estimated error in isolated selected elements (such as element 3007 
 ) defaults to zero regardless of the actual error.                      

 *** WARNING ***                         ELAPSED TIME =      13.235   TIME= 11:04:10
 The estimated error in isolated selected elements (such as element 3008 
 ) defaults to zero regardless of the actual error.                      

 *** WARNING ***                         ELAPSED TIME =      13.237   TIME= 11:04:10
 The estimated error in isolated selected elements (such as element 3009 
 ) defaults to zero regardless of the actual error.                      

 *** WARNING ***                         ELAPSED TIME =      13.239   TIME= 11:04:10
 The estimated error in isolated selected elements (such as element 3010 
 ) defaults to zero regardless of the actual error.                      

 *** WARNING ***                         ELAPSED TIME =      13.242   TIME= 11:04:10
 The estimated error in isolated selected elements (such as element 3011 
 ) defaults to zero regardless of the actual error.                      

 *** WARNING ***                         ELAPSED TIME =      13.244   TIME= 11:04:10
 The estimated error in isolated selected elements (such as element 3012 
 ) defaults to zero regardless of the actual error.                      

 *** WARNING ***                         ELAPSED TIME =      13.246   TIME= 11:04:10
 The estimated error in isolated selected elements (such as element 3013 
 ) defaults to zero regardless of the actual error.                      

 *** WARNING ***                         ELAPSED TIME =      13.248   TIME= 11:04:10
 The estimated error in isolated selected elements (such as element 3014 
 ) defaults to zero regardless of the actual error.                      

 *** WARNING ***                         ELAPSED TIME =      13.250   TIME= 11:04:10
 The estimated error in isolated selected elements (such as element 3015 
 ) defaults to zero regardless of the actual error.                      

 *** WARNING ***                         ELAPSED TIME =      13.252   TIME= 11:04:10
 The estimated error in isolated selected elements (such as element 3016 
 ) defaults to zero regardless of the actual error.                      

 *** WARNING ***                         ELAPSED TIME =      13.254   TIME= 11:04:10
 The estimated error in isolated selected elements (such as element 3017 
 ) defaults to zero regardless of the actual error.                      

 *** WARNING ***                         ELAPSED TIME =      13.256   TIME= 11:04:10
 The estimated error in isolated selected elements (such as element 3018 
 ) defaults to zero regardless of the actual error.                      

 *** WARNING ***                         ELAPSED TIME =      13.258   TIME= 11:04:10
 The estimated error in isolated selected elements (such as element 3019 
 ) defaults to zero regardless of the actual error.                      

 *** WARNING ***                         ELAPSED TIME =      13.261   TIME= 11:04:10
 The estimated error in isolated selected elements (such as element 3020 
 ) defaults to zero regardless of the actual error.                      

 *** WARNING ***                         ELAPSED TIME =      13.263   TIME= 11:04:10
 The estimated error in isolated selected elements (such as element 3021 
 ) defaults to zero regardless of the actual error.                      

 *** WARNING ***                         ELAPSED TIME =      13.265   TIME= 11:04:10
 The estimated error in isolated selected elements (such as element 3022 
 ) defaults to zero regardless of the actual error.                      

 *** WARNING ***                         ELAPSED TIME =      13.267   TIME= 11:04:10
 The estimated error in isolated selected elements (such as element 3023 
 ) defaults to zero regardless of the actual error.                      

 *** WARNING ***                         ELAPSED TIME =      13.269   TIME= 11:04:10
 The estimated error in isolated selected elements (such as element 3024 
 ) defaults to zero regardless of the actual error.                      

 *** WARNING ***                         ELAPSED TIME =      13.271   TIME= 11:04:10
 The estimated error in isolated selected elements (such as element 3025 
 ) defaults to zero regardless of the actual error.                      

 *** WARNING ***                         ELAPSED TIME =      13.274   TIME= 11:04:10
 The estimated error in isolated selected elements (such as element 3026 
 ) defaults to zero regardless of the actual error.                      

 *** WARNING ***                         ELAPSED TIME =      13.276   TIME= 11:04:10
 The estimated error in isolated selected elements (such as element 3027 
 ) defaults to zero regardless of the actual error.                      

 *** WARNING ***                         ELAPSED TIME =      13.278   TIME= 11:04:10
 The estimated error in isolated selected elements (such as element 3028 
 ) defaults to zero regardless of the actual error.                      

 *** WARNING ***                         ELAPSED TIME =      13.282   TIME= 11:04:10
 The estimated error in isolated selected elements (such as element 3029 
 ) defaults to zero regardless of the actual error.                      

 *** WARNING ***                         ELAPSED TIME =      13.286   TIME= 11:04:10
 The estimated error in isolated selected elements (such as element 3030 
 ) defaults to zero regardless of the actual error.                      

 *** WARNING ***                         ELAPSED TIME =      13.289   TIME= 11:04:10
 The estimated error in isolated selected elements (such as element 3031 
 ) defaults to zero regardless of the actual error.                      

 *** WARNING ***                         ELAPSED TIME =      13.291   TIME= 11:04:10
 The estimated error in isolated selected elements (such as element 3032 
 ) defaults to zero regardless of the actual error.                      

 *** WARNING ***                         ELAPSED TIME =      13.293   TIME= 11:04:10
 The estimated error in isolated selected elements (such as element 3033 
 ) defaults to zero regardless of the actual error.                      

 *** WARNING ***                         ELAPSED TIME =      13.295   TIME= 11:04:10
 The estimated error in isolated selected elements (such as element 3034 
 ) defaults to zero regardless of the actual error.                      

 *** WARNING ***                         ELAPSED TIME =      13.298   TIME= 11:04:10
 The estimated error in isolated selected elements (such as element 3035 
 ) defaults to zero regardless of the actual error.                      

 *** WARNING ***                         ELAPSED TIME =      13.300   TIME= 11:04:10
 The estimated error in isolated selected elements (such as element 3036 
 ) defaults to zero regardless of the actual error.                      

 *** WARNING ***                         ELAPSED TIME =      13.302   TIME= 11:04:10
 The estimated error in isolated selected elements (such as element 3037 
 ) defaults to zero regardless of the actual error.                      

 *** WARNING ***                         ELAPSED TIME =      13.304   TIME= 11:04:10
 The estimated error in isolated selected elements (such as element 3038 
 ) defaults to zero regardless of the actual error.                      

 *** WARNING ***                         ELAPSED TIME =      13.306   TIME= 11:04:10
 The estimated error in isolated selected elements (such as element 3039 
 ) defaults to zero regardless of the actual error.                      

 *** WARNING ***                         ELAPSED TIME =      13.307   TIME= 11:04:10
 The estimated error in isolated selected elements (such as element 3040 
 ) defaults to zero regardless of the actual error.                      

 *** WARNING ***                         ELAPSED TIME =      13.309   TIME= 11:04:10
 The estimated error in isolated selected elements (such as element 3041 
 ) defaults to zero regardless of the actual error.                      

 *** WARNING ***                         ELAPSED TIME =      13.311   TIME= 11:04:10
 The estimated error in isolated selected elements (such as element 3042 
 ) defaults to zero regardless of the actual error.                      

 *** WARNING ***                         ELAPSED TIME =      13.313   TIME= 11:04:10
 The estimated error in isolated selected elements (such as element 3043 
 ) defaults to zero regardless of the actual error.                      

 *** WARNING ***                         ELAPSED TIME =      13.315   TIME= 11:04:10
 The estimated error in isolated selected elements (such as element 3044 
 ) defaults to zero regardless of the actual error.                      

 *** WARNING ***                         ELAPSED TIME =      13.317   TIME= 11:04:10
 The estimated error in isolated selected elements (such as element 3045 
 ) defaults to zero regardless of the actual error.                      

 *** WARNING ***                         ELAPSED TIME =      13.319   TIME= 11:04:10
 The estimated error in isolated selected elements (such as element 3046 
 ) defaults to zero regardless of the actual error.                      

 *** WARNING ***                         ELAPSED TIME =      13.321   TIME= 11:04:10
 The estimated error in isolated selected elements (such as element 3047 
 ) defaults to zero regardless of the actual error.                      

 *** WARNING ***                         ELAPSED TIME =      13.322   TIME= 11:04:10
 The estimated error in isolated selected elements (such as element 3048 
 ) defaults to zero regardless of the actual error.                      

 *** WARNING ***                         ELAPSED TIME =      13.324   TIME= 11:04:10
 The estimated error in isolated selected elements (such as element 3049 
 ) defaults to zero regardless of the actual error.                      

 *** WARNING ***                         ELAPSED TIME =      13.326   TIME= 11:04:10
 The estimated error in isolated selected elements (such as element 3050 
 ) defaults to zero regardless of the actual error.                      

 *** WARNING ***                         ELAPSED TIME =      13.328   TIME= 11:04:10
 The estimated error in isolated selected elements (such as element 3051 
 ) defaults to zero regardless of the actual error.                      

 *** WARNING ***                         ELAPSED TIME =      13.330   TIME= 11:04:10
 The estimated error in isolated selected elements (such as element 3052 
 ) defaults to zero regardless of the actual error.                      

 *** WARNING ***                         ELAPSED TIME =      13.332   TIME= 11:04:10
 The estimated error in isolated selected elements (such as element 3053 
 ) defaults to zero regardless of the actual error.                      

 *** WARNING ***                         ELAPSED TIME =      13.334   TIME= 11:04:10
 The estimated error in isolated selected elements (such as element 3054 
 ) defaults to zero regardless of the actual error.                      

 *** WARNING ***                         ELAPSED TIME =      13.336   TIME= 11:04:10
 The estimated error in isolated selected elements (such as element 3055 
 ) defaults to zero regardless of the actual error.                      

 *** WARNING ***                         ELAPSED TIME =      13.337   TIME= 11:04:10
 The estimated error in isolated selected elements (such as element 3056 
 ) defaults to zero regardless of the actual error.                      

 *** WARNING ***                         ELAPSED TIME =      13.339   TIME= 11:04:10
 The estimated error in isolated selected elements (such as element 3057 
 ) defaults to zero regardless of the actual error.                      

 *** WARNING ***                         ELAPSED TIME =      13.341   TIME= 11:04:10
 The estimated error in isolated selected elements (such as element 3058 
 ) defaults to zero regardless of the actual error.                      

 *** WARNING ***                         ELAPSED TIME =      13.343   TIME= 11:04:10
 The estimated error in isolated selected elements (such as element 3059 
 ) defaults to zero regardless of the actual error.                      

 *** WARNING ***                         ELAPSED TIME =      13.346   TIME= 11:04:10
 The estimated error in isolated selected elements (such as element 3060 
 ) defaults to zero regardless of the actual error.                      

 *** WARNING ***                         ELAPSED TIME =      13.348   TIME= 11:04:10
 The estimated error in isolated selected elements (such as element 3061 
 ) defaults to zero regardless of the actual error.                      

 *** WARNING ***                         ELAPSED TIME =      13.350   TIME= 11:04:10
 The estimated error in isolated selected elements (such as element 3062 
 ) defaults to zero regardless of the actual error.                      

 *** WARNING ***                         ELAPSED TIME =      13.352   TIME= 11:04:10
 The estimated error in isolated selected elements (such as element 3063 
 ) defaults to zero regardless of the actual error.                      

 *** WARNING ***                         ELAPSED TIME =      13.354   TIME= 11:04:10
 The estimated error in isolated selected elements (such as element 3064 
 ) defaults to zero regardless of the actual error.                      

 *** WARNING ***                         ELAPSED TIME =      13.356   TIME= 11:04:10
 The estimated error in isolated selected elements (such as element 3065 
 ) defaults to zero regardless of the actual error.                      

 *** WARNING ***                         ELAPSED TIME =      13.358   TIME= 11:04:10
 The estimated error in isolated selected elements (such as element 3066 
 ) defaults to zero regardless of the actual error.                      

 *** WARNING ***                         ELAPSED TIME =      13.360   TIME= 11:04:10
 The estimated error in isolated selected elements (such as element 3067 
 ) defaults to zero regardless of the actual error.                      

 *** WARNING ***                         ELAPSED TIME =      13.362   TIME= 11:04:10
 The estimated error in isolated selected elements (such as element 3068 
 ) defaults to zero regardless of the actual error.                      

 *** WARNING ***                         ELAPSED TIME =      13.364   TIME= 11:04:10
 The estimated error in isolated selected elements (such as element 3069 
 ) defaults to zero regardless of the actual error.                      

 *** WARNING ***                         ELAPSED TIME =      13.366   TIME= 11:04:10
 The estimated error in isolated selected elements (such as element 3070 
 ) defaults to zero regardless of the actual error.                      

 *** WARNING ***                         ELAPSED TIME =      13.367   TIME= 11:04:10
 The estimated error in isolated selected elements (such as element 3071 
 ) defaults to zero regardless of the actual error.                      

 *** WARNING ***                         ELAPSED TIME =      13.369   TIME= 11:04:10
 The estimated error in isolated selected elements (such as element 3072 
 ) defaults to zero regardless of the actual error.                      

 *** WARNING ***                         ELAPSED TIME =      13.371   TIME= 11:04:10
 The estimated error in isolated selected elements (such as element 3073 
 ) defaults to zero regardless of the actual error.                      

 *** WARNING ***                         ELAPSED TIME =      13.373   TIME= 11:04:10
 The estimated error in isolated selected elements (such as element 3074 
 ) defaults to zero regardless of the actual error.                      

 *** WARNING ***                         ELAPSED TIME =      13.374   TIME= 11:04:10
 The estimated error in isolated selected elements (such as element 3075 
 ) defaults to zero regardless of the actual error.                      

 *** WARNING ***                         ELAPSED TIME =      13.376   TIME= 11:04:10
 The estimated error in isolated selected elements (such as element 3076 
 ) defaults to zero regardless of the actual error.                      

 *** WARNING ***                         ELAPSED TIME =      13.378   TIME= 11:04:10
 The estimated error in isolated selected elements (such as element 3077 
 ) defaults to zero regardless of the actual error.                      

 *** WARNING ***                         ELAPSED TIME =      13.380   TIME= 11:04:10
 The estimated error in isolated selected elements (such as element 3078 
 ) defaults to zero regardless of the actual error.                      

 *** WARNING ***                         ELAPSED TIME =      13.382   TIME= 11:04:10
 The estimated error in isolated selected elements (such as element 3079 
 ) defaults to zero regardless of the actual error.                      

 *** WARNING ***                         ELAPSED TIME =      13.383   TIME= 11:04:10
 The estimated error in isolated selected elements (such as element 3080 
 ) defaults to zero regardless of the actual error.                      

 *** WARNING ***                         ELAPSED TIME =      13.385   TIME= 11:04:10
 The estimated error in isolated selected elements (such as element 3081 
 ) defaults to zero regardless of the actual error.                      
