# elem_id    node_id        X            Y            Z         Damage        N_failure
     2679          1  -1.560580E-01  -1.996880E-02   2.814500E-02   0.000000E+00   1.797693+308
     2717          2  -1.547870E-01  -2.320860E-02   3.101120E-02   0.000000E+00   1.797693+308
     1930          3  -1.513800E-01  -2.541980E-02   3.296740E-02   0.000000E+00   1.797693+308
     2792          4  -1.469180E-01  -2.590030E-02   3.339250E-02   0.000000E+00   1.797693+308
     1935          5  -1.428170E-01  -2.449760E-02   3.215160E-02   0.000000E+00   1.797693+308
     1034          6  -1.403800E-01  -2.165700E-02   2.963860E-02   0.000000E+00   1.797693+308
     5805          7  -1.403800E-01  -1.828050E-02   2.665140E-02   0.000000E+00   1.797693+308
     2566          8  -1.428170E-01  -1.543990E-02   2.413840E-02   0.000000E+00   1.797693+308
     2571          9  -1.469180E-01  -1.403720E-02   2.289750E-02   0.000000E+00   1.797693+308
     6214         10  -1.513800E-01  -1.451770E-02   2.332260E-02   0.000000E+00   1.797693+308
     6210         11  -1.547870E-01  -1.672890E-02   2.527880E-02   0.000000E+00   1.797693+308
     2827         12  -1.443850E-01  -2.568620E-02   3.659440E-02   0.000000E+00   1.797693+308
     1088         13  -1.490350E-01  -2.614660E-02   3.700170E-02   0.000000E+00   1.797693+308
     1678         14  -1.534920E-01  -2.505000E-02   3.603160E-02   0.000000E+00   1.797693+308
     1079         15  -1.568730E-01  -2.261370E-02   3.387620E-02   0.000000E+00   1.797693+308
     5089         16  -1.585070E-01  -1.932020E-02   3.096260E-02   0.000000E+00   1.797693+308
     6495         17  -1.580710E-01  -1.582180E-02   2.786760E-02   0.000000E+00   1.797693+308
     6497         18  -1.556520E-01  -1.281140E-02   2.520440E-02   0.000000E+00   1.797693+308
     2547         19  -1.517290E-01  -1.088530E-02   2.350040E-02   0.000000E+00   1.797693+308
     2540         20  -1.470780E-01  -1.042490E-02   2.309310E-02   0.000000E+00   1.797693+308
     2565         21  -1.426210E-01  -1.152150E-02   2.406320E-02   0.000000E+00   1.797693+308
     2643         22  -1.392410E-01  -1.395780E-02   2.621860E-02   0.000000E+00   1.797693+308
     2645         23  -1.376060E-01  -1.725130E-02   2.913220E-02   0.000000E+00   1.797693+308
     1041         24  -1.380420E-01  -2.074970E-02   3.222720E-02   0.000000E+00   1.797693+308
     2829         25  -1.404610E-01  -2.376010E-02   3.489040E-02   0.000000E+00   1.797693+308
     1910         26  -1.533910E-01  -1.996880E-02   2.814500E-02   0.000000E+00   1.797693+308
     1930         27  -1.513820E-01  -2.309220E-02   3.090820E-02   0.000000E+00   1.797693+308
     1935         28  -1.468700E-01  -2.386360E-02   3.159070E-02   1.714841E-06   1.797693+308
     1908         29  -1.432510E-01  -2.170210E-02   2.967850E-02   5.067165E-06   1.797693+308
     1908         30  -1.432510E-01  -1.823540E-02   2.661150E-02   0.000000E+00   1.797693+308
     2580         31  -1.468700E-01  -1.607390E-02   2.469930E-02   0.000000E+00   1.797693+308
     6217         32  -1.513820E-01  -1.684530E-02   2.538180E-02   0.000000E+00   1.797693+308
     2782         33  -1.380350E-01  -1.107470E-02   4.312930E-02   0.000000E+00   1.797693+308
     2846         34  -1.443850E-01  -1.715550E-02   4.623710E-02   0.000000E+00   1.797693+308
     2845         35  -1.404260E-01  -1.478740E-02   4.498700E-02   0.000000E+00   1.797693+308
     5715         36  -1.380350E-01  -6.180680E-03   3.879970E-02   0.000000E+00   1.797693+308
     2782         37  -1.375200E-01  -8.430740E-03   4.118710E-02   0.000000E+00   1.797693+308
     2654         38  -1.443850E-01  -2.354630E-03   3.314310E-02   0.000000E+00   1.797693+308
     2653         39  -1.404260E-01  -3.884410E-03   3.534120E-02   0.000000E+00   1.797693+308
     1970         40  -1.488180E-01  -1.762940E-02   4.665630E-02   0.000000E+00   1.797693+308
     1943         41  -1.531150E-01  -1.668180E-02   4.581800E-02   0.000000E+00   1.797693+308
     1943         42  -1.564980E-01  -1.448380E-02   4.387350E-02   0.000000E+00   1.797693+308
     1922         43  -1.583570E-01  -1.143220E-02   4.117390E-02   0.000000E+00   1.797693+308
     1902         44  -1.583570E-01  -8.077910E-03   3.820640E-02   0.000000E+00   1.797693+308
     2521         45  -1.564980E-01  -5.026330E-03   3.550670E-02   0.000000E+00   1.797693+308
      581         46  -1.531150E-01  -2.828370E-03   3.356220E-02   0.000000E+00   1.797693+308
      573         47  -1.488180E-01  -1.880780E-03   3.272390E-02   0.000000E+00   1.797693+308
     2677         48  -1.533910E-01  -2.516920E-02   2.226660E-02   0.000000E+00   1.797693+308
     2718         49  -1.513820E-01  -2.829270E-02   2.502980E-02   0.000000E+00   1.797693+308
     1950         50  -1.468700E-01  -2.906410E-02   2.571230E-02   1.838083E-06   1.797693+308
     1909         51  -1.432510E-01  -2.690260E-02   2.380010E-02   2.464238E-05   1.797693+308
     1909         52  -1.432510E-01  -2.343590E-02   2.073310E-02   2.015628E-05   1.797693+308
     2569         53  -1.468700E-01  -2.127440E-02   1.882090E-02   0.000000E+00   1.797693+308
     2545         54  -1.513820E-01  -2.204580E-02   1.950340E-02   0.000000E+00   1.797693+308
     6203         55  -1.560580E-01   1.903120E-02  -6.357300E-03   0.000000E+00   1.797693+308
     2295         56  -1.547870E-01   1.579140E-02  -3.491120E-03   0.000000E+00   1.797693+308
     2345         57  -1.513800E-01   1.358020E-02  -1.534920E-03   0.000000E+00   1.797693+308
     2345         58  -1.469180E-01   1.309960E-02  -1.109800E-03   0.000000E+00   1.797693+308
     5770         59  -1.428170E-01   1.450230E-02  -2.350730E-03   0.000000E+00   1.797693+308
     1871         60  -1.403800E-01   1.734290E-02  -4.863710E-03   0.000000E+00   1.797693+308
     1867         61  -1.403800E-01   2.071950E-02  -7.850890E-03   0.000000E+00   1.797693+308
     1858         62  -1.428170E-01   2.356000E-02  -1.036390E-02   0.000000E+00   1.797693+308
     6206         63  -1.469180E-01   2.496270E-02  -1.160480E-02   0.000000E+00   1.797693+308
     1850         64  -1.513800E-01   2.448220E-02  -1.117970E-02   0.000000E+00   1.797693+308
     1854         65  -1.547870E-01   2.227100E-02  -9.223480E-03   0.000000E+00   1.797693+308
     1726         66  -1.443850E-01   1.331370E-02   2.092090E-03   0.000000E+00   1.797693+308
     1724         67  -1.490350E-01   1.285340E-02   2.499380E-03   0.000000E+00   1.797693+308
     2283         68  -1.534920E-01   1.394990E-02   1.529280E-03   0.000000E+00   1.797693+308
     2242         69  -1.568730E-01   1.638620E-02  -6.260620E-04   0.000000E+00   1.797693+308
     2211         70  -1.585070E-01   1.967970E-02  -3.539750E-03   0.000000E+00   1.797693+308
     5741         71  -1.580710E-01   2.317810E-02  -6.634700E-03   0.000000E+00   1.797693+308
     5741         72  -1.556520E-01   2.618850E-02  -9.297910E-03   0.000000E+00   1.797693+308
     2222         73  -1.517290E-01   2.811460E-02  -1.100190E-02   0.000000E+00   1.797693+308
     1241         74  -1.470780E-01   2.857500E-02  -1.140920E-02   0.000000E+00   1.797693+308
     5750         75  -1.426210E-01   2.747850E-02  -1.043910E-02   0.000000E+00   1.797693+308
     5750         76  -1.392410E-01   2.504220E-02  -8.283750E-03   0.000000E+00   1.797693+308
     5524         77  -1.376060E-01   2.174860E-02  -5.370060E-03   0.000000E+00   1.797693+308
     2433         78  -1.380420E-01   1.825020E-02  -2.275120E-03   0.000000E+00   1.797693+308
     5017         79  -1.404610E-01   1.523990E-02   3.880960E-04   0.000000E+00   1.797693+308
     1854         80  -1.532130E-01   1.903120E-02  -6.357300E-03   0.000000E+00   1.797693+308
     1853         81  -1.512710E-01   2.205050E-02  -9.028420E-03   0.000000E+00   1.797693+308
     1858         82  -1.469090E-01   2.279620E-02  -9.688140E-03   0.000000E+00   1.797693+308
     1858         83  -1.434110E-01   2.070680E-02  -7.839660E-03   0.000000E+00   1.797693+308
     1867         84  -1.434110E-01   1.735560E-02  -4.874940E-03   0.000000E+00   1.797693+308
     1874         85  -1.469090E-01   1.526620E-02  -3.026460E-03   0.000000E+00   1.797693+308
     2357         86  -1.512710E-01   1.601190E-02  -3.686180E-03   0.000000E+00   1.797693+308
     1855         87  -1.532130E-01   1.383070E-02  -1.223570E-02   0.000000E+00   1.797693+308
     2240         88  -1.512710E-01   1.685000E-02  -1.490680E-02   0.000000E+00   1.797693+308
     1862         89  -1.469090E-01   1.759570E-02  -1.556650E-02   0.000000E+00   1.797693+308
     1862         90  -1.434110E-01   1.550630E-02  -1.371810E-02   0.000000E+00   1.797693+308
     1870         91  -1.434110E-01   1.215510E-02  -1.075330E-02   0.000000E+00   1.797693+308
     2426         92  -1.469090E-01   1.006570E-02  -8.904860E-03   0.000000E+00   1.797693+308
     1855         93  -1.512710E-01   1.081140E-02  -9.564570E-03   0.000000E+00   1.797693+308
     5711         94  -1.380350E-01   2.792530E-02   8.626960E-03   0.000000E+00   1.797693+308
     1866         95  -1.443850E-01   2.184440E-02   1.173480E-02   0.000000E+00   1.797693+308
     1866         96  -1.404260E-01   2.421250E-02   1.048470E-02   0.000000E+00   1.797693+308
     2361         97  -1.380350E-01   3.281930E-02   4.297370E-03   0.000000E+00   1.797693+308
     2463         98  -1.375200E-01   3.056920E-02   6.684770E-03   0.000000E+00   1.797693+308
     1218         99  -1.443850E-01   3.664530E-02  -1.359200E-03   0.000000E+00   1.797693+308
     1218        100  -1.404260E-01   3.511550E-02   8.389230E-04   0.000000E+00   1.797693+308
     2301        101  -1.488180E-01   2.137060E-02   1.215400E-02   0.000000E+00   1.797693+308
     2194        102  -1.531150E-01   2.231820E-02   1.131570E-02   0.000000E+00   1.797693+308
     1809        103  -1.564980E-01   2.451610E-02   9.371210E-03   0.000000E+00   1.797693+308
     1809        104  -1.583570E-01   2.756770E-02   6.671550E-03   0.000000E+00   1.797693+308
     1758        105  -1.583570E-01   3.092200E-02   3.704050E-03   0.000000E+00   1.797693+308
     1764        106  -1.564980E-01   3.397360E-02   1.004400E-03   0.000000E+00   1.797693+308
     1764        107  -1.531150E-01   3.617160E-02  -9.400880E-04   0.000000E+00   1.797693+308
     5699        108  -1.488180E-01   3.711920E-02  -1.778400E-03   0.000000E+00   1.797693+308
     6003        109  -8.001000E-03  -2.333610E-02   3.112400E-02   0.000000E+00   1.797693+308
     5729        110  -6.730870E-03  -2.657590E-02   3.399020E-02   0.000000E+00   1.797693+308
     2067        111  -3.323740E-03  -2.878710E-02   3.594640E-02   0.000000E+00   1.797693+308
     2077        112   1.138660E-03  -2.926760E-02   3.637150E-02   0.000000E+00   1.797693+308
     4476        113   5.239540E-03  -2.786490E-02   3.513060E-02   0.000000E+00   1.797693+308
     4481        114   7.676900E-03  -2.502440E-02   3.261760E-02   0.000000E+00   1.797693+308
     5299        115   7.676900E-03  -2.164780E-02   2.963040E-02   0.000000E+00   1.797693+308
     4360        116   5.239540E-03  -1.880720E-02   2.711740E-02   0.000000E+00   1.797693+308
     4119        117   1.138660E-03  -1.740450E-02   2.587650E-02   0.000000E+00   1.797693+308
     4018        118  -3.323740E-03  -1.788510E-02   2.630160E-02   0.000000E+00   1.797693+308
     6009        119  -6.730870E-03  -2.009630E-02   2.825780E-02   0.000000E+00   1.797693+308
     4012        120  -3.671900E-03  -1.425260E-02   2.647940E-02   0.000000E+00   1.797693+308
     5354        121   9.788390E-04  -1.379220E-02   2.607210E-02   0.000000E+00   1.797693+308
     5352        122   5.435710E-03  -1.488880E-02   2.704220E-02   0.000000E+00   1.797693+308
     4557        123   8.815970E-03  -1.732510E-02   2.919750E-02   0.000000E+00   1.797693+308
     5311        124   1.045010E-02  -2.061860E-02   3.211120E-02   0.000000E+00   1.797693+308
     5580        125   1.001450E-02  -2.411700E-02   3.520620E-02   0.000000E+00   1.797693+308
     1502        126   7.595380E-03  -2.712740E-02   3.786940E-02   0.000000E+00   1.797693+308
      160        127   3.671900E-03  -2.905350E-02   3.957340E-02   0.000000E+00   1.797693+308
     1385        128  -9.788390E-04  -2.951390E-02   3.998070E-02   0.000000E+00   1.797693+308
     1384        129  -5.435710E-03  -2.841730E-02   3.901060E-02   0.000000E+00   1.797693+308
     4089        130  -8.815970E-03  -2.598100E-02   3.685520E-02   0.000000E+00   1.797693+308
     3906        131  -1.045010E-02  -2.268750E-02   3.394150E-02   0.000000E+00   1.797693+308
     3908        132  -1.001450E-02  -1.918910E-02   3.084660E-02   0.000000E+00   1.797693+308
     3921        133  -7.595380E-03  -1.617870E-02   2.818340E-02   0.000000E+00   1.797693+308
     5729        134  -5.156200E-03  -2.333610E-02   3.112400E-02   0.000000E+00   1.797693+308
     2036        135  -3.214840E-03  -2.031670E-02   2.845290E-02   0.000000E+00   1.797693+308
     4128        136   1.147360E-03  -1.957100E-02   2.779320E-02   0.000000E+00   1.797693+308
     2068        137   4.645580E-03  -2.166050E-02   2.964160E-02   0.000000E+00   1.797693+308
     4476        138   4.645580E-03  -2.501170E-02   3.260640E-02   0.000000E+00   1.797693+308
     2067        139   1.147360E-03  -2.710110E-02   3.445480E-02   0.000000E+00   1.797693+308
     2067        140  -3.214840E-03  -2.635540E-02   3.379510E-02   0.000000E+00   1.797693+308
     4092        141  -5.156200E-03  -2.853650E-02   2.524560E-02   4.587214E-07   1.797693+308
     2029        142  -3.214840E-03  -2.551720E-02   2.257450E-02   0.000000E+00   1.797693+308
     4125        143   1.147360E-03  -2.477150E-02   2.191480E-02   0.000000E+00   1.797693+308
     6037        144   4.645580E-03  -2.686090E-02   2.376320E-02   0.000000E+00   1.797693+308
     4472        145   4.645580E-03  -3.021210E-02   2.672800E-02   0.000000E+00   1.797693+308
     4414        146   1.147360E-03  -3.230160E-02   2.857640E-02   0.000000E+00   1.797693+308
     4092        147  -3.214840E-03  -3.155590E-02   2.791670E-02   6.814238E-07   1.797693+308
     2009        148  -1.002190E-02  -9.547990E-03   4.177870E-02   0.000000E+00   1.797693+308
     2014        149  -3.671900E-03  -5.721940E-03   3.612210E-02   0.000000E+00   1.797693+308
     2009        150  -7.630700E-03  -7.251480E-03   3.832010E-02   0.000000E+00   1.797693+308
     3883        151  -1.002190E-02  -1.444200E-02   4.610830E-02   0.000000E+00   1.797693+308
      216        152  -1.053670E-02  -1.179810E-02   4.416610E-02   0.000000E+00   1.797693+308
     4160        153  -3.671900E-03  -2.052280E-02   4.921610E-02   0.000000E+00   1.797693+308
     4159        154  -7.630480E-03  -1.815460E-02   4.796570E-02   0.000000E+00   1.797693+308
     4045        155   7.617530E-04  -5.248090E-03   3.570290E-02   0.000000E+00   1.797693+308
     4047        156   5.057900E-03  -6.195680E-03   3.654120E-02   0.000000E+00   1.797693+308
     2085        157   8.441020E-03  -8.393640E-03   3.848570E-02   0.000000E+00   1.797693+308
     2085        158   1.030040E-02  -1.144520E-02   4.118530E-02   0.000000E+00   1.797693+308
     2175        159   1.030040E-02  -1.479960E-02   4.415280E-02   0.000000E+00   1.797693+308
     2165        160   8.441020E-03  -1.785110E-02   4.685250E-02   0.000000E+00   1.797693+308
     2165        161   5.057900E-03  -2.004910E-02   4.879700E-02   0.000000E+00   1.797693+308
     5733        162   7.617530E-04  -2.099670E-02   4.963530E-02   0.000000E+00   1.797693+308
     3916        163  -8.001000E-03   5.200480E-03   5.878400E-03   0.000000E+00   1.797693+308
     4027        164  -6.730870E-03   1.960670E-03   8.744580E-03   0.000000E+00   1.797693+308
     4026        165  -3.323740E-03  -2.505300E-04   1.070080E-02   0.000000E+00   1.797693+308
     4133        166   1.138660E-03  -7.310680E-04   1.112590E-02   0.000000E+00   1.797693+308
     4136        167   5.239540E-03   6.716170E-04   9.884970E-03   0.000000E+00   1.797693+308
     4425        168   7.676900E-03   3.512180E-03   7.371990E-03   0.000000E+00   1.797693+308
     2066        169   7.676900E-03   6.888770E-03   4.384800E-03   0.000000E+00   1.797693+308
     2055        170   5.239540E-03   9.729340E-03   1.871820E-03   0.000000E+00   1.797693+308
     2035        171   1.138660E-03   1.113200E-02   6.309010E-04   0.000000E+00   1.797693+308
     2027        172  -3.323740E-03   1.065150E-02   1.056020E-03   0.000000E+00   1.797693+308
     3919        173  -6.730870E-03   8.440290E-03   3.012210E-03   0.000000E+00   1.797693+308
     4003        174  -3.671900E-03   1.428390E-02   1.233790E-03   0.000000E+00   1.797693+308
      798        175   9.788390E-04   1.474430E-02   8.265100E-04   0.000000E+00   1.797693+308
     4355        176   5.435710E-03   1.364770E-02   1.796610E-03   0.000000E+00   1.797693+308
      698        177   8.815970E-03   1.121140E-02   3.951950E-03   0.000000E+00   1.797693+308
      698        178   1.045010E-02   7.917930E-03   6.865640E-03   0.000000E+00   1.797693+308
     4375        179   1.001450E-02   4.419540E-03   9.960580E-03   0.000000E+00   1.797693+308
     6523        180   7.595380E-03   1.409160E-03   1.262380E-02   0.000000E+00   1.797693+308
     6032        181   3.671900E-03  -5.169670E-04   1.432780E-02   0.000000E+00   1.797693+308
     4131        182  -9.788390E-04  -9.773420E-04   1.473510E-02   0.000000E+00   1.797693+308
     5241        183  -5.435710E-03   1.192150E-04   1.376500E-02   0.000000E+00   1.797693+308
     3608        184  -8.815970E-03   2.555520E-03   1.160960E-02   0.000000E+00   1.797693+308
     3714        185  -1.045010E-02   5.849030E-03   8.695950E-03   0.000000E+00   1.797693+308
     3824        186  -1.001450E-02   9.347420E-03   5.601000E-03   0.000000E+00   1.797693+308
     1429        187  -7.595380E-03   1.235780E-02   2.937790E-03   0.000000E+00   1.797693+308
     3919        188  -5.156200E-03   5.200480E-03   5.878400E-03   0.000000E+00   1.797693+308
     2027        189  -3.214840E-03   8.219800E-03   3.207270E-03   0.000000E+00   1.797693+308
     2027        190   1.147360E-03   8.965510E-03   2.547560E-03   0.000000E+00   1.797693+308
     2055        191   4.645580E-03   6.876080E-03   4.396040E-03   0.000000E+00   1.797693+308
     4423        192   4.645580E-03   3.524880E-03   7.360760E-03   0.000000E+00   1.797693+308
     4024        193   1.147360E-03   1.435440E-03   9.209230E-03   0.000000E+00   1.797693+308
     4024        194  -3.214840E-03   2.181150E-03   8.549520E-03   0.000000E+00   1.797693+308
     6269        195  -5.156200E-03   9.722450E-16  -1.189440E-14   0.000000E+00   1.797693+308
     6269        196  -3.214840E-03  -3.019320E-03   2.671120E-03   0.000000E+00   1.797693+308
       68        197   1.147360E-03  -3.765030E-03   3.330840E-03   0.000000E+00   1.797693+308
     4139        198   4.645580E-03  -1.675600E-03   1.482360E-03   0.000000E+00   1.797693+308
     4350        199   4.645580E-03   1.675600E-03  -1.482360E-03   0.000000E+00   1.797693+308
     4008        200   1.147360E-03   3.765030E-03  -3.330840E-03   0.000000E+00   1.797693+308
     4009        201  -3.214840E-03   3.019320E-03  -2.671120E-03   0.000000E+00   1.797693+308
     4669        202  -1.002190E-02   1.898850E-02   1.653310E-02   0.000000E+00   1.797693+308
     3948        203  -3.671900E-03   2.281460E-02   1.087650E-02   0.000000E+00   1.797693+308
     3948        204  -7.630700E-03   2.128510E-02   1.307450E-02   0.000000E+00   1.797693+308
     1750        205  -1.002190E-02   1.409460E-02   2.086270E-02   0.000000E+00   1.797693+308
     5375        206  -1.053670E-02   1.673850E-02   1.892050E-02   0.000000E+00   1.797693+308
      978        207  -3.671900E-03   8.013710E-03   2.397050E-02   0.000000E+00   1.797693+308
      978        208  -7.630480E-03   1.038190E-02   2.272010E-02   0.000000E+00   1.797693+308
      752        209   7.617530E-04   2.328840E-02   1.045730E-02   0.000000E+00   1.797693+308
     2081        210   5.057900E-03   2.234090E-02   1.129560E-02   0.000000E+00   1.797693+308
     2081        211   8.441020E-03   2.014290E-02   1.324010E-02   0.000000E+00   1.797693+308
     2110        212   1.030040E-02   1.709130E-02   1.593980E-02   0.000000E+00   1.797693+308
     2086        213   1.030040E-02   1.373700E-02   1.890720E-02   0.000000E+00   1.797693+308
     4257        214   8.441020E-03   1.068540E-02   2.160690E-02   0.000000E+00   1.797693+308
     4067        215   5.057900E-03   8.487450E-03   2.355140E-02   0.000000E+00   1.797693+308
     4067        216   7.617530E-04   7.539860E-03   2.438970E-02   0.000000E+00   1.797693+308
     2020        217  -2.235000E-02  -4.443960E-02   3.931470E-02   0.000000E+00   1.797693+308
     1980        218  -1.196400E-01  -4.443960E-02   3.931470E-02   0.000000E+00   1.797693+308
     3784        219  -2.721450E-02  -4.443960E-02   3.931470E-02   0.000000E+00   1.797693+308
     3773        220  -3.207900E-02  -4.443960E-02   3.931470E-02   0.000000E+00   1.797693+308
     3783        221  -3.694350E-02  -4.443960E-02   3.931470E-02   0.000000E+00   1.797693+308
     3558        222  -4.180790E-02  -4.443960E-02   3.931470E-02   0.000000E+00   1.797693+308
     3566        223  -4.667240E-02  -4.443960E-02   3.931470E-02   0.000000E+00   1.797693+308
     3412        224  -5.153690E-02  -4.443960E-02   3.931470E-02   0.000000E+00   1.797693+308
     3416        225  -5.640140E-02  -4.443960E-02   3.931470E-02   0.000000E+00   1.797693+308
     3417        226  -6.126590E-02  -4.443960E-02   3.931470E-02   0.000000E+00   1.797693+308
     3371        227  -6.613030E-02  -4.443960E-02   3.931470E-02   0.000000E+00   1.797693+308
     3367        228  -7.099480E-02  -4.443960E-02   3.931470E-02   0.000000E+00   1.797693+308
     3375        229  -7.585930E-02  -4.443960E-02   3.931470E-02   0.000000E+00   1.797693+308
     3151        230  -8.072380E-02  -4.443960E-02   3.931470E-02   0.000000E+00   1.797693+308
     3066        231  -8.558830E-02  -4.443960E-02   3.931470E-02   0.000000E+00   1.797693+308
     3065        232  -9.045270E-02  -4.443960E-02   3.931470E-02   0.000000E+00   1.797693+308
     3072        233  -9.531720E-02  -4.443960E-02   3.931470E-02   0.000000E+00   1.797693+308
     2907        234  -1.001820E-01  -4.443960E-02   3.931470E-02   0.000000E+00   1.797693+308
     5842        235  -1.050460E-01  -4.443960E-02   3.931470E-02   0.000000E+00   1.797693+308
     2895        236  -1.099110E-01  -4.443960E-02   3.931470E-02   0.000000E+00   1.797693+308
     2901        237  -1.147750E-01  -4.443960E-02   3.931470E-02   0.000000E+00   1.797693+308
     3964        238  -2.235000E-02  -3.676510E-02   4.798960E-02   0.000000E+00   1.797693+308
     1392        239  -2.235000E-02  -4.188140E-02   4.220630E-02   0.000000E+00   1.797693+308
     1396        240  -2.235000E-02  -3.932330E-02   4.509790E-02   0.000000E+00   1.797693+308
     2868        241  -1.196400E-01  -3.676510E-02   4.798960E-02   0.000000E+00   1.797693+308
     3790        242  -2.721450E-02  -3.676510E-02   4.798960E-02   0.000000E+00   1.797693+308
     3789        243  -3.207900E-02  -3.676510E-02   4.798960E-02   0.000000E+00   1.797693+308
     3717        244  -3.694350E-02  -3.676510E-02   4.798960E-02   0.000000E+00   1.797693+308
     3723        245  -4.180790E-02  -3.676510E-02   4.798960E-02   0.000000E+00   1.797693+308
     5956        246  -4.667240E-02  -3.676510E-02   4.798960E-02   0.000000E+00   1.797693+308
     3498        247  -5.153690E-02  -3.676510E-02   4.798960E-02   0.000000E+00   1.797693+308
     3498        248  -5.640140E-02  -3.676510E-02   4.798960E-02   0.000000E+00   1.797693+308
     3499        249  -6.126590E-02  -3.676510E-02   4.798960E-02   0.000000E+00   1.797693+308
      247        250  -6.613030E-02  -3.676510E-02   4.798960E-02   0.000000E+00   1.797693+308
      254        251  -7.099480E-02  -3.676510E-02   4.798960E-02   0.000000E+00   1.797693+308
     6424        252  -7.585930E-02  -3.676510E-02   4.798960E-02   0.000000E+00   1.797693+308
     1992        253  -8.072380E-02  -3.676510E-02   4.798960E-02   0.000000E+00   1.797693+308
     3169        254  -8.558830E-02  -3.676510E-02   4.798960E-02   0.000000E+00   1.797693+308
     3100        255  -9.045270E-02  -3.676510E-02   4.798960E-02   0.000000E+00   1.797693+308
      335        256  -9.531720E-02  -3.676510E-02   4.798960E-02   0.000000E+00   1.797693+308
      321        257  -1.001820E-01  -3.676510E-02   4.798960E-02   0.000000E+00   1.797693+308
     3018        258  -1.050460E-01  -3.676510E-02   4.798960E-02   0.000000E+00   1.797693+308
     3008        259  -1.099110E-01  -3.676510E-02   4.798960E-02   0.000000E+00   1.797693+308
     2863        260  -1.147750E-01  -3.676510E-02   4.798960E-02   0.000000E+00   1.797693+308
     2826        261  -1.196400E-01  -4.188140E-02   4.220630E-02   0.000000E+00   1.797693+308
     2821        262  -1.196400E-01  -3.932330E-02   4.509790E-02   0.000000E+00   1.797693+308
     3592        263  -9.212580E-02  -2.308860E-02   7.112400E-02   0.000000E+00   1.797693+308
     3405        264  -9.212580E-02  -2.192120E-02   6.638770E-02   0.000000E+00   1.797693+308
     6747        265  -9.212580E-02  -1.868640E-02   6.273640E-02   0.000000E+00   1.797693+308
     3303        266  -9.212580E-02  -1.412530E-02   6.100660E-02   0.000000E+00   1.797693+308
     3133        267  -9.212580E-02  -9.282820E-03   6.159460E-02   0.000000E+00   1.797693+308
     3285        268  -9.212580E-02  -5.268230E-03   6.436560E-02   0.000000E+00   1.797693+308
     6749        269  -9.212580E-02  -3.001270E-03   6.868500E-02   0.000000E+00   1.797693+308
     3441        270  -9.212580E-02  -3.001270E-03   7.356310E-02   0.000000E+00   1.797693+308
     6785        271  -9.212580E-02  -5.268230E-03   7.788240E-02   0.000000E+00   1.797693+308
     3860        272  -9.212580E-02  -9.282820E-03   8.065350E-02   0.000000E+00   1.797693+308
     4163        273  -9.212580E-02  -1.412530E-02   8.124150E-02   0.000000E+00   1.797693+308
     3987        274  -9.212580E-02  -1.868640E-02   7.951170E-02   0.000000E+00   1.797693+308
     3804        275  -9.212580E-02  -2.192120E-02   7.586040E-02   0.000000E+00   1.797693+308
     5946        276  -9.149080E-02  -2.245360E-02   7.112400E-02   0.000000E+00   1.797693+308
     3801        277  -9.149080E-02  -2.135890E-02   7.556530E-02   0.000000E+00   1.797693+308
     3994        278  -9.149080E-02  -1.832570E-02   7.898910E-02   0.000000E+00   1.797693+308
     4173        279  -9.149080E-02  -1.404880E-02   8.061110E-02   0.000000E+00   1.797693+308
     3861        280  -9.149080E-02  -9.508000E-03   8.005970E-02   0.000000E+00   1.797693+308
     3864        281  -9.149080E-02  -5.743540E-03   7.746130E-02   0.000000E+00   1.797693+308
     3390        282  -9.149080E-02  -3.617820E-03   7.341110E-02   0.000000E+00   1.797693+308
     3290        283  -9.149080E-02  -3.617820E-03   6.883690E-02   0.000000E+00   1.797693+308
     3280        284  -9.149080E-02  -5.743540E-03   6.478670E-02   0.000000E+00   1.797693+308
     3132        285  -9.149080E-02  -9.508000E-03   6.218830E-02   0.000000E+00   1.797693+308
     3299        286  -9.149080E-02  -1.404880E-02   6.163700E-02   0.000000E+00   1.797693+308
     6738        287  -9.149080E-02  -1.832570E-02   6.325900E-02   0.000000E+00   1.797693+308
     3402        288  -9.149080E-02  -2.135890E-02   6.668280E-02   0.000000E+00   1.797693+308
     3596        289  -8.450580E-02  -2.308860E-02   7.112400E-02   0.000000E+00   1.797693+308
     3806        290  -8.450580E-02  -2.192120E-02   7.586040E-02   0.000000E+00   1.797693+308
     6765        291  -8.450580E-02  -1.868640E-02   7.951170E-02   0.000000E+00   1.797693+308
      204        292  -8.450580E-02  -1.412530E-02   8.124150E-02   0.000000E+00   1.797693+308
     3846        293  -8.450580E-02  -9.282820E-03   8.065350E-02   0.000000E+00   1.797693+308
     3856        294  -8.450580E-02  -5.268230E-03   7.788240E-02   0.000000E+00   1.797693+308
     3384        295  -8.450580E-02  -3.001270E-03   7.356310E-02   0.000000E+00   1.797693+308
     6748        296  -8.450580E-02  -3.001270E-03   6.868500E-02   0.000000E+00   1.797693+308
      510        297  -8.450580E-02  -5.268230E-03   6.436560E-02   0.000000E+00   1.797693+308
     3137        298  -8.450580E-02  -9.282820E-03   6.159460E-02   0.000000E+00   1.797693+308
      995        299  -8.450580E-02  -1.412530E-02   6.100660E-02   0.000000E+00   1.797693+308
     1528        300  -8.450580E-02  -1.868640E-02   6.273640E-02   0.000000E+00   1.797693+308
     3400        301  -8.450580E-02  -2.192120E-02   6.638770E-02   0.000000E+00   1.797693+308
     5943        302  -8.514080E-02  -2.245360E-02   7.112400E-02   0.000000E+00   1.797693+308
     3397        303  -8.514080E-02  -2.135890E-02   6.668280E-02   0.000000E+00   1.797693+308
     6738        304  -8.514080E-02  -1.832570E-02   6.325900E-02   0.000000E+00   1.797693+308
     3296        305  -8.514080E-02  -1.404880E-02   6.163700E-02   0.000000E+00   1.797693+308
     3139        306  -8.514080E-02  -9.508000E-03   6.218830E-02   0.000000E+00   1.797693+308
     3280        307  -8.514080E-02  -5.743540E-03   6.478670E-02   0.000000E+00   1.797693+308
     6781        308  -8.514080E-02  -3.617820E-03   6.883690E-02   0.000000E+00   1.797693+308
     3378        309  -8.514080E-02  -3.617820E-03   7.341110E-02   0.000000E+00   1.797693+308
     3866        310  -8.514080E-02  -5.743540E-03   7.746130E-02   0.000000E+00   1.797693+308
     3861        311  -8.514080E-02  -9.508000E-03   8.005970E-02   0.000000E+00   1.797693+308
     4185        312  -8.514080E-02  -1.404880E-02   8.061110E-02   0.000000E+00   1.797693+308
     3989        313  -8.514080E-02  -1.832570E-02   7.898910E-02   0.000000E+00   1.797693+308
     3801        314  -8.514080E-02  -2.135890E-02   7.556530E-02   0.000000E+00   1.797693+308
     6740        315  -6.355080E-02  -2.308860E-02   7.112400E-02   0.000000E+00   1.797693+308
     4610        316  -6.355080E-02  -2.192120E-02   6.638770E-02   0.000000E+00   1.797693+308
     6799        317  -6.355080E-02  -1.868640E-02   6.273640E-02   0.000000E+00   1.797693+308
      872        318  -6.355080E-02  -1.412530E-02   6.100660E-02   0.000000E+00   1.797693+308
     5934        319  -6.355080E-02  -9.282820E-03   6.159460E-02   0.000000E+00   1.797693+308
      258        320  -6.355080E-02  -5.268230E-03   6.436560E-02   0.000000E+00   1.797693+308
      271        321  -6.355080E-02  -3.001270E-03   6.868500E-02   0.000000E+00   1.797693+308
     4034        322  -6.355080E-02  -3.001270E-03   7.356310E-02   0.000000E+00   1.797693+308
     4220        323  -6.355080E-02  -5.268230E-03   7.788240E-02   0.000000E+00   1.797693+308
     6763        324  -6.355080E-02  -9.282820E-03   8.065350E-02   0.000000E+00   1.797693+308
       19        325  -6.355080E-02  -1.412530E-02   8.124150E-02   0.000000E+00   1.797693+308
     4437        326  -6.355080E-02  -1.868640E-02   7.951170E-02   0.000000E+00   1.797693+308
     4318        327  -6.355080E-02  -2.192120E-02   7.586040E-02   0.000000E+00   1.797693+308
     1358        328  -6.291580E-02  -2.245360E-02   7.112400E-02   0.000000E+00   1.797693+308
     1360        329  -6.291580E-02  -2.135890E-02   7.556530E-02   0.000000E+00   1.797693+308
     4438        330  -6.291580E-02  -1.832570E-02   7.898910E-02   0.000000E+00   1.797693+308
       23        331  -6.291580E-02  -1.404880E-02   8.061110E-02   0.000000E+00   1.797693+308
     4457        332  -6.291580E-02  -9.508000E-03   8.005970E-02   0.000000E+00   1.797693+308
     4211        333  -6.291580E-02  -5.743540E-03   7.746130E-02   0.000000E+00   1.797693+308
     4032        334  -6.291580E-02  -3.617820E-03   7.341110E-02   0.000000E+00   1.797693+308
      266        335  -6.291580E-02  -3.617820E-03   6.883690E-02   0.000000E+00   1.797693+308
      260        336  -6.291580E-02  -5.743540E-03   6.478670E-02   0.000000E+00   1.797693+308
     6305        337  -6.291580E-02  -9.508000E-03   6.218830E-02   0.000000E+00   1.797693+308
      867        338  -6.291580E-02  -1.404880E-02   6.163700E-02   0.000000E+00   1.797693+308
     3669        339  -6.291580E-02  -1.832570E-02   6.325900E-02   0.000000E+00   1.797693+308
     4618        340  -6.291580E-02  -2.135890E-02   6.668280E-02   0.000000E+00   1.797693+308
     4078        341  -5.593080E-02  -2.308860E-02   7.112400E-02   0.000000E+00   1.797693+308
     1370        342  -5.593080E-02  -2.192120E-02   7.586040E-02   0.000000E+00   1.797693+308
     4436        343  -5.593080E-02  -1.868640E-02   7.951170E-02   0.000000E+00   1.797693+308
     4516        344  -5.593080E-02  -1.412530E-02   8.124150E-02   0.000000E+00   1.797693+308
     6770        345  -5.593080E-02  -9.282820E-03   8.065350E-02   0.000000E+00   1.797693+308
     4205        346  -5.593080E-02  -5.268230E-03   7.788240E-02   0.000000E+00   1.797693+308
     3875        347  -5.593080E-02  -3.001270E-03   7.356310E-02   0.000000E+00   1.797693+308
     4642        348  -5.593080E-02  -3.001270E-03   6.868500E-02   0.000000E+00   1.797693+308
     4638        349  -5.593080E-02  -5.268230E-03   6.436560E-02   0.000000E+00   1.797693+308
     5932        350  -5.593080E-02  -9.282820E-03   6.159460E-02   0.000000E+00   1.797693+308
     5931        351  -5.593080E-02  -1.412530E-02   6.100660E-02   0.000000E+00   1.797693+308
     3678        352  -5.593080E-02  -1.868640E-02   6.273640E-02   0.000000E+00   1.797693+308
     6776        353  -5.593080E-02  -2.192120E-02   6.638770E-02   0.000000E+00   1.797693+308
     6663        354  -5.656580E-02  -2.245360E-02   7.112400E-02   0.000000E+00   1.797693+308
     4621        355  -5.656580E-02  -2.135890E-02   6.668280E-02   0.000000E+00   1.797693+308
     3673        356  -5.656580E-02  -1.832570E-02   6.325900E-02   0.000000E+00   1.797693+308
     6751        357  -5.656580E-02  -1.404880E-02   6.163700E-02   0.000000E+00   1.797693+308
     3634        358  -5.656580E-02  -9.508000E-03   6.218830E-02   0.000000E+00   1.797693+308
      260        359  -5.656580E-02  -5.743540E-03   6.478670E-02   0.000000E+00   1.797693+308
      265        360  -5.656580E-02  -3.617820E-03   6.883690E-02   0.000000E+00   1.797693+308
     2006        361  -5.656580E-02  -3.617820E-03   7.341110E-02   0.000000E+00   1.797693+308
     4211        362  -5.656580E-02  -5.743540E-03   7.746130E-02   0.000000E+00   1.797693+308
     4457        363  -5.656580E-02  -9.508000E-03   8.005970E-02   0.000000E+00   1.797693+308
       18        364  -5.656580E-02  -1.404880E-02   8.061110E-02   0.000000E+00   1.797693+308
     4439        365  -5.656580E-02  -1.832570E-02   7.898910E-02   0.000000E+00   1.797693+308
     1360        366  -5.656580E-02  -2.135890E-02   7.556530E-02   0.000000E+00   1.797693+308
     1991        367  -8.133080E-02  -3.473700E-02   5.640020E-02   0.000000E+00   1.797693+308
     1995        368  -8.450580E-02  -3.399170E-02   5.949080E-02   0.000000E+00   1.797693+308
     1995        369  -8.357660E-02  -3.451850E-02   5.730610E-02   0.000000E+00   1.797693+308
     2860        370  -8.133080E-02   2.973090E-02   3.730580E-02   0.000000E+00   1.797693+308
     1404        371  -8.133080E-02   2.512610E-02   3.866970E-02   0.000000E+00   1.797693+308
     1408        372  -8.133080E-02   2.052120E-02   4.003360E-02   0.000000E+00   1.797693+308
     6131        373  -8.133080E-02   1.591640E-02   4.139750E-02   0.000000E+00   1.797693+308
     4836        374  -8.133080E-02   1.131150E-02   4.276140E-02   0.000000E+00   1.797693+308
     2955        375  -8.133080E-02   6.706680E-03   4.412520E-02   0.000000E+00   1.797693+308
     6648        376  -8.133080E-02   2.101820E-03   4.548910E-02   0.000000E+00   1.797693+308
     4813        377  -8.133080E-02  -2.503030E-03   4.685300E-02   0.000000E+00   1.797693+308
     4815        378  -8.133080E-02  -7.107880E-03   4.821690E-02   0.000000E+00   1.797693+308
     4815        379  -8.133080E-02  -1.171270E-02   4.958080E-02   0.000000E+00   1.797693+308
     1624        380  -8.133080E-02  -1.631760E-02   5.094460E-02   0.000000E+00   1.797693+308
     1626        381  -8.133080E-02  -2.092240E-02   5.230850E-02   0.000000E+00   1.797693+308
      659        382  -8.133080E-02  -2.552730E-02   5.367240E-02   0.000000E+00   1.797693+308
     3106        383  -8.133080E-02  -3.013210E-02   5.503630E-02   0.000000E+00   1.797693+308
     2884        384  -8.450580E-02   2.713060E-02   4.138740E-02   0.000000E+00   1.797693+308
     2859        385  -8.378650E-02   2.877800E-02   3.880160E-02   0.000000E+00   1.797693+308
     1995        386  -8.450580E-02  -2.929000E-02   5.809820E-02   0.000000E+00   1.797693+308
     3099        387  -8.450580E-02  -2.458830E-02   5.670560E-02   0.000000E+00   1.797693+308
     1635        388  -8.450580E-02  -1.988660E-02   5.531310E-02   0.000000E+00   1.797693+308
     6717        389  -8.450580E-02  -1.518490E-02   5.392050E-02   0.000000E+00   1.797693+308
     3001        390  -8.450580E-02  -1.048320E-02   5.252790E-02   0.000000E+00   1.797693+308
     3001        391  -8.450580E-02  -5.781440E-03   5.113530E-02   0.000000E+00   1.797693+308
     6655        392  -8.450580E-02  -1.079730E-03   4.974280E-02   0.000000E+00   1.797693+308
     6652        393  -8.450580E-02   3.621990E-03   4.835020E-02   0.000000E+00   1.797693+308
     5152        394  -8.450580E-02   8.323700E-03   4.695760E-02   0.000000E+00   1.797693+308
     4836        395  -8.450580E-02   1.302540E-02   4.556510E-02   0.000000E+00   1.797693+308
     2967        396  -8.450580E-02   1.772710E-02   4.417250E-02   0.000000E+00   1.797693+308
     2977        397  -8.450580E-02   2.242880E-02   4.277990E-02   0.000000E+00   1.797693+308
     2001        398  -6.355080E-02  -3.399170E-02   5.949080E-02   0.000000E+00   1.797693+308
      285        399  -6.672580E-02  -3.473700E-02   5.640020E-02   0.000000E+00   1.797693+308
     2001        400  -6.448000E-02  -3.451850E-02   5.730610E-02   0.000000E+00   1.797693+308
     1997        401  -6.355080E-02   2.713060E-02   4.138740E-02   0.000000E+00   1.797693+308
     1997        402  -6.355080E-02   2.242880E-02   4.277990E-02   0.000000E+00   1.797693+308
     3306        403  -6.355080E-02   1.772710E-02   4.417250E-02   0.000000E+00   1.797693+308
     3268        404  -6.355080E-02   1.302540E-02   4.556510E-02   0.000000E+00   1.797693+308
     3333        405  -6.355080E-02   8.323700E-03   4.695760E-02   0.000000E+00   1.797693+308
     3323        406  -6.355080E-02   3.621990E-03   4.835020E-02   0.000000E+00   1.797693+308
     5888        407  -6.355080E-02  -1.079730E-03   4.974280E-02   0.000000E+00   1.797693+308
     3230        408  -6.355080E-02  -5.781440E-03   5.113530E-02   0.000000E+00   1.797693+308
     3423        409  -6.355080E-02  -1.048320E-02   5.252790E-02   0.000000E+00   1.797693+308
     6792        410  -6.355080E-02  -1.518490E-02   5.392050E-02   0.000000E+00   1.797693+308
     1454        411  -6.355080E-02  -1.988660E-02   5.531310E-02   0.000000E+00   1.797693+308
     3616        412  -6.355080E-02  -2.458830E-02   5.670560E-02   0.000000E+00   1.797693+308
     2001        413  -6.355080E-02  -2.929000E-02   5.809820E-02   0.000000E+00   1.797693+308
     3177        414  -6.672580E-02   2.973090E-02   3.730580E-02   0.000000E+00   1.797693+308
     3174        415  -6.427010E-02   2.877800E-02   3.880160E-02   0.000000E+00   1.797693+308
      289        416  -6.672580E-02  -3.013210E-02   5.503630E-02   0.000000E+00   1.797693+308
     3429        417  -6.672580E-02  -2.552730E-02   5.367240E-02   0.000000E+00   1.797693+308
     6689        418  -6.672580E-02  -2.092240E-02   5.230850E-02   0.000000E+00   1.797693+308
      937        419  -6.672580E-02  -1.631760E-02   5.094460E-02   0.000000E+00   1.797693+308
      937        420  -6.672580E-02  -1.171270E-02   4.958080E-02   0.000000E+00   1.797693+308
     3227        421  -6.672580E-02  -7.107880E-03   4.821690E-02   0.000000E+00   1.797693+308
     3227        422  -6.672580E-02  -2.503030E-03   4.685300E-02   0.000000E+00   1.797693+308
     6750        423  -6.672580E-02   2.101820E-03   4.548910E-02   0.000000E+00   1.797693+308
     5909        424  -6.672580E-02   6.706680E-03   4.412520E-02   0.000000E+00   1.797693+308
     4787        425  -6.672580E-02   1.131150E-02   4.276140E-02   0.000000E+00   1.797693+308
     6778        426  -6.672580E-02   1.591640E-02   4.139750E-02   0.000000E+00   1.797693+308
     6775        427  -6.672580E-02   2.052120E-02   4.003360E-02   0.000000E+00   1.797693+308
     6775        428  -6.672580E-02   2.512610E-02   3.866970E-02   0.000000E+00   1.797693+308
     3239        429  -9.212580E-02  -3.339550E-02   6.196320E-02   0.000000E+00   1.797693+308
     1987        430  -9.530080E-02  -3.414080E-02   5.887260E-02   0.000000E+00   1.797693+308
     3239        431  -9.305500E-02  -3.392230E-02   5.977860E-02   0.000000E+00   1.797693+308
     2883        432  -9.212580E-02   2.505030E-02   4.465260E-02   0.000000E+00   1.797693+308
     2965        433  -9.212580E-02   2.055440E-02   4.598420E-02   0.000000E+00   1.797693+308
     2965        434  -9.212580E-02   1.605860E-02   4.731580E-02   0.000000E+00   1.797693+308
     1055        435  -9.212580E-02   1.156280E-02   4.864730E-02   0.000000E+00   1.797693+308
     1065        436  -9.212580E-02   7.066940E-03   4.997890E-02   0.000000E+00   1.797693+308
     5058        437  -9.212580E-02   2.571120E-03   5.131050E-02   0.000000E+00   1.797693+308
     3000        438  -9.212580E-02  -1.924710E-03   5.264210E-02   0.000000E+00   1.797693+308
     5851        439  -9.212580E-02  -6.420540E-03   5.397370E-02   0.000000E+00   1.797693+308
     3089        440  -9.212580E-02  -1.091640E-02   5.530530E-02   0.000000E+00   1.797693+308
     3089        441  -9.212580E-02  -1.541220E-02   5.663690E-02   0.000000E+00   1.797693+308
     3300        442  -9.212580E-02  -1.990800E-02   5.796850E-02   0.000000E+00   1.797693+308
     3237        443  -9.212580E-02  -2.440390E-02   5.930010E-02   0.000000E+00   1.797693+308
     3239        444  -9.212580E-02  -2.889970E-02   6.063170E-02   0.000000E+00   1.797693+308
     6658        445  -9.530080E-02   2.765060E-02   4.057100E-02   0.000000E+00   1.797693+308
     2875        446  -9.284510E-02   2.669770E-02   4.206680E-02   0.000000E+00   1.797693+308
     1987        447  -9.530080E-02  -2.938760E-02   5.746480E-02   0.000000E+00   1.797693+308
     6440        448  -9.530080E-02  -2.463440E-02   5.605700E-02   0.000000E+00   1.797693+308
     6719        449  -9.530080E-02  -1.988120E-02   5.464920E-02   0.000000E+00   1.797693+308
     2992        450  -9.530080E-02  -1.512800E-02   5.324140E-02   0.000000E+00   1.797693+308
     2992        451  -9.530080E-02  -1.037490E-02   5.183360E-02   0.000000E+00   1.797693+308
     2994        452  -9.530080E-02  -5.621670E-03   5.042580E-02   0.000000E+00   1.797693+308
     2891        453  -9.530080E-02  -8.684800E-04   4.901790E-02   0.000000E+00   1.797693+308
     6125        454  -9.530080E-02   3.884710E-03   4.761010E-02   0.000000E+00   1.797693+308
     2839        455  -9.530080E-02   8.637890E-03   4.620230E-02   0.000000E+00   1.797693+308
     2838        456  -9.530080E-02   1.339110E-02   4.479450E-02   0.000000E+00   1.797693+308
     6772        457  -9.530080E-02   1.814430E-02   4.338670E-02   0.000000E+00   1.797693+308
     2873        458  -9.530080E-02   2.289750E-02   4.197890E-02   0.000000E+00   1.797693+308
     5953        459  -5.275580E-02  -3.414080E-02   5.887260E-02   0.000000E+00   1.797693+308
     2004        460  -5.593080E-02  -3.339550E-02   6.196320E-02   0.000000E+00   1.797693+308
     2004        461  -5.500160E-02  -3.392230E-02   5.977860E-02   0.000000E+00   1.797693+308
     3190        462  -5.275580E-02   2.765060E-02   4.057100E-02   0.000000E+00   1.797693+308
     3186        463  -5.275580E-02   2.289750E-02   4.197890E-02   0.000000E+00   1.797693+308
     3218        464  -5.275580E-02   1.814430E-02   4.338670E-02   0.000000E+00   1.797693+308
     3185        465  -5.275580E-02   1.339110E-02   4.479450E-02   0.000000E+00   1.797693+308
     3184        466  -5.275580E-02   8.637890E-03   4.620230E-02   0.000000E+00   1.797693+308
     3184        467  -5.275580E-02   3.884710E-03   4.761010E-02   0.000000E+00   1.797693+308
      906        468  -5.275580E-02  -8.684800E-04   4.901790E-02   0.000000E+00   1.797693+308
      909        469  -5.275580E-02  -5.621670E-03   5.042580E-02   0.000000E+00   1.797693+308
     3422        470  -5.275580E-02  -1.037490E-02   5.183360E-02   0.000000E+00   1.797693+308
      363        471  -5.275580E-02  -1.512800E-02   5.324140E-02   0.000000E+00   1.797693+308
     3420        472  -5.275580E-02  -1.988120E-02   5.464920E-02   0.000000E+00   1.797693+308
     3615        473  -5.275580E-02  -2.463440E-02   5.605700E-02   0.000000E+00   1.797693+308
     3612        474  -5.275580E-02  -2.938760E-02   5.746480E-02   0.000000E+00   1.797693+308
     5688        475  -5.593080E-02   2.505030E-02   4.465260E-02   0.000000E+00   1.797693+308
     6844        476  -5.521150E-02   2.669770E-02   4.206680E-02   0.000000E+00   1.797693+308
     2004        477  -5.593080E-02  -2.889970E-02   6.063170E-02   0.000000E+00   1.797693+308
     3613        478  -5.593080E-02  -2.440390E-02   5.930010E-02   0.000000E+00   1.797693+308
     3503        479  -5.593080E-02  -1.990800E-02   5.796850E-02   0.000000E+00   1.797693+308
      363        480  -5.593080E-02  -1.541220E-02   5.663690E-02   0.000000E+00   1.797693+308
     3426        481  -5.593080E-02  -1.091640E-02   5.530530E-02   0.000000E+00   1.797693+308
     3508        482  -5.593080E-02  -6.420540E-03   5.397370E-02   0.000000E+00   1.797693+308
      900        483  -5.593080E-02  -1.924710E-03   5.264210E-02   0.000000E+00   1.797693+308
     3517        484  -5.593080E-02   2.571120E-03   5.131050E-02   0.000000E+00   1.797693+308
     3337        485  -5.593080E-02   7.066940E-03   4.997890E-02   0.000000E+00   1.797693+308
     3272        486  -5.593080E-02   1.156280E-02   4.864730E-02   0.000000E+00   1.797693+308
     3320        487  -5.593080E-02   1.605860E-02   4.731580E-02   0.000000E+00   1.797693+308
     5688        488  -5.593080E-02   2.055440E-02   4.598420E-02   0.000000E+00   1.797693+308
     3723        489  -4.339760E-02  -3.414080E-02   5.887260E-02   0.000000E+00   1.797693+308
     3717        490  -3.918800E-02  -3.466560E-02   5.669600E-02   0.000000E+00   1.797693+308
     3789        491  -3.497850E-02  -3.519050E-02   5.451940E-02   0.000000E+00   1.797693+308
     3790        492  -3.076900E-02  -3.571540E-02   5.234280E-02   0.000000E+00   1.797693+308
     5977        493  -2.655950E-02  -3.624020E-02   5.016620E-02   0.000000E+00   1.797693+308
     3620        494  -4.807670E-02  -3.414080E-02   5.887260E-02   0.000000E+00   1.797693+308
     4078        495  -5.593080E-02  -3.018140E-02   7.529200E-02   0.000000E+00   1.797693+308
     3760        496  -5.593080E-02  -3.232420E-02   6.640620E-02   0.000000E+00   1.797693+308
     6018        497  -5.593080E-02  -3.125280E-02   7.084910E-02   0.000000E+00   1.797693+308
     4087        498  -6.355080E-02  -3.018140E-02   7.529200E-02   0.000000E+00   1.797693+308
     1365        499  -5.974080E-02  -3.018140E-02   7.529200E-02   0.000000E+00   1.797693+308
     3766        500  -6.355080E-02  -3.303920E-02   6.344110E-02   0.000000E+00   1.797693+308
     3761        501  -6.355080E-02  -3.208660E-02   6.739140E-02   0.000000E+00   1.797693+308
     4085        502  -6.355080E-02  -3.113400E-02   7.134170E-02   0.000000E+00   1.797693+308
      255        503  -7.159410E-02  -3.473700E-02   5.640020E-02   0.000000E+00   1.797693+308
     1994        504  -7.646250E-02  -3.473700E-02   5.640020E-02   0.000000E+00   1.797693+308
     3587        505  -8.450580E-02  -3.018140E-02   7.529200E-02   0.000000E+00   1.797693+308
     3482        506  -8.450580E-02  -3.113400E-02   7.134170E-02   0.000000E+00   1.797693+308
     3485        507  -8.450580E-02  -3.208660E-02   6.739140E-02   0.000000E+00   1.797693+308
     3235        508  -8.450580E-02  -3.303920E-02   6.344110E-02   0.000000E+00   1.797693+308
     3592        509  -9.212580E-02  -3.018140E-02   7.529200E-02   0.000000E+00   1.797693+308
     3817        510  -8.831580E-02  -3.018140E-02   7.529200E-02   0.000000E+00   1.797693+308
     3234        511  -9.212580E-02  -3.232420E-02   6.640620E-02   0.000000E+00   1.797693+308
     3477        512  -9.212580E-02  -3.125280E-02   7.084910E-02   0.000000E+00   1.797693+308
     3018        513  -1.042300E-01  -3.414080E-02   5.887260E-02   0.000000E+00   1.797693+308
     2964        514  -9.976540E-02  -3.414080E-02   5.887260E-02   0.000000E+00   1.797693+308
     2864        515  -1.157870E-01  -3.610900E-02   5.071030E-02   0.000000E+00   1.797693+308
     2863        516  -1.119350E-01  -3.545290E-02   5.343110E-02   0.000000E+00   1.797693+308
     3008        517  -1.080820E-01  -3.479690E-02   5.615190E-02   0.000000E+00   1.797693+308
     4206        518  -5.593080E-02   2.098370E-03   8.067760E-02   0.000000E+00   1.797693+308
     3871        519  -5.593080E-02   4.648580E-03   7.667480E-02   0.000000E+00   1.797693+308
     3699        520  -5.593080E-02   7.198790E-03   7.267210E-02   0.000000E+00   1.797693+308
     3705        521  -5.593080E-02   9.749000E-03   6.866930E-02   0.000000E+00   1.797693+308
     1461        522  -5.593080E-02   1.229920E-02   6.466650E-02   0.000000E+00   1.797693+308
     1476        523  -5.593080E-02   1.484940E-02   6.066370E-02   0.000000E+00   1.797693+308
     1466        524  -5.593080E-02   1.739960E-02   5.666090E-02   0.000000E+00   1.797693+308
     3277        525  -5.593080E-02   1.994980E-02   5.265810E-02   0.000000E+00   1.797693+308
     3319        526  -5.593080E-02   2.250010E-02   4.865540E-02   0.000000E+00   1.797693+308
     3188        527  -5.114650E-02   2.765060E-02   4.057100E-02   0.000000E+00   1.797693+308
     1998        528  -3.807320E-02   4.236440E-02   1.747650E-02   0.000000E+00   1.797693+308
     3117        529  -3.994080E-02   4.026240E-02   2.077570E-02   0.000000E+00   1.797693+308
     3116        530  -4.180840E-02   3.816050E-02   2.407490E-02   0.000000E+00   1.797693+308
     1020        531  -4.367610E-02   3.605850E-02   2.737420E-02   0.000000E+00   1.797693+308
     6591        532  -4.554370E-02   3.395650E-02   3.067340E-02   0.000000E+00   1.797693+308
     3112        533  -4.741130E-02   3.185460E-02   3.397260E-02   0.000000E+00   1.797693+308
     3197        534  -4.927890E-02   2.975260E-02   3.727180E-02   0.000000E+00   1.797693+308
     2601        535  -1.147320E-01   4.770890E-02   9.087830E-03   0.000000E+00   1.797693+308
     3129        536  -4.286440E-02   4.269840E-02   1.695220E-02   0.000000E+00   1.797693+308
     3031        537  -4.765550E-02   4.303250E-02   1.642790E-02   0.000000E+00   1.797693+308
     3033        538  -5.244670E-02   4.336650E-02   1.590360E-02   0.000000E+00   1.797693+308
     2949        539  -5.723790E-02   4.370050E-02   1.537930E-02   0.000000E+00   1.797693+308
     2949        540  -6.202910E-02   4.403450E-02   1.485500E-02   0.000000E+00   1.797693+308
     2938        541  -6.682030E-02   4.436860E-02   1.433070E-02   0.000000E+00   1.797693+308
     2945        542  -7.161140E-02   4.470260E-02   1.380640E-02   0.000000E+00   1.797693+308
     1967        543  -7.640260E-02   4.503660E-02   1.328220E-02   0.000000E+00   1.797693+308
     2753        544  -8.119380E-02   4.537070E-02   1.275790E-02   0.000000E+00   1.797693+308
     2748        545  -8.598500E-02   4.570470E-02   1.223360E-02   0.000000E+00   1.797693+308
     2751        546  -9.077620E-02   4.603870E-02   1.170930E-02   0.000000E+00   1.797693+308
     5107        547  -9.556730E-02   4.637280E-02   1.118500E-02   0.000000E+00   1.797693+308
     5112        548  -1.003590E-01   4.670680E-02   1.066070E-02   0.000000E+00   1.797693+308
     2660        549  -1.051500E-01   4.704080E-02   1.013640E-02   0.000000E+00   1.797693+308
     2670        550  -1.099410E-01   4.737480E-02   9.612120E-03   0.000000E+00   1.797693+308
     2805        551  -9.691010E-02   2.765060E-02   4.057100E-02   0.000000E+00   1.797693+308
     1340        552  -9.889030E-02   2.987930E-02   3.707290E-02   0.000000E+00   1.797693+308
     1335        553  -1.008710E-01   3.210800E-02   3.357480E-02   0.000000E+00   1.797693+308
     2693        554  -1.028510E-01   3.433670E-02   3.007660E-02   0.000000E+00   1.797693+308
     2686        555  -1.048310E-01   3.656540E-02   2.657850E-02   0.000000E+00   1.797693+308
     6724        556  -1.068110E-01   3.879410E-02   2.308040E-02   0.000000E+00   1.797693+308
     1155        557  -1.087910E-01   4.102280E-02   1.958220E-02   0.000000E+00   1.797693+308
     6615        558  -1.107720E-01   4.325150E-02   1.608410E-02   0.000000E+00   1.797693+308
     5800        559  -1.127520E-01   4.548020E-02   1.258600E-02   0.000000E+00   1.797693+308
     3568        560  -9.212580E-02   2.098370E-03   8.067760E-02   0.000000E+00   1.797693+308
     2979        561  -9.212580E-02   2.250010E-02   4.865540E-02   0.000000E+00   1.797693+308
     2973        562  -9.212580E-02   1.994980E-02   5.265810E-02   0.000000E+00   1.797693+308
     3043        563  -9.212580E-02   1.739960E-02   5.666090E-02   0.000000E+00   1.797693+308
     1593        564  -9.212580E-02   1.484940E-02   6.066370E-02   0.000000E+00   1.797693+308
     1585        565  -9.212580E-02   1.229920E-02   6.466650E-02   0.000000E+00   1.797693+308
     3263        566  -9.212580E-02   9.749000E-03   6.866930E-02   0.000000E+00   1.797693+308
     3261        567  -9.212580E-02   7.198790E-03   7.267210E-02   0.000000E+00   1.797693+308
     3430        568  -9.212580E-02   4.648580E-03   7.667480E-02   0.000000E+00   1.797693+308
     3573        569  -8.450580E-02   2.098370E-03   8.067760E-02   0.000000E+00   1.797693+308
     3570        570  -8.831580E-02   2.098370E-03   8.067760E-02   0.000000E+00   1.797693+308
     3438        571  -8.450580E-02   4.601590E-03   7.674860E-02   0.000000E+00   1.797693+308
     3261        572  -8.450580E-02   7.104810E-03   7.281960E-02   0.000000E+00   1.797693+308
     3263        573  -8.450580E-02   9.608030E-03   6.889050E-02   0.000000E+00   1.797693+308
     1585        574  -8.450580E-02   1.211120E-02   6.496150E-02   0.000000E+00   1.797693+308
     1589        575  -8.450580E-02   1.461450E-02   6.103250E-02   0.000000E+00   1.797693+308
     1597        576  -8.450580E-02   1.711770E-02   5.710350E-02   0.000000E+00   1.797693+308
     3036        577  -8.450580E-02   1.962090E-02   5.317440E-02   0.000000E+00   1.797693+308
     2974        578  -8.450580E-02   2.212410E-02   4.924540E-02   0.000000E+00   1.797693+308
     2972        579  -8.450580E-02   2.462730E-02   4.531640E-02   0.000000E+00   1.797693+308
     2887        580  -7.646250E-02   2.973090E-02   3.730580E-02   0.000000E+00   1.797693+308
     2986        581  -7.159410E-02   2.973090E-02   3.730580E-02   0.000000E+00   1.797693+308
     4209        582  -6.355080E-02   2.098370E-03   8.067760E-02   0.000000E+00   1.797693+308
     3314        583  -6.355080E-02   2.462730E-02   4.531640E-02   0.000000E+00   1.797693+308
     3275        584  -6.355080E-02   2.212410E-02   4.924540E-02   0.000000E+00   1.797693+308
     3277        585  -6.355080E-02   1.962090E-02   5.317440E-02   0.000000E+00   1.797693+308
     1474        586  -6.355080E-02   1.711770E-02   5.710350E-02   0.000000E+00   1.797693+308
     1467        587  -6.355080E-02   1.461450E-02   6.103250E-02   0.000000E+00   1.797693+308
     1461        588  -6.355080E-02   1.211120E-02   6.496150E-02   0.000000E+00   1.797693+308
     3705        589  -6.355080E-02   9.608030E-03   6.889050E-02   0.000000E+00   1.797693+308
     3699        590  -6.355080E-02   7.104810E-03   7.281960E-02   0.000000E+00   1.797693+308
     2007        591  -6.355080E-02   4.601590E-03   7.674860E-02   0.000000E+00   1.797693+308
     4203        592  -5.974080E-02   2.098370E-03   8.067760E-02   0.000000E+00   1.797693+308
     3811        593  -8.450580E-02  -2.853110E-02   7.959150E-02   0.000000E+00   1.797693+308
     3816        594  -8.450580E-02  -2.583200E-02   8.332290E-02   0.000000E+00   1.797693+308
     6370        595  -8.450580E-02  -2.226500E-02   8.623580E-02   0.000000E+00   1.797693+308
      204        596  -8.450580E-02  -1.806950E-02   8.813500E-02   0.000000E+00   1.797693+308
     4175        597  -8.450580E-02  -1.352700E-02   8.889290E-02   0.000000E+00   1.797693+308
     3848        598  -8.450580E-02  -8.942180E-03   8.845860E-02   0.000000E+00   1.797693+308
     3854        599  -8.450580E-02  -4.622700E-03   8.686150E-02   0.000000E+00   1.797693+308
     3854        600  -8.450580E-02  -8.583370E-04   8.420850E-02   0.000000E+00   1.797693+308
     3811        601  -9.212580E-02  -2.853110E-02   7.959150E-02   0.000000E+00   1.797693+308
     3820        602  -9.212580E-02  -2.583200E-02   8.332290E-02   0.000000E+00   1.797693+308
      194        603  -9.212580E-02  -2.226500E-02   8.623580E-02   0.000000E+00   1.797693+308
     6373        604  -9.212580E-02  -1.806950E-02   8.813500E-02   0.000000E+00   1.797693+308
     4168        605  -9.212580E-02  -1.352700E-02   8.889290E-02   0.000000E+00   1.797693+308
     3849        606  -9.212580E-02  -8.942180E-03   8.845860E-02   0.000000E+00   1.797693+308
     3849        607  -9.212580E-02  -4.622700E-03   8.686150E-02   0.000000E+00   1.797693+308
     3858        608  -9.212580E-02  -8.583370E-04   8.420850E-02   0.000000E+00   1.797693+308
     4429        609   1.524000E-02   3.235760E-05  -2.862600E-05   0.000000E+00   1.797693+308
     5327        610   1.524000E-02  -2.850420E-02   2.521700E-02   0.000000E+00   1.797693+308
     4378        611   1.524000E-02  -3.534710E-03   3.127070E-03   0.000000E+00   1.797693+308
     5615        612   1.524000E-02  -7.101780E-03   6.282770E-03   0.000000E+00   1.797693+308
     5607        613   1.524000E-02  -1.066880E-02   9.438470E-03   0.000000E+00   1.797693+308
     6145        614   1.524000E-02  -1.423590E-02   1.259420E-02   0.000000E+00   1.797693+308
     6145        615   1.524000E-02  -1.780300E-02   1.574990E-02   0.000000E+00   1.797693+308
     4564        616   1.524000E-02  -2.137000E-02   1.890560E-02   0.000000E+00   1.797693+308
     5304        617   1.524000E-02  -2.493710E-02   2.206130E-02   0.000000E+00   1.797693+308
     2107        618   1.524000E-02   1.544650E-02   1.739490E-02   0.000000E+00   1.797693+308
     2105        619   1.524000E-02   1.236370E-02   1.391020E-02   0.000000E+00   1.797693+308
     5732        620   1.524000E-02   9.280850E-03   1.042550E-02   0.000000E+00   1.797693+308
     5732        621   1.524000E-02   6.198020E-03   6.940770E-03   0.000000E+00   1.797693+308
     4380        622   1.524000E-02   3.115190E-03   3.456070E-03   0.000000E+00   1.797693+308
     2121        623   1.524000E-02  -1.309000E-02   4.264050E-02   0.000000E+00   1.797693+308
     2103        624   1.524000E-02  -9.522960E-03   3.948480E-02   0.000000E+00   1.797693+308
     4244        625   1.524000E-02  -5.955890E-03   3.632910E-02   0.000000E+00   1.797693+308
     4240        626   1.524000E-02  -2.388830E-03   3.317340E-02   0.000000E+00   1.797693+308
     6021        627   1.524000E-02   1.178240E-03   3.001770E-02   0.000000E+00   1.797693+308
     4259        628   1.524000E-02   4.745310E-03   2.686200E-02   0.000000E+00   1.797693+308
     4264        629   1.524000E-02   8.312380E-03   2.370630E-02   0.000000E+00   1.797693+308
     2096        630   1.524000E-02   1.187940E-02   2.055060E-02   0.000000E+00   1.797693+308
     2118        631   1.524000E-02  -1.617290E-02   3.915580E-02   0.000000E+00   1.797693+308
     5588        632   1.524000E-02  -1.925570E-02   3.567110E-02   0.000000E+00   1.797693+308
     5593        633   1.524000E-02  -2.233850E-02   3.218640E-02   0.000000E+00   1.797693+308
     5324        634   1.524000E-02  -2.542140E-02   2.870170E-02   0.000000E+00   1.797693+308
     4312        635  -5.593080E-02  -2.853110E-02   7.959150E-02   0.000000E+00   1.797693+308
     4449        636  -5.593080E-02  -2.583200E-02   8.332290E-02   0.000000E+00   1.797693+308
     4526        637  -5.593080E-02  -2.226500E-02   8.623580E-02   0.000000E+00   1.797693+308
     4516        638  -5.593080E-02  -1.806950E-02   8.813500E-02   0.000000E+00   1.797693+308
      153        639  -5.593080E-02  -1.352700E-02   8.889290E-02   0.000000E+00   1.797693+308
     4464        640  -5.593080E-02  -8.942180E-03   8.845860E-02   0.000000E+00   1.797693+308
     4464        641  -5.593080E-02  -4.622700E-03   8.686150E-02   0.000000E+00   1.797693+308
     4230        642  -5.593080E-02  -8.583370E-04   8.420850E-02   0.000000E+00   1.797693+308
     4229        643  -6.355080E-02  -8.583370E-04   8.420850E-02   0.000000E+00   1.797693+308
     4452        644  -6.355080E-02  -4.622700E-03   8.686150E-02   0.000000E+00   1.797693+308
     4452        645  -6.355080E-02  -8.942180E-03   8.845860E-02   0.000000E+00   1.797693+308
        4        646  -6.355080E-02  -1.352700E-02   8.889290E-02   0.000000E+00   1.797693+308
     6379        647  -6.355080E-02  -1.806950E-02   8.813500E-02   0.000000E+00   1.797693+308
     4517        648  -6.355080E-02  -2.226500E-02   8.623580E-02   0.000000E+00   1.797693+308
     4319        649  -6.355080E-02  -2.583200E-02   8.332290E-02   0.000000E+00   1.797693+308
     4319        650  -6.355080E-02  -2.853110E-02   7.959150E-02   0.000000E+00   1.797693+308
     4404        651  -1.057920E-02  -2.548770E-02   5.630970E-02   0.000000E+00   1.797693+308
     3716        652  -3.870920E-02  -3.290460E-02   5.850650E-02   0.000000E+00   1.797693+308
     3794        653  -3.402090E-02  -3.166850E-02   5.814040E-02   0.000000E+00   1.797693+308
     3975        654  -2.933260E-02  -3.043230E-02   5.777430E-02   0.000000E+00   1.797693+308
     3973        655  -2.464420E-02  -2.919620E-02   5.740810E-02   0.000000E+00   1.797693+308
     6015        656  -1.995590E-02  -2.796000E-02   5.704200E-02   0.000000E+00   1.797693+308
     4303        657  -1.526760E-02  -2.672380E-02   5.667590E-02   0.000000E+00   1.797693+308
     3211        658  -4.824890E-02   2.385500E-02   4.169520E-02   0.000000E+00   1.797693+308
     1537        659  -4.535120E-02   2.005940E-02   4.281940E-02   0.000000E+00   1.797693+308
     1553        660  -4.245350E-02   1.626390E-02   4.394360E-02   0.000000E+00   1.797693+308
     3344        661  -3.955590E-02   1.246830E-02   4.506780E-02   0.000000E+00   1.797693+308
     3340        662  -3.665820E-02   8.672670E-03   4.619200E-02   0.000000E+00   1.797693+308
     3551        663  -3.376060E-02   4.877070E-03   4.731620E-02   0.000000E+00   1.797693+308
     3545        664  -3.086290E-02   1.081480E-03   4.844040E-02   0.000000E+00   1.797693+308
     3556        665  -2.796520E-02  -2.714120E-03   4.956460E-02   0.000000E+00   1.797693+308
     3556        666  -2.506760E-02  -6.509710E-03   5.068880E-02   0.000000E+00   1.797693+308
     3730        667  -2.216990E-02  -1.030530E-02   5.181300E-02   0.000000E+00   1.797693+308
     3730        668  -1.927220E-02  -1.410090E-02   5.293720E-02   0.000000E+00   1.797693+308
     3885        669  -1.637460E-02  -1.789650E-02   5.406140E-02   0.000000E+00   1.797693+308
     1419        670  -1.347690E-02  -2.169210E-02   5.518550E-02   0.000000E+00   1.797693+308
     2917        671  -1.354890E-01  -2.288330E-02   5.553840E-02   0.000000E+00   1.797693+308
     5845        672  -1.327330E-01  -1.927370E-02   5.446930E-02   0.000000E+00   1.797693+308
     5816        673  -1.299780E-01  -1.566410E-02   5.340020E-02   0.000000E+00   1.797693+308
     5134        674  -1.272220E-01  -1.205460E-02   5.233110E-02   0.000000E+00   1.797693+308
     5126        675  -1.244670E-01  -8.445010E-03   5.126200E-02   0.000000E+00   1.797693+308
     5132        676  -1.217110E-01  -4.835450E-03   5.019290E-02   0.000000E+00   1.797693+308
     2756        677  -1.189550E-01  -1.225880E-03   4.912380E-02   0.000000E+00   1.797693+308
     2761        678  -1.162000E-01   2.383680E-03   4.805470E-02   0.000000E+00   1.797693+308
     5814        679  -1.134440E-01   5.993250E-03   4.698560E-02   0.000000E+00   1.797693+308
     2772        680  -1.106880E-01   9.602810E-03   4.591650E-02   0.000000E+00   1.797693+308
     2770        681  -1.079330E-01   1.321240E-02   4.484740E-02   0.000000E+00   1.797693+308
     1611        682  -1.051770E-01   1.682190E-02   4.377830E-02   0.000000E+00   1.797693+308
     1612        683  -1.024210E-01   2.043150E-02   4.270920E-02   0.000000E+00   1.797693+308
     2802        684  -9.966570E-02   2.404110E-02   4.164010E-02   0.000000E+00   1.797693+308
     2809        685  -1.310240E-01  -2.449150E-02   5.601470E-02   0.000000E+00   1.797693+308
     4872        686  -1.265580E-01  -2.609970E-02   5.649100E-02   0.000000E+00   1.797693+308
     4869        687  -1.220920E-01  -2.770790E-02   5.696730E-02   0.000000E+00   1.797693+308
     2867        688  -1.176270E-01  -2.931610E-02   5.744370E-02   0.000000E+00   1.797693+308
     2866        689  -1.131610E-01  -3.092430E-02   5.792000E-02   0.000000E+00   1.797693+308
     3005        690  -1.086960E-01  -3.253260E-02   5.839630E-02   0.000000E+00   1.797693+308
     5335        691   3.685450E-03  -3.957980E-02   3.501530E-02   0.000000E+00   1.797693+308
     6048        692  -6.537960E-04  -4.038970E-02   3.573180E-02   0.000000E+00   1.797693+308
     2072        693  -4.993040E-03  -4.119970E-02   3.644840E-02   0.000000E+00   1.797693+308
     4156        694  -9.332280E-03  -4.200970E-02   3.716500E-02   0.000000E+00   1.797693+308
     4147        695  -1.367150E-02  -4.281970E-02   3.788150E-02   0.000000E+00   1.797693+308
     4112        696  -1.801080E-02  -4.362960E-02   3.859810E-02   0.000000E+00   1.797693+308
     6043        697   3.685450E-03  -2.416560E-02   5.243880E-02   0.000000E+00   1.797693+308
     4384        698   3.685450E-03  -2.724840E-02   4.895410E-02   0.000000E+00   1.797693+308
     1353        699   3.685450E-03  -3.033130E-02   4.546940E-02   0.000000E+00   1.797693+308
     1353        700   3.685450E-03  -3.341410E-02   4.198470E-02   0.000000E+00   1.797693+308
      171        701   3.685450E-03  -3.649690E-02   3.850000E-02   0.000000E+00   1.797693+308
     6413        702  -3.671900E-03  -2.553890E-02   5.365370E-02   0.000000E+00   1.797693+308
     4384        703   6.771960E-06  -2.485230E-02   5.304620E-02   0.000000E+00   1.797693+308
     4399        704  -1.002190E-02  -2.559690E-02   5.597670E-02   0.000000E+00   1.797693+308
      186        705  -6.952260E-03  -2.586400E-02   5.452010E-02   0.000000E+00   1.797693+308
     2677        706  -1.632970E-01  -2.513690E-02   2.223800E-02   0.000000E+00   1.797693+308
     2210        707  -1.632970E-01   1.386310E-02  -1.226430E-02   0.000000E+00   1.797693+308
      551        708  -1.632970E-01  -2.159140E-02   1.910140E-02   0.000000E+00   1.797693+308
      541        709  -1.632970E-01  -1.804600E-02   1.596480E-02   0.000000E+00   1.797693+308
     5787        710  -1.632970E-01  -1.450050E-02   1.282830E-02   0.000000E+00   1.797693+308
     5787        711  -1.632970E-01  -1.095510E-02   9.691690E-03   0.000000E+00   1.797693+308
     1873        712  -1.632970E-01  -7.409630E-03   6.555120E-03   0.000000E+00   1.797693+308
     1868        713  -1.632970E-01  -3.864180E-03   3.418550E-03   0.000000E+00   1.797693+308
     2315        714  -1.632970E-01  -3.187280E-04   2.819710E-04   0.000000E+00   1.797693+308
     2318        715  -1.632970E-01   3.226720E-03  -2.854600E-03   0.000000E+00   1.797693+308
     2245        716  -1.632970E-01   6.772170E-03  -5.991180E-03   0.000000E+00   1.797693+308
     2213        717  -1.632970E-01   1.031760E-02  -9.127750E-03   0.000000E+00   1.797693+308
     1894        718  -1.632970E-01  -9.722720E-03   3.966150E-02   0.000000E+00   1.797693+308
     1886        719  -1.632970E-01  -1.280550E-02   3.617680E-02   0.000000E+00   1.797693+308
     5713        720  -1.632970E-01  -1.588840E-02   3.269210E-02   0.000000E+00   1.797693+308
     5713        721  -1.632970E-01  -1.897120E-02   2.920740E-02   0.000000E+00   1.797693+308
      557        722  -1.632970E-01  -2.205400E-02   2.572270E-02   0.000000E+00   1.797693+308
     1786        723  -1.632970E-01   2.927720E-02   5.159180E-03   0.000000E+00   1.797693+308
     1797        724  -1.632970E-01   2.573180E-02   8.295750E-03   0.000000E+00   1.797693+308
     1823        725  -1.632970E-01   2.218630E-02   1.143230E-02   0.000000E+00   1.797693+308
     2192        726  -1.632970E-01   1.864090E-02   1.456890E-02   0.000000E+00   1.797693+308
     2277        727  -1.632970E-01   1.509540E-02   1.770550E-02   0.000000E+00   1.797693+308
     2274        728  -1.632970E-01   1.155000E-02   2.084200E-02   0.000000E+00   1.797693+308
     2440        729  -1.632970E-01   8.004530E-03   2.397860E-02   0.000000E+00   1.797693+308
     2436        730  -1.632970E-01   4.459080E-03   2.711520E-02   0.000000E+00   1.797693+308
     2524        731  -1.632970E-01   9.136300E-04   3.025180E-02   0.000000E+00   1.797693+308
     2530        732  -1.632970E-01  -2.631820E-03   3.338830E-02   0.000000E+00   1.797693+308
     1885        733  -1.632970E-01  -6.177270E-03   3.652490E-02   0.000000E+00   1.797693+308
     1800        734  -1.632970E-01   2.619440E-02   1.674480E-03   0.000000E+00   1.797693+308
     1813        735  -1.632970E-01   2.311160E-02  -1.810220E-03   0.000000E+00   1.797693+308
     1813        736  -1.632970E-01   2.002870E-02  -5.294920E-03   0.000000E+00   1.797693+308
     2218        737  -1.632970E-01   1.694590E-02  -8.779620E-03   0.000000E+00   1.797693+308
     2263        738  -1.461700E-01   2.518970E-02  -2.228470E-02   0.000000E+00   1.797693+308
     4186        739   1.886180E-03   1.135900E-02  -1.004900E-02   0.000000E+00   1.797693+308
     2257        740  -1.412350E-01   2.472860E-02  -2.187680E-02   0.000000E+00   1.797693+308
     2329        741  -1.363000E-01   2.426760E-02  -2.146900E-02   0.000000E+00   1.797693+308
     2329        742  -1.313650E-01   2.380660E-02  -2.106110E-02   0.000000E+00   1.797693+308
     1872        743  -1.264300E-01   2.334560E-02  -2.065330E-02   0.000000E+00   1.797693+308
     2495        744  -1.214940E-01   2.288460E-02  -2.024540E-02   0.000000E+00   1.797693+308
     1877        745  -1.165590E-01   2.242350E-02  -1.983760E-02   0.000000E+00   1.797693+308
     1878        746  -1.116240E-01   2.196250E-02  -1.942970E-02   0.000000E+00   1.797693+308
     1881        747  -1.066890E-01   2.150150E-02  -1.902180E-02   0.000000E+00   1.797693+308
     1895        748  -1.017530E-01   2.104050E-02  -1.861400E-02   0.000000E+00   1.797693+308
      474        749  -9.681820E-02   2.057940E-02  -1.820610E-02   0.000000E+00   1.797693+308
     1923        750  -9.188300E-02   2.011840E-02  -1.779830E-02   0.000000E+00   1.797693+308
     5824        751  -8.694780E-02   1.965740E-02  -1.739040E-02   0.000000E+00   1.797693+308
     2815        752  -8.201260E-02   1.919640E-02  -1.698260E-02   0.000000E+00   1.797693+308
     5821        753  -7.707730E-02   1.873530E-02  -1.657470E-02   0.000000E+00   1.797693+308
     1982        754  -7.214210E-02   1.827430E-02  -1.616690E-02   0.000000E+00   1.797693+308
     1983        755  -6.720690E-02   1.781330E-02  -1.575900E-02   0.000000E+00   1.797693+308
     1983        756  -6.227170E-02   1.735230E-02  -1.535110E-02   0.000000E+00   1.797693+308
     1984        757  -5.733650E-02   1.689120E-02  -1.494330E-02   0.000000E+00   1.797693+308
     1985        758  -5.240120E-02   1.643020E-02  -1.453540E-02   0.000000E+00   1.797693+308
     3088        759  -4.746600E-02   1.596920E-02  -1.412760E-02   0.000000E+00   1.797693+308
     1989        760  -4.253080E-02   1.550820E-02  -1.371970E-02   0.000000E+00   1.797693+308
      299        761  -3.759560E-02   1.504720E-02  -1.331190E-02   0.000000E+00   1.797693+308
      302        762  -3.266040E-02   1.458610E-02  -1.290400E-02   0.000000E+00   1.797693+308
     3494        763  -2.772510E-02   1.412510E-02  -1.249610E-02   0.000000E+00   1.797693+308
     3490        764  -2.278990E-02   1.366410E-02  -1.208830E-02   0.000000E+00   1.797693+308
     3648        765  -1.785470E-02   1.320310E-02  -1.168040E-02   0.000000E+00   1.797693+308
     2005        766  -1.291950E-02   1.274200E-02  -1.127260E-02   0.000000E+00   1.797693+308
     6687        767  -7.984260E-03   1.228100E-02  -1.086470E-02   0.000000E+00   1.797693+308
     4009        768  -3.049040E-03   1.182000E-02  -1.045690E-02   0.000000E+00   1.797693+308
     5703        769  -1.461700E-01   4.060380E-02  -4.861200E-03   0.000000E+00   1.797693+308
     1843        770  -1.461700E-01   3.752100E-02  -8.345900E-03   0.000000E+00   1.797693+308
     1846        771  -1.461700E-01   3.443820E-02  -1.183060E-02   0.000000E+00   1.797693+308
     1236        772  -1.461700E-01   3.135530E-02  -1.531530E-02   0.000000E+00   1.797693+308
     1233        773  -1.461700E-01   2.827250E-02  -1.880000E-02   0.000000E+00   1.797693+308
     1214        774  -1.443850E-01   4.043700E-02  -4.713620E-03   0.000000E+00   1.797693+308
     1859        775  -1.380350E-01   4.097120E-02  -2.914480E-03   0.000000E+00   1.797693+308
     6633        776  -1.411000E-01   4.041820E-02  -4.116570E-03   0.000000E+00   1.797693+308
     2608        777  -1.186160E-01   4.658590E-02   7.087450E-03   0.000000E+00   1.797693+308
     1876        778  -1.225000E-01   4.546300E-02   5.087060E-03   0.000000E+00   1.797693+308
     2413        779  -1.263830E-01   4.434010E-02   3.086670E-03   0.000000E+00   1.797693+308
     5775        780  -1.302670E-01   4.321710E-02   1.086290E-03   0.000000E+00   1.797693+308
     1859        781  -1.341510E-01   4.209420E-02  -9.140980E-04   0.000000E+00   1.797693+308
     2002        782  -1.002190E-02   2.901290E-02   7.664750E-03   0.000000E+00   1.797693+308
     3660        783  -1.402920E-02   3.092030E-02   9.066430E-03   0.000000E+00   1.797693+308
     3469        784  -1.803660E-02   3.282760E-02   1.046810E-02   0.000000E+00   1.797693+308
     3467        785  -2.204390E-02   3.473500E-02   1.186980E-02   0.000000E+00   1.797693+308
     3349        786  -2.605120E-02   3.664230E-02   1.327150E-02   0.000000E+00   1.797693+308
     3353        787  -3.005850E-02   3.854970E-02   1.467310E-02   0.000000E+00   1.797693+308
     3359        788  -3.406590E-02   4.045700E-02   1.607480E-02   0.000000E+00   1.797693+308
     3940        789  -3.671900E-03   2.729230E-02   6.915170E-03   0.000000E+00   1.797693+308
     6013        790  -6.956700E-03   2.788720E-02   6.969290E-03   0.000000E+00   1.797693+308
      757        791   1.886180E-03   2.677310E-02   7.374500E-03   0.000000E+00   1.797693+308
      758        792  -8.928620E-04   2.703270E-02   7.144830E-03   0.000000E+00   1.797693+308
     2017        793   1.886180E-03   2.369030E-02   3.889800E-03   0.000000E+00   1.797693+308
      797        794   1.886180E-03   2.060750E-02   4.050980E-04   0.000000E+00   1.797693+308
      797        795   1.886180E-03   1.752460E-02  -3.079600E-03   0.000000E+00   1.797693+308
      799        796   1.886180E-03   1.444180E-02  -6.564300E-03   0.000000E+00   1.797693+308
     2718        797  -1.529680E-01  -3.594230E-02   3.179730E-02   0.000000E+00   1.797693+308
     2823        798  -1.238060E-01  -4.337740E-02   3.837500E-02   0.000000E+00   1.797693+308
     1966        799  -1.279720E-01  -4.231530E-02   3.743530E-02   0.000000E+00   1.797693+308
     1965        800  -1.321380E-01  -4.125310E-02   3.649570E-02   0.000000E+00   1.797693+308
     1964        801  -1.363040E-01  -4.019100E-02   3.555600E-02   0.000000E+00   1.797693+308
      442        802  -1.404700E-01  -3.912880E-02   3.461630E-02   0.000000E+00   1.797693+308
      436        803  -1.446360E-01  -3.806660E-02   3.367670E-02   0.000000E+00   1.797693+308
     2723        804  -1.488020E-01  -3.700450E-02   3.273700E-02   0.000000E+00   1.797693+308
     2926        805  -1.380350E-01  -2.320810E-02   5.386340E-02   0.000000E+00   1.797693+308
     1011        806  -1.443850E-01  -2.271650E-02   5.115680E-02   0.000000E+00   1.797693+308
     2843        807  -1.411090E-01  -2.326520E-02   5.221940E-02   0.000000E+00   1.797693+308
     5720        808  -1.529680E-01  -2.052820E-02   4.922080E-02   0.000000E+00   1.797693+308
     5720        809  -1.486760E-01  -2.162230E-02   5.018880E-02   0.000000E+00   1.797693+308
      425        810  -1.529680E-01  -2.361100E-02   4.573610E-02   0.000000E+00   1.797693+308
      424        811  -1.529680E-01  -2.669380E-02   4.225140E-02   0.000000E+00   1.797693+308
     6464        812  -1.529680E-01  -2.977670E-02   3.876670E-02   0.000000E+00   1.797693+308
     6730        813  -1.529680E-01  -3.285950E-02   3.528200E-02   0.000000E+00   1.797693+308
      189        814  -3.671900E-03  -2.303090E-02   5.143490E-02   0.000000E+00   1.797693+308
     3885        815  -1.002190E-02  -1.816030E-02   4.939770E-02   0.000000E+00   1.797693+308
     4161        816  -1.002190E-02  -2.187860E-02   5.268720E-02   0.000000E+00   1.797693+308
     1750        817  -1.002190E-02   1.071700E-02   2.385070E-02   0.000000E+00   1.797693+308
      972        818  -1.002190E-02   7.339540E-03   2.683870E-02   0.000000E+00   1.797693+308
      846        819  -1.002190E-02   3.962030E-03   2.982670E-02   0.000000E+00   1.797693+308
     3827        820  -1.002190E-02   5.845280E-04   3.281470E-02   0.000000E+00   1.797693+308
     2008        821  -1.002190E-02  -2.792980E-03   3.580270E-02   0.000000E+00   1.797693+308
     2012        822  -1.002190E-02  -6.170490E-03   3.879070E-02   0.000000E+00   1.797693+308
     3939        823  -1.002190E-02   2.567150E-02   1.062090E-02   0.000000E+00   1.797693+308
     2003        824  -1.002190E-02   2.233000E-02   1.357700E-02   0.000000E+00   1.797693+308
      972        825  -3.671900E-03   4.579790E-03   2.700840E-02   0.000000E+00   1.797693+308
     3827        826  -3.671900E-03   1.145880E-03   3.004630E-02   0.000000E+00   1.797693+308
     2008        827  -3.671900E-03  -2.288030E-03   3.308420E-02   0.000000E+00   1.797693+308
     2023        828  -3.671900E-03   2.505350E-02   8.895830E-03   0.000000E+00   1.797693+308
     2131        829   7.433940E-03  -2.305430E-02   5.145560E-02   0.000000E+00   1.797693+308
     2165        830   1.066220E-02  -2.124570E-02   4.985560E-02   0.000000E+00   1.797693+308
     2175        831   1.314440E-02  -1.886650E-02   4.775070E-02   0.000000E+00   1.797693+308
     2158        832   1.470680E-02  -1.608300E-02   4.528820E-02   0.000000E+00   1.797693+308
     2140        833   1.460650E-02   1.870330E-02   1.451370E-02   0.000000E+00   1.797693+308
     2087        834   1.275870E-02   2.168930E-02   1.187200E-02   0.000000E+00   1.797693+308
     2071        835   9.850110E-03   2.415630E-02   9.689530E-03   0.000000E+00   1.797693+308
      750        836   6.122650E-03   2.589920E-02   8.147620E-03   0.000000E+00   1.797693+308
     2811        837  -1.380350E-01  -1.410800E-02   4.581280E-02   0.000000E+00   1.797693+308
     2851        838  -1.380350E-01  -1.714140E-02   4.849630E-02   0.000000E+00   1.797693+308
     2841        839  -1.380350E-01  -2.017470E-02   5.117990E-02   0.000000E+00   1.797693+308
     2842        840  -1.443850E-01  -1.993600E-02   4.869690E-02   0.000000E+00   1.797693+308
     5710        841  -1.380350E-01   2.451470E-02   1.164420E-02   0.000000E+00   1.797693+308
     1864        842  -1.380350E-01   2.110410E-02   1.466150E-02   0.000000E+00   1.797693+308
     2398        843  -1.380350E-01   1.769350E-02   1.767880E-02   0.000000E+00   1.797693+308
     2517        844  -1.380350E-01   1.428290E-02   2.069600E-02   0.000000E+00   1.797693+308
     1705        845  -1.380350E-01   1.087230E-02   2.371330E-02   0.000000E+00   1.797693+308
     1703        846  -1.380350E-01   7.461700E-03   2.673060E-02   0.000000E+00   1.797693+308
     2585        847  -1.380350E-01   4.051100E-03   2.974790E-02   0.000000E+00   1.797693+308
     2588        848  -1.380350E-01   6.405080E-04   3.276510E-02   0.000000E+00   1.797693+308
     5716        849  -1.380350E-01  -2.770090E-03   3.578240E-02   0.000000E+00   1.797693+308
     1217        850  -1.380350E-01   3.825390E-02  -5.105340E-04   0.000000E+00   1.797693+308
     2370        851  -1.380350E-01   3.553660E-02   1.893420E-03   0.000000E+00   1.797693+308
     1864        852  -1.443850E-01   1.838740E-02   1.479310E-02   0.000000E+00   1.797693+308
     2396        853  -1.443850E-01   1.493040E-02   1.785150E-02   0.000000E+00   1.797693+308
     2517        854  -1.443850E-01   1.147340E-02   2.090980E-02   0.000000E+00   1.797693+308
     1706        855  -1.443850E-01   8.016390E-03   2.396810E-02   0.000000E+00   1.797693+308
     2585        856  -1.443850E-01   4.559390E-03   2.702650E-02   0.000000E+00   1.797693+308
     2583        857  -1.443850E-01   1.102380E-03   3.008480E-02   0.000000E+00   1.797693+308
     1217        858  -1.443850E-01   3.854120E-02  -3.036410E-03   0.000000E+00   1.797693+308
     1821        859  -1.504600E-01   4.054870E-02  -4.812420E-03   0.000000E+00   1.797693+308
     1783        860  -1.545600E-01   3.960010E-02  -3.973240E-03   0.000000E+00   1.797693+308
     1764        861  -1.581440E-01   3.783330E-02  -2.410180E-03   0.000000E+00   1.797693+308
     1755        862  -1.609280E-01   3.538830E-02  -2.471170E-04   0.000000E+00   1.797693+308
     1766        863  -1.626930E-01   3.245880E-02   2.344480E-03   0.000000E+00   1.797693+308
     1922        864  -1.625670E-01  -1.321210E-02   4.274840E-02   0.000000E+00   1.797693+308
     1934        865  -1.604480E-01  -1.636740E-02   4.553980E-02   0.000000E+00   1.797693+308
     1943        866  -1.571430E-01  -1.888640E-02   4.776840E-02   0.000000E+00   1.797693+308
     5317        867   1.470680E-02  -3.149710E-02   2.786470E-02   0.000000E+00   1.797693+308
     6161        868   1.314440E-02  -3.428060E-02   3.032720E-02   0.000000E+00   1.797693+308
     6161        869   1.066220E-02  -3.665990E-02   3.243210E-02   0.000000E+00   1.797693+308
     5333        870   7.433940E-03  -3.846850E-02   3.403210E-02   0.000000E+00   1.797693+308
     4352        871   6.122650E-03   1.048510E-02  -9.275880E-03   0.000000E+00   1.797693+308
     4351        872   9.850110E-03   8.742150E-03  -7.733970E-03   0.000000E+00   1.797693+308
     4489        873   1.275870E-02   6.275140E-03  -5.551470E-03   0.000000E+00   1.797693+308
     4486        874   1.460650E-02   3.289130E-03  -2.909810E-03   0.000000E+00   1.797693+308
     2179        875  -1.626930E-01   1.704470E-02  -1.507900E-02   0.000000E+00   1.797693+308
     2178        876  -1.609280E-01   1.997410E-02  -1.767060E-02   0.000000E+00   1.797693+308
     2236        877  -1.581440E-01   2.241910E-02  -1.983370E-02   0.000000E+00   1.797693+308
     2236        878  -1.545600E-01   2.418600E-02  -2.139670E-02   0.000000E+00   1.797693+308
     2240        879  -1.504600E-01   2.513450E-02  -2.223590E-02   0.000000E+00   1.797693+308
     2683        880  -1.571430E-01  -3.430060E-02   3.034490E-02   0.000000E+00   1.797693+308
     2683        881  -1.604480E-01  -3.178150E-02   2.811630E-02   0.000000E+00   1.797693+308
     2673        882  -1.625670E-01  -2.862620E-02   2.532490E-02   0.000000E+00   1.797693+308
     3536        883  -9.212580E-02  -2.279250E-02   6.868500E-02   0.000000E+00   1.797693+308
     3401        884  -9.212580E-02  -2.052550E-02   6.436560E-02   0.000000E+00   1.797693+308
     3298        885  -9.212580E-02  -1.651090E-02   6.159460E-02   0.000000E+00   1.797693+308
     5225        886  -9.212580E-02  -1.166840E-02   6.100660E-02   0.000000E+00   1.797693+308
     6800        887  -9.212580E-02  -7.107290E-03   6.273640E-02   0.000000E+00   1.797693+308
     3281        888  -9.212580E-02  -3.872520E-03   6.638770E-02   0.000000E+00   1.797693+308
     3394        889  -9.212580E-02  -2.705120E-03   7.112400E-02   0.000000E+00   1.797693+308
     3430        890  -9.212580E-02  -3.872520E-03   7.586040E-02   0.000000E+00   1.797693+308
     3851        891  -9.212580E-02  -7.107290E-03   7.951170E-02   0.000000E+00   1.797693+308
     4174        892  -9.212580E-02  -1.166840E-02   8.124150E-02   0.000000E+00   1.797693+308
     6779        893  -9.212580E-02  -1.651090E-02   8.065350E-02   0.000000E+00   1.797693+308
     3808        894  -9.212580E-02  -2.052550E-02   7.788240E-02   0.000000E+00   1.797693+308
     3807        895  -9.212580E-02  -2.279250E-02   7.356310E-02   0.000000E+00   1.797693+308
     3801        896  -9.149080E-02  -2.217590E-02   7.341110E-02   0.000000E+00   1.797693+308
     3800        897  -9.149080E-02  -2.005020E-02   7.746130E-02   0.000000E+00   1.797693+308
     3995        898  -9.149080E-02  -1.628570E-02   8.005970E-02   0.000000E+00   1.797693+308
     4180        899  -9.149080E-02  -1.174490E-02   8.061110E-02   0.000000E+00   1.797693+308
     3852        900  -9.149080E-02  -7.468010E-03   7.898910E-02   0.000000E+00   1.797693+308
     3579        901  -9.149080E-02  -4.434780E-03   7.556530E-02   0.000000E+00   1.797693+308
     3387        902  -9.149080E-02  -3.340120E-03   7.112400E-02   0.000000E+00   1.797693+308
     3287        903  -9.149080E-02  -4.434780E-03   6.668280E-02   0.000000E+00   1.797693+308
     3288        904  -9.149080E-02  -7.468010E-03   6.325900E-02   0.000000E+00   1.797693+308
     5231        905  -9.149080E-02  -1.174490E-02   6.163700E-02   0.000000E+00   1.797693+308
     6702        906  -9.149080E-02  -1.628570E-02   6.218830E-02   0.000000E+00   1.797693+308
     3398        907  -9.149080E-02  -2.005020E-02   6.478670E-02   0.000000E+00   1.797693+308
     3523        908  -9.149080E-02  -2.217590E-02   6.883690E-02   0.000000E+00   1.797693+308
     3584        909  -8.450580E-02  -2.279250E-02   7.356310E-02   0.000000E+00   1.797693+308
     3809        910  -8.450580E-02  -2.052550E-02   7.788240E-02   0.000000E+00   1.797693+308
     6766        911  -8.450580E-02  -1.651090E-02   8.065350E-02   0.000000E+00   1.797693+308
     3862        912  -8.450580E-02  -1.166840E-02   8.124150E-02   0.000000E+00   1.797693+308
     3856        913  -8.450580E-02  -7.107290E-03   7.951170E-02   0.000000E+00   1.797693+308
     3443        914  -8.450580E-02  -3.872520E-03   7.586040E-02   0.000000E+00   1.797693+308
     3381        915  -8.450580E-02  -2.705120E-03   7.112400E-02   0.000000E+00   1.797693+308
     6487        916  -8.450580E-02  -3.872520E-03   6.638770E-02   0.000000E+00   1.797693+308
      521        917  -8.450580E-02  -7.107290E-03   6.273640E-02   0.000000E+00   1.797693+308
     3144        918  -8.450580E-02  -1.166840E-02   6.100660E-02   0.000000E+00   1.797693+308
     1528        919  -8.450580E-02  -1.651090E-02   6.159460E-02   0.000000E+00   1.797693+308
     1523        920  -8.450580E-02  -2.052550E-02   6.436560E-02   0.000000E+00   1.797693+308
     3532        921  -8.450580E-02  -2.279250E-02   6.868500E-02   0.000000E+00   1.797693+308
     3521        922  -8.514080E-02  -2.217590E-02   6.883690E-02   0.000000E+00   1.797693+308
     3398        923  -8.514080E-02  -2.005020E-02   6.478670E-02   0.000000E+00   1.797693+308
     1531        924  -8.514080E-02  -1.628570E-02   6.218830E-02   0.000000E+00   1.797693+308
     1004        925  -8.514080E-02  -1.174490E-02   6.163700E-02   0.000000E+00   1.797693+308
      515        926  -8.514080E-02  -7.468010E-03   6.325900E-02   0.000000E+00   1.797693+308
     3290        927  -8.514080E-02  -4.434780E-03   6.668280E-02   0.000000E+00   1.797693+308
     3380        928  -8.514080E-02  -3.340120E-03   7.112400E-02   0.000000E+00   1.797693+308
     3581        929  -8.514080E-02  -4.434780E-03   7.556530E-02   0.000000E+00   1.797693+308
     3864        930  -8.514080E-02  -7.468010E-03   7.898910E-02   0.000000E+00   1.797693+308
     4180        931  -8.514080E-02  -1.174490E-02   8.061110E-02   0.000000E+00   1.797693+308
     3992        932  -8.514080E-02  -1.628570E-02   8.005970E-02   0.000000E+00   1.797693+308
     3803        933  -8.514080E-02  -2.005020E-02   7.746130E-02   0.000000E+00   1.797693+308
     5978        934  -8.514080E-02  -2.217590E-02   7.341110E-02   0.000000E+00   1.797693+308
      811        935  -6.355080E-02  -2.279250E-02   6.868500E-02   0.000000E+00   1.797693+308
     3671        936  -6.355080E-02  -2.052550E-02   6.436560E-02   0.000000E+00   1.797693+308
      862        937  -6.355080E-02  -1.651090E-02   6.159460E-02   0.000000E+00   1.797693+308
     6446        938  -6.355080E-02  -1.166840E-02   6.100660E-02   0.000000E+00   1.797693+308
     3636        939  -6.355080E-02  -7.107290E-03   6.273640E-02   0.000000E+00   1.797693+308
      274        940  -6.355080E-02  -3.872520E-03   6.638770E-02   0.000000E+00   1.797693+308
     4036        941  -6.355080E-02  -2.705120E-03   7.112400E-02   0.000000E+00   1.797693+308
     3877        942  -6.355080E-02  -3.872520E-03   7.586040E-02   0.000000E+00   1.797693+308
     6769        943  -6.355080E-02  -7.107290E-03   7.951170E-02   0.000000E+00   1.797693+308
       17        944  -6.355080E-02  -1.166840E-02   8.124150E-02   0.000000E+00   1.797693+308
     6794        945  -6.355080E-02  -1.651090E-02   8.065350E-02   0.000000E+00   1.797693+308
     4314        946  -6.355080E-02  -2.052550E-02   7.788240E-02   0.000000E+00   1.797693+308
     6661        947  -6.355080E-02  -2.279250E-02   7.356310E-02   0.000000E+00   1.797693+308
     1369        948  -6.291580E-02  -2.217590E-02   7.341110E-02   0.000000E+00   1.797693+308
     1363        949  -6.291580E-02  -2.005020E-02   7.746130E-02   0.000000E+00   1.797693+308
     4533        950  -6.291580E-02  -1.628570E-02   8.005970E-02   0.000000E+00   1.797693+308
       10        951  -6.291580E-02  -1.174490E-02   8.061110E-02   0.000000E+00   1.797693+308
     4460        952  -6.291580E-02  -7.468010E-03   7.898910E-02   0.000000E+00   1.797693+308
     4212        953  -6.291580E-02  -4.434780E-03   7.556530E-02   0.000000E+00   1.797693+308
     6742        954  -6.291580E-02  -3.340120E-03   7.112400E-02   0.000000E+00   1.797693+308
      265        955  -6.291580E-02  -4.434780E-03   6.668280E-02   0.000000E+00   1.797693+308
     3629        956  -6.291580E-02  -7.468010E-03   6.325900E-02   0.000000E+00   1.797693+308
     3684        957  -6.291580E-02  -1.174490E-02   6.163700E-02   0.000000E+00   1.797693+308
     3673        958  -6.291580E-02  -1.628570E-02   6.218830E-02   0.000000E+00   1.797693+308
     3672        959  -6.291580E-02  -2.005020E-02   6.478670E-02   0.000000E+00   1.797693+308
      814        960  -6.291580E-02  -2.217590E-02   6.883690E-02   0.000000E+00   1.797693+308
     1375        961  -5.593080E-02  -2.279250E-02   7.356310E-02   0.000000E+00   1.797693+308
     6665        962  -5.593080E-02  -2.052550E-02   7.788240E-02   0.000000E+00   1.797693+308
     4531        963  -5.593080E-02  -1.651090E-02   8.065350E-02   0.000000E+00   1.797693+308
     6382        964  -5.593080E-02  -1.166840E-02   8.124150E-02   0.000000E+00   1.797693+308
     6771        965  -5.593080E-02  -7.107290E-03   7.951170E-02   0.000000E+00   1.797693+308
     3871        966  -5.593080E-02  -3.872520E-03   7.586040E-02   0.000000E+00   1.797693+308
      860        967  -5.593080E-02  -2.705120E-03   7.112400E-02   0.000000E+00   1.797693+308
     4640        968  -5.593080E-02  -3.872520E-03   6.638770E-02   0.000000E+00   1.797693+308
     3630        969  -5.593080E-02  -7.107290E-03   6.273640E-02   0.000000E+00   1.797693+308
     5936        970  -5.593080E-02  -1.166840E-02   6.100660E-02   0.000000E+00   1.797693+308
     3678        971  -5.593080E-02  -1.651090E-02   6.159460E-02   0.000000E+00   1.797693+308
     3674        972  -5.593080E-02  -2.052550E-02   6.436560E-02   0.000000E+00   1.797693+308
     3959        973  -5.593080E-02  -2.279250E-02   6.868500E-02   0.000000E+00   1.797693+308
      809        974  -5.656580E-02  -2.217590E-02   6.883690E-02   0.000000E+00   1.797693+308
     3672        975  -5.656580E-02  -2.005020E-02   6.478670E-02   0.000000E+00   1.797693+308
     3677        976  -5.656580E-02  -1.628570E-02   6.218830E-02   0.000000E+00   1.797693+308
     3695        977  -5.656580E-02  -1.174490E-02   6.163700E-02   0.000000E+00   1.797693+308
     3627        978  -5.656580E-02  -7.468010E-03   6.325900E-02   0.000000E+00   1.797693+308
      263        979  -5.656580E-02  -4.434780E-03   6.668280E-02   0.000000E+00   1.797693+308
      856        980  -5.656580E-02  -3.340120E-03   7.112400E-02   0.000000E+00   1.797693+308
     4222        981  -5.656580E-02  -4.434780E-03   7.556530E-02   0.000000E+00   1.797693+308
     4460        982  -5.656580E-02  -7.468010E-03   7.898910E-02   0.000000E+00   1.797693+308
       10        983  -5.656580E-02  -1.174490E-02   8.061110E-02   0.000000E+00   1.797693+308
     4528        984  -5.656580E-02  -1.628570E-02   8.005970E-02   0.000000E+00   1.797693+308
     1364        985  -5.656580E-02  -2.005020E-02   7.746130E-02   0.000000E+00   1.797693+308
     1369        986  -5.656580E-02  -2.217590E-02   7.341110E-02   0.000000E+00   1.797693+308
     4409        987  -1.292340E-02  -2.610580E-02   5.649280E-02   0.000000E+00   1.797693+308
     4408        988  -1.175130E-02  -2.579670E-02   5.640130E-02   0.000000E+00   1.797693+308
     4305        989  -1.202810E-02  -2.358990E-02   5.574760E-02   0.000000E+00   1.797693+308
     4393        990  -1.130360E-02  -2.453880E-02   5.602870E-02   0.000000E+00   1.797693+308
     4333        991  -8.526590E-03  -2.580510E-02   5.517890E-02   0.000000E+00   1.797693+308
     6030        992  -1.002190E-02  -2.373770E-02   5.433200E-02   0.000000E+00   1.797693+308
     4393        993  -1.002190E-02  -2.466730E-02   5.515430E-02   0.000000E+00   1.797693+308
     3608        994  -9.477870E-03   3.665230E-03   8.343080E-03   0.000000E+00   1.797693+308
      736        995  -6.468720E-03   1.582770E-04   1.144560E-02   0.000000E+00   1.797693+308
     4133        996  -1.267670E-03  -1.570330E-03   1.273870E-02   0.000000E+00   1.797693+308
     4136        997   4.103470E-03  -9.802010E-04   1.245280E-02   0.000000E+00   1.797693+308
     4370        998   8.309900E-03   1.749730E-03   1.003770E-02   0.000000E+00   1.797693+308
      701        999   9.878000E-03   5.749590E-03   6.499090E-03   0.000000E+00   1.797693+308
     4355       1000   8.309900E-03   9.749450E-03   2.960510E-03   0.000000E+00   1.797693+308
     2038       1001   4.103470E-03   1.247940E-02   5.454060E-04   0.000000E+00   1.797693+308
      798       1002  -1.405790E-03   1.307270E-02   2.055310E-05   0.000000E+00   1.797693+308
     1429       1003  -6.468720E-03   1.134090E-02   1.552590E-03   0.000000E+00   1.797693+308
     3823       1004  -9.284740E-03   7.730760E-03   4.508550E-03   0.000000E+00   1.797693+308
     6003       1005  -9.477870E-03  -2.487130E-02   3.358870E-02   0.000000E+00   1.797693+308
     4089       1006  -6.468720E-03  -2.837830E-02   3.669120E-02   0.000000E+00   1.797693+308
     1384       1007  -1.267670E-03  -3.010690E-02   3.798430E-02   0.000000E+00   1.797693+308
     1502       1008   4.103470E-03  -2.951670E-02   3.769840E-02   0.000000E+00   1.797693+308
     1502       1009   8.309900E-03  -2.678680E-02   3.528330E-02   0.000000E+00   1.797693+308
     5580       1010   9.878000E-03  -2.278690E-02   3.174470E-02   0.000000E+00   1.797693+308
     4560       1011   8.309900E-03  -1.878710E-02   2.820610E-02   0.000000E+00   1.797693+308
     6165       1012   4.103470E-03  -1.605720E-02   2.579100E-02   0.000000E+00   1.797693+308
     4018       1013  -1.405790E-03  -1.546390E-02   2.526610E-02   0.000000E+00   1.797693+308
     6009       1014  -6.468720E-03  -1.719560E-02   2.679820E-02   0.000000E+00   1.797693+308
     3906       1015  -9.284740E-03  -2.080580E-02   2.975410E-02   0.000000E+00   1.797693+308
     2295       1016  -1.575340E-01   1.749590E-02  -3.892620E-03   0.000000E+00   1.797693+308
     2281       1017  -1.545250E-01   1.398900E-02  -7.901060E-04   0.000000E+00   1.797693+308
     2281       1018  -1.493240E-01   1.226040E-02   5.030490E-04   0.000000E+00   1.797693+308
     2405       1019  -1.439530E-01   1.285050E-02   2.170790E-04   0.000000E+00   1.797693+308
     2433       1020  -1.397470E-01   1.558040E-02  -2.198030E-03   0.000000E+00   1.797693+308
     5694       1021  -1.381790E-01   1.958030E-02  -5.736610E-03   0.000000E+00   1.797693+308
     2335       1022  -1.397470E-01   2.358020E-02  -9.275190E-03   0.000000E+00   1.797693+308
     1241       1023  -1.439530E-01   2.631010E-02  -1.169030E-02   0.000000E+00   1.797693+308
     6636       1024  -1.494620E-01   2.690340E-02  -1.221510E-02   0.000000E+00   1.797693+308
     2222       1025  -1.545250E-01   2.517160E-02  -1.068310E-02   0.000000E+00   1.797693+308
     2186       1026  -1.573410E-01   2.156150E-02  -7.727150E-03   0.000000E+00   1.797693+308
     1079       1027  -1.575340E-01  -2.150400E-02   3.060970E-02   0.000000E+00   1.797693+308
     6728       1028  -1.545250E-01  -2.501100E-02   3.371220E-02   0.000000E+00   1.797693+308
     1090       1029  -1.493240E-01  -2.673960E-02   3.500540E-02   0.000000E+00   1.797693+308
     2829       1030  -1.439530E-01  -2.614940E-02   3.471940E-02   0.000000E+00   1.797693+308
     1034       1031  -1.397470E-01  -2.341950E-02   3.230430E-02   0.000000E+00   1.797693+308
     1041       1032  -1.381790E-01  -1.941960E-02   2.876570E-02   0.000000E+00   1.797693+308
     5805       1033  -1.397470E-01  -1.541980E-02   2.522710E-02   0.000000E+00   1.797693+308
     2566       1034  -1.439530E-01  -1.268980E-02   2.281200E-02   0.000000E+00   1.797693+308
     2540       1035  -1.494620E-01  -1.209660E-02   2.228720E-02   0.000000E+00   1.797693+308
     2547       1036  -1.545250E-01  -1.382830E-02   2.381920E-02   0.000000E+00   1.797693+308
     5089       1037  -1.573410E-01  -1.743850E-02   2.677520E-02   0.000000E+00   1.797693+308
     5374       1038  -1.048150E-02   1.301090E-02   1.639500E-02   0.000000E+00   1.797693+308
     3937       1039   1.539950E-04   2.070440E-02   7.496490E-03   0.000000E+00   1.797693+308
     2081       1040   8.289270E-03   1.758070E-02   1.004510E-02   0.000000E+00   1.797693+308
     4265       1041   1.033490E-02   1.115330E-02   1.573740E-02   0.000000E+00   1.797693+308
     4255       1042   5.849440E-03   6.316930E-03   2.037470E-02   0.000000E+00   1.797693+308
      968       1043  -2.974850E-03   5.283650E-03   2.123430E-02   0.000000E+00   1.797693+308
      962       1044  -2.342280E-03   1.729860E-02   4.042730E-03   0.000000E+00   1.797693+308
     2069       1045   7.852740E-03   1.463730E-02   5.932850E-03   0.000000E+00   1.797693+308
     5732       1046   1.044190E-02   8.313930E-03   1.157380E-02   0.000000E+00   1.797693+308
     4263       1047   4.146120E-03   2.180020E-03   1.709050E-02   0.000000E+00   1.797693+308
     3657       1048  -4.803670E-03   2.433890E-03   1.691180E-02   0.000000E+00   1.797693+308
     3653       1049  -1.001300E-02   7.614660E-03   1.357890E-02   0.000000E+00   1.797693+308
     3605       1050  -1.028370E-02   1.152800E-02   9.536980E-03   0.000000E+00   1.797693+308
     3948       1051  -5.790450E-03   1.899090E-02   8.173200E-03   0.000000E+00   1.797693+308
     2003       1052  -9.360250E-03   1.669080E-02   1.155070E-02   0.000000E+00   1.797693+308
     2071       1053   5.062780E-03   1.898870E-02   7.510500E-03   0.000000E+00   1.797693+308
     2111       1054   1.035130E-02   1.353130E-02   1.229070E-02   0.000000E+00   1.797693+308
     4066       1055   1.915380E-03   4.292360E-03   2.049560E-02   0.000000E+00   1.797693+308
     2046       1056   3.326520E-03   1.761780E-02   4.818760E-03   0.000000E+00   1.797693+308
     2088       1057   9.939290E-03   1.268700E-02   9.042830E-03   0.000000E+00   1.797693+308
     4257       1058   8.679840E-03   5.964030E-03   1.576810E-02   0.000000E+00   1.797693+308
     3899       1059  -3.690590E-04   2.230060E-03   1.841960E-02   0.000000E+00   1.797693+308
     3655       1060  -8.217170E-03   5.391520E-03   1.605860E-02   0.000000E+00   1.797693+308
      957       1061  -8.639280E-03   1.481980E-02   7.636850E-03   0.000000E+00   1.797693+308
      978       1062  -6.788080E-03   6.164080E-03   1.913850E-02   0.000000E+00   1.797693+308
      976       1063  -9.001590E-03   8.360090E-03   1.772770E-02   0.000000E+00   1.797693+308
      217       1064  -1.048150E-02  -1.552560E-02   4.164060E-02   0.000000E+00   1.797693+308
     2015       1065   1.539950E-04  -7.832160E-03   3.274210E-02   0.000000E+00   1.797693+308
     4247       1066   8.289270E-03  -1.095590E-02   3.529070E-02   0.000000E+00   1.797693+308
     2175       1067   1.033490E-02  -1.738330E-02   4.098300E-02   0.000000E+00   1.797693+308
     2165       1068   5.849440E-03  -2.221960E-02   4.562030E-02   0.000000E+00   1.797693+308
     4160       1069  -2.974850E-03  -2.325290E-02   4.647990E-02   0.000000E+00   1.797693+308
     3840       1070  -2.342280E-03  -1.123800E-02   2.928830E-02   0.000000E+00   1.797693+308
     4233       1071   7.852740E-03  -1.389920E-02   3.117840E-02   0.000000E+00   1.797693+308
     2159       1072   1.044190E-02  -2.022260E-02   3.681940E-02   0.000000E+00   1.797693+308
     1349       1073   4.146120E-03  -2.635650E-02   4.233610E-02   0.000000E+00   1.797693+308
     1383       1074  -4.803670E-03  -2.610270E-02   4.215740E-02   0.000000E+00   1.797693+308
     3903       1075  -1.001300E-02  -2.092190E-02   3.882450E-02   0.000000E+00   1.797693+308
     4593       1076  -1.028370E-02  -1.700850E-02   3.478260E-02   0.000000E+00   1.797693+308
     2013       1077  -5.790450E-03  -9.545630E-03   3.341880E-02   0.000000E+00   1.797693+308
     2009       1078  -9.360250E-03  -1.184570E-02   3.679630E-02   0.000000E+00   1.797693+308
     4241       1079   5.062780E-03  -9.547840E-03   3.275610E-02   0.000000E+00   1.797693+308
     2092       1080   1.035130E-02  -1.500520E-02   3.753630E-02   0.000000E+00   1.797693+308
     2130       1081   1.915380E-03  -2.424420E-02   4.574120E-02   0.000000E+00   1.797693+308
     5351       1082   3.326520E-03  -1.091880E-02   3.006440E-02   0.000000E+00   1.797693+308
     5581       1083   9.939290E-03  -1.584950E-02   3.428840E-02   0.000000E+00   1.797693+308
     2161       1084   8.679840E-03  -2.257250E-02   4.101370E-02   0.000000E+00   1.797693+308
     1354       1085  -3.690590E-04  -2.630650E-02   4.366520E-02   0.000000E+00   1.797693+308
     4288       1086  -8.217170E-03  -2.314500E-02   4.130420E-02   0.000000E+00   1.797693+308
     4590       1087  -8.639280E-03  -1.371670E-02   3.288240E-02   0.000000E+00   1.797693+308
     4159       1088  -6.788080E-03  -2.237250E-02   4.438410E-02   0.000000E+00   1.797693+308
      599       1089  -9.001590E-03  -2.017650E-02   4.297330E-02   0.000000E+00   1.797693+308
     2306       1090  -1.375750E-01   2.851710E-02   2.677080E-03   0.000000E+00   1.797693+308
     1861       1091  -1.482110E-01   1.874690E-02   9.228220E-03   0.000000E+00   1.797693+308
     2194       1092  -1.563460E-01   2.165730E-02   6.438530E-03   0.000000E+00   1.797693+308
     1761       1093  -1.583920E-01   2.809080E-02   7.531340E-04   0.000000E+00   1.797693+308
     1764       1094  -1.539060E-01   3.328330E-02  -3.481730E-03   0.000000E+00   1.797693+308
     1227       1095  -1.450820E-01   3.426240E-02  -4.402500E-03   0.000000E+00   1.797693+308
     1743       1096  -1.457140E-01   1.573420E-02   5.426730E-03   0.000000E+00   1.797693+308
     2187       1097  -1.559090E-01   1.793470E-02   3.015780E-03   0.000000E+00   1.797693+308
     1802       1098  -1.584990E-01   2.430450E-02  -2.572680E-03   0.000000E+00   1.797693+308
     1790       1099  -1.522030E-01   3.052790E-02  -7.988200E-03   0.000000E+00   1.797693+308
     1229       1100  -1.432530E-01   3.031960E-02  -7.758010E-03   0.000000E+00   1.797693+308
     5002       1101  -1.380440E-01   2.637990E-02  -3.022250E-03   0.000000E+00   1.797693+308
     2416       1102  -1.377730E-01   2.189100E-02   3.691030E-04   0.000000E+00   1.797693+308
     1866       1103  -1.422660E-01   1.962750E-02   7.610040E-03   0.000000E+00   1.797693+308
     2420       1104  -1.386960E-01   2.326020E-02   5.738920E-03   0.000000E+00   1.797693+308
     2189       1105  -1.531190E-01   1.897000E-02   7.527050E-03   0.000000E+00   1.797693+308
     1822       1106  -1.584080E-01   2.437990E-02   2.693200E-03   0.000000E+00   1.797693+308
     1784       1107  -1.499720E-01   3.365010E-02  -5.476450E-03   0.000000E+00   1.797693+308
     1709       1108  -1.513830E-01   1.646550E-02   5.838160E-03   0.000000E+00   1.797693+308
     1833       1109  -1.579960E-01   2.125920E-02   1.459180E-03   0.000000E+00   1.797693+308
     1762       1110  -1.567360E-01   2.875400E-02  -4.393650E-03   0.000000E+00   1.797693+308
     1838       1111  -1.476880E-01   3.184100E-02  -7.776490E-03   0.000000E+00   1.797693+308
     2267       1112  -1.398390E-01   2.911220E-02  -4.926470E-03   0.000000E+00   1.797693+308
     2418       1113  -1.394170E-01   1.960370E-02   3.404680E-03   0.000000E+00   1.797693+308
     1227       1114  -1.412690E-01   3.207480E-02  -3.784160E-03   0.000000E+00   1.797693+308
     2372       1115  -1.390550E-01   3.040690E-02  -1.776540E-03   0.000000E+00   1.797693+308
     2698       1116  -1.375750E-01  -1.048290E-02   3.717940E-02   0.000000E+00   1.797693+308
     1013       1117  -1.482110E-01  -2.025300E-02   4.373050E-02   0.000000E+00   1.797693+308
     1922       1118  -1.563460E-01  -1.734260E-02   4.094080E-02   0.000000E+00   1.797693+308
     2533       1119  -1.583920E-01  -1.090910E-02   3.525540E-02   0.000000E+00   1.797693+308
     2521       1120  -1.539060E-01  -5.716680E-03   3.102060E-02   0.000000E+00   1.797693+308
     2589       1121  -1.450820E-01  -4.737560E-03   3.009980E-02   0.000000E+00   1.797693+308
      416       1122  -1.457140E-01  -2.326580E-02   3.992900E-02   0.000000E+00   1.797693+308
     5717       1123  -1.559090E-01  -2.106530E-02   3.751810E-02   0.000000E+00   1.797693+308
     1754       1124  -1.584990E-01  -1.469550E-02   3.192960E-02   0.000000E+00   1.797693+308
     1689       1125  -1.522030E-01  -8.472060E-03   2.651410E-02   0.000000E+00   1.797693+308
      505       1126  -1.432530E-01  -8.680350E-03   2.674430E-02   0.000000E+00   1.797693+308
     4948       1127  -1.380440E-01  -1.262000E-02   3.148010E-02   0.000000E+00   1.797693+308
     4933       1128  -1.377730E-01  -1.710890E-02   3.487140E-02   0.000000E+00   1.797693+308
     1013       1129  -1.422660E-01  -1.937250E-02   4.211240E-02   0.000000E+00   1.797693+308
     2776       1130  -1.386960E-01  -1.573970E-02   4.024120E-02   0.000000E+00   1.797693+308
     1949       1131  -1.531190E-01  -2.002990E-02   4.202940E-02   0.000000E+00   1.797693+308
     1915       1132  -1.584080E-01  -1.462000E-02   3.719550E-02   0.000000E+00   1.797693+308
     1687       1133  -1.499720E-01  -5.349860E-03   2.902590E-02   0.000000E+00   1.797693+308
      423       1134  -1.513830E-01  -2.253440E-02   4.034050E-02   0.000000E+00   1.797693+308
     1920       1135  -1.579960E-01  -1.774070E-02   3.596150E-02   0.000000E+00   1.797693+308
     2521       1136  -1.567360E-01  -1.024590E-02   3.010870E-02   0.000000E+00   1.797693+308
     1688       1137  -1.476880E-01  -7.158980E-03   2.672580E-02   0.000000E+00   1.797693+308
     2649       1138  -1.398390E-01  -9.887760E-03   2.957580E-02   0.000000E+00   1.797693+308
     2797       1139  -1.394170E-01  -1.939620E-02   3.790700E-02   0.000000E+00   1.797693+308
     2653       1140  -1.412690E-01  -6.925090E-03   3.071810E-02   0.000000E+00   1.797693+308
     5715       1141  -1.390550E-01  -8.593060E-03   3.272580E-02   0.000000E+00   1.797693+308
     3426       1142  -5.520370E-02  -7.557010E-03   5.220160E-02   0.000000E+00   1.797693+308
      909       1143  -5.494310E-02   4.444290E-04   4.954020E-02   0.000000E+00   1.797693+308
     3184       1144  -5.495730E-02   9.919920E-03   4.674790E-02   0.000000E+00   1.797693+308
     3320       1145  -5.473350E-02   1.809310E-02   4.412270E-02   0.000000E+00   1.797693+308
     2965       1146  -9.300770E-02   1.768290E-02   4.454440E-02   0.000000E+00   1.797693+308
     2839       1147  -9.308680E-02   8.163890E-03   4.728060E-02   0.000000E+00   1.797693+308
     2891       1148  -9.308390E-02  -1.583810E-03   5.017070E-02   0.000000E+00   1.797693+308
     3089       1149  -9.309890E-02  -9.955570E-03   5.263510E-02   0.000000E+00   1.797693+308
     6719       1150  -9.311840E-02  -1.976940E-02   5.552230E-02   0.000000E+00   1.797693+308
     5891       1151  -9.307030E-02  -2.688240E-02   5.767760E-02   0.000000E+00   1.797693+308
      287       1152  -6.465650E-02  -2.691380E-02   5.488300E-02   0.000000E+00   1.797693+308
      941       1153  -6.453610E-02  -1.837130E-02   5.246640E-02   0.000000E+00   1.797693+308
     6759       1154  -6.453610E-02  -9.161550E-03   4.973870E-02   0.000000E+00   1.797693+308
     3228       1155  -6.453610E-02   4.814970E-05   4.701090E-02   0.000000E+00   1.797693+308
     6750       1156  -6.439770E-02   8.811940E-03   4.456150E-02   0.000000E+00   1.797693+308
     3073       1157  -6.436830E-02   1.829650E-02   4.178580E-02   0.000000E+00   1.797693+308
     1315       1158  -8.352050E-02   4.653000E-03   4.564700E-02   0.000000E+00   1.797693+308
     4820       1159  -8.353740E-02  -5.346100E-03   4.862550E-02   0.000000E+00   1.797693+308
     4820       1160  -8.353660E-02  -1.455670E-02   5.135270E-02   0.000000E+00   1.797693+308
     3106       1161  -8.354370E-02  -2.373060E-02   5.407710E-02   0.000000E+00   1.797693+308
     6269       1162  -4.276060E-03   4.445400E-04   4.850920E-03   0.000000E+00   1.797693+308
     4424       1163   4.497660E-03   1.301090E-03   5.276020E-03   0.000000E+00   1.797693+308
     3913       1164  -1.290730E-03   6.236640E-03  -4.843880E-04   0.000000E+00   1.797693+308
     4189       1165   3.211530E-03   5.678170E-03   3.303400E-04   0.000000E+00   1.797693+308
     2029       1166  -4.918750E-03  -2.477560E-02   2.716250E-02   0.000000E+00   1.797693+308
     6020       1167   3.760540E-03  -2.329640E-02   2.584470E-02   0.000000E+00   1.797693+308
     4282       1168   4.764460E-05  -2.979740E-02   3.160190E-02   0.000000E+00   1.797693+308
     2351       1169  -1.453160E-01   1.315570E-02  -6.407090E-03   0.000000E+00   1.797693+308
     6201       1170  -1.499140E-01   2.003580E-02  -1.248100E-02   0.000000E+00   1.797693+308
     6221       1171  -1.529750E-01   1.527020E-02  -8.274240E-03   0.000000E+00   1.797693+308
     1862       1172  -1.444870E-01   1.918020E-02  -1.180440E-02   0.000000E+00   1.797693+308
     2394       1173  -1.429000E-01   1.637110E-02  -9.357710E-03   0.000000E+00   1.797693+308
     1909       1174  -1.427490E-01  -2.284700E-02   2.568790E-02   0.000000E+00   1.797693+308
     2710       1175  -1.517010E-01  -2.548550E-02   2.778780E-02   0.000000E+00   1.797693+308
     2790       1176  -1.479640E-01  -2.655800E-02   2.874570E-02   0.000000E+00   1.797693+308
     1950       1177  -1.454930E-01  -2.605440E-02   2.832540E-02   0.000000E+00   1.797693+308
     5717       1178  -1.607890E-01  -1.945150E-02   4.130440E-02   0.000000E+00   1.797693+308
     2682       1179  -1.600860E-01  -2.874230E-02   3.228340E-02   0.000000E+00   1.797693+308
     1900       1180  -1.627030E-01  -1.741370E-02   3.732320E-02   0.000000E+00   1.797693+308
     1960       1181  -1.567770E-01  -2.507640E-02   4.116950E-02   0.000000E+00   1.797693+308
     2727       1182  -1.564550E-01  -3.052500E-02   3.533990E-02   0.000000E+00   1.797693+308
     2675       1183  -1.624430E-01  -2.360830E-02   3.155630E-02   0.000000E+00   1.797693+308
     1897       1184  -1.624430E-01  -2.068270E-02   3.486140E-02   0.000000E+00   1.797693+308
     1938       1185  -1.602600E-01  -2.422650E-02   3.704380E-02   0.000000E+00   1.797693+308
     1830       1186  -1.520300E-01   3.771310E-02  -7.510220E-03   0.000000E+00   1.797693+308
     1772       1187  -1.608300E-01   3.287220E-02  -3.323280E-03   0.000000E+00   1.797693+308
     2216       1188  -1.619490E-01   2.124240E-02  -1.337980E-02   0.000000E+00   1.797693+308
     5707       1189  -1.546790E-01   2.683770E-02  -1.831380E-02   0.000000E+00   1.797693+308
     5697       1190  -1.625580E-01   2.703620E-02  -4.447930E-03   0.000000E+00   1.797693+308
     6638       1191  -1.505190E-01   3.070430E-02  -1.592580E-02   0.000000E+00   1.797693+308
     1796       1192  -1.561610E-01   3.446350E-02  -8.457190E-03   0.000000E+00   1.797693+308
     2226       1193  -1.595070E-01   2.556830E-02  -1.421150E-02   0.000000E+00   1.797693+308
     5744       1194  -1.620120E-01   2.441040E-02  -9.585690E-03   0.000000E+00   1.797693+308
     1837       1195  -1.517400E-01   3.328580E-02  -1.262800E-02   0.000000E+00   1.797693+308
      590       1196  -1.598630E-01   3.052520E-02  -7.973370E-03   0.000000E+00   1.797693+308
     1814       1197  -1.565930E-01   3.015080E-02  -1.290660E-02   0.000000E+00   1.797693+308
     2117       1198   1.337830E-02   1.808040E-02   9.355930E-03   0.000000E+00   1.797693+308
     2031       1199   6.406060E-03   2.270850E-02   4.733880E-03   0.000000E+00   1.797693+308
     4194       1200   8.659300E-03   1.175130E-02  -5.708850E-03   0.000000E+00   1.797693+308
      691       1201   1.437120E-02   6.865110E-03   4.001260E-05   0.000000E+00   1.797693+308
     2026       1202   5.987090E-03   1.731290E-02  -1.646600E-03   0.000000E+00   1.797693+308
     2135       1203   1.474540E-02   1.319540E-02   9.038470E-03   0.000000E+00   1.797693+308
     2051       1204   1.015650E-02   2.030990E-02   5.744190E-03   0.000000E+00   1.797693+308
     4496       1205   1.174170E-02   1.095720E-02  -2.342240E-03   0.000000E+00   1.797693+308
     2033       1206   7.398440E-03   1.975100E-02   2.152240E-03   0.000000E+00   1.797693+308
     4202       1207   7.320760E-03   1.449050E-02  -3.858660E-03   0.000000E+00   1.797693+308
      694       1208   1.405320E-02   1.030080E-02   2.679790E-03   0.000000E+00   1.797693+308
     2065       1209   1.178170E-02   1.588350E-02   3.299590E-03   0.000000E+00   1.797693+308
     4356       1210   1.050610E-02   1.419660E-02  -6.795080E-04   0.000000E+00   1.797693+308
     2173       1211   1.242400E-02  -2.345560E-02   4.424430E-02   0.000000E+00   1.797693+308
     6161       1212   1.127410E-02  -3.221070E-02   3.650320E-02   0.000000E+00   1.797693+308
     2142       1213   8.009110E-03  -2.678590E-02   4.672730E-02   0.000000E+00   1.797693+308
     2115       1214   8.009110E-03  -2.986870E-02   4.324260E-02   0.000000E+00   1.797693+308
     5329       1215   7.027600E-03  -3.371230E-02   3.973880E-02   0.000000E+00   1.797693+308
     2166       1216   1.471600E-02  -2.202740E-02   3.851730E-02   0.000000E+00   1.797693+308
     1749       1217   1.451780E-02  -2.799150E-02   3.279300E-02   0.000000E+00   1.797693+308
     2171       1218   1.277200E-02  -2.680490E-02   3.968630E-02   0.000000E+00   1.797693+308
     4313       1219  -5.939360E-02  -2.691620E-02   8.205950E-02   0.000000E+00   1.797693+308
     4435       1220  -5.978410E-02  -2.042960E-02   8.722950E-02   0.000000E+00   1.797693+308
     4459       1221  -5.978410E-02  -1.144050E-02   8.884430E-02   0.000000E+00   1.797693+308
     4452       1222  -6.009080E-02  -3.889800E-03   8.645380E-02   0.000000E+00   1.797693+308
     3816       1223  -8.831510E-02  -2.629400E-02   8.281350E-02   0.000000E+00   1.797693+308
     4165       1224  -8.831400E-02  -1.664780E-02   8.850390E-02   0.000000E+00   1.797693+308
     6087       1225  -8.587110E-02   4.060250E-02   2.024200E-02   0.000000E+00   1.797693+308
     2985       1226  -6.254810E-02   3.443690E-02   2.991950E-02   0.000000E+00   1.797693+308
     4828       1227  -7.338490E-02   3.692470E-02   2.601450E-02   0.000000E+00   1.797693+308
     3174       1228  -5.914060E-02   3.112290E-02   3.512100E-02   0.000000E+00   1.797693+308
     1656       1229  -9.660400E-02   4.002660E-02   2.114590E-02   0.000000E+00   1.797693+308
     2858       1230  -8.684730E-02   3.208270E-02   3.361460E-02   0.000000E+00   1.797693+308
     5209       1231  -5.281170E-02   3.466030E-02   2.956880E-02   0.000000E+00   1.797693+308
     5206       1232  -6.040050E-02   3.904400E-02   2.268820E-02   0.000000E+00   1.797693+308
     5840       1233  -8.139210E-02   3.559410E-02   2.810310E-02   0.000000E+00   1.797693+308
     5833       1234  -9.089840E-02   2.957400E-02   3.755220E-02   0.000000E+00   1.797693+308
     5831       1235  -9.043630E-02   3.621070E-02   2.713520E-02   0.000000E+00   1.797693+308
     3025       1236  -5.063760E-02   3.912770E-02   2.255670E-02   0.000000E+00   1.797693+308
     4826       1237  -6.830900E-02   4.105140E-02   1.953730E-02   0.000000E+00   1.797693+308
     4821       1238  -6.698510E-02   3.707140E-02   2.578440E-02   0.000000E+00   1.797693+308
     2990       1239  -7.560010E-02   3.253190E-02   3.290950E-02   0.000000E+00   1.797693+308
     4847       1240  -7.693200E-02   4.121400E-02   1.928210E-02   0.000000E+00   1.797693+308
     6726       1241  -9.801350E-02   4.364170E-02   1.547160E-02   0.000000E+00   1.797693+308
     1665       1242  -1.037860E-01   4.292630E-02   1.659450E-02   0.000000E+00   1.797693+308
     2743       1243  -9.264240E-02   4.329390E-02   1.601750E-02   0.000000E+00   1.797693+308
     2857       1244  -9.276040E-02   3.292170E-02   3.229760E-02   0.000000E+00   1.797693+308
     2988       1245  -6.943620E-02   3.347960E-02   3.142190E-02   0.000000E+00   1.797693+308
     2687       1246  -9.923660E-02   3.696190E-02   2.595620E-02   0.000000E+00   1.797693+308
     3194       1247  -5.545760E-02   2.933480E-02   3.792750E-02   0.000000E+00   1.797693+308
     3193       1248  -5.278540E-02   3.143680E-02   3.462830E-02   0.000000E+00   1.797693+308
     3194       1249  -5.958760E-02   2.869350E-02   3.893420E-02   0.000000E+00   1.797693+308
     5972       1250  -5.974080E-02  -3.422040E-02   5.854230E-02   0.000000E+00   1.797693+308
     5890       1251  -8.831580E-02  -3.422040E-02   5.854230E-02   0.000000E+00   1.797693+308
     3614       1252  -5.742330E-02  -3.533470E-02   5.392160E-02   0.000000E+00   1.797693+308
     1986       1253  -9.363480E-02  -3.528390E-02   5.413230E-02   0.000000E+00   1.797693+308
     3097       1254  -8.623180E-02  -3.557930E-02   5.290710E-02   0.000000E+00   1.797693+308
      281       1255  -6.268480E-02  -3.544880E-02   5.344830E-02   0.000000E+00   1.797693+308
     3623       1256  -5.214440E-02  -3.565190E-02   5.260590E-02   0.000000E+00   1.797693+308
     4538       1257  -9.793940E-02  -1.093580E-03   9.674630E-04   0.000000E+00   1.797693+308
     4798       1258  -6.114650E-02  -2.351830E-02   2.080610E-02   0.000000E+00   1.797693+308
      239       1259  -3.255610E-02  -1.199800E-02   1.061430E-02   0.000000E+00   1.797693+308
     4543       1260  -1.061380E-01  -2.172330E-02   1.921810E-02   0.000000E+00   1.797693+308
     3023       1261  -6.358150E-02  -3.091350E-03   2.734840E-03   0.000000E+00   1.797693+308
      140       1262  -1.205950E-01  -1.226470E-02   1.085030E-02   0.000000E+00   1.797693+308
     4551       1263  -7.986250E-02  -1.161210E-02   1.027300E-02   0.000000E+00   1.797693+308
     2595       1264  -1.191870E-01   5.892250E-03  -5.212730E-03   0.000000E+00   1.797693+308
     1141       1265  -1.468890E-01  -5.604340E-03   4.958030E-03   0.000000E+00   1.797693+308
     5937       1266  -3.020700E-02  -2.678330E-02   2.369460E-02   0.000000E+00   1.797693+308
     5185       1267  -8.421070E-02  -2.970450E-02   2.627890E-02   0.000000E+00   1.797693+308
      487       1268  -1.248040E-01  -2.483460E-02   2.197060E-02   0.000000E+00   1.797693+308
      772       1269  -3.518470E-02   2.603270E-03  -2.303050E-03   0.000000E+00   1.797693+308
      237       1270  -1.788550E-02  -1.875760E-02   1.659440E-02   0.000000E+00   1.797693+308
      879       1271  -2.674770E-02   1.170060E-03  -1.035120E-03   0.000000E+00   1.797693+308
     4719       1272  -4.376750E-02  -9.850160E-03   8.714200E-03   0.000000E+00   1.797693+308
     1172       1273  -1.280150E-01   1.518160E-03  -1.343080E-03   0.000000E+00   1.797693+308
     5184       1274  -1.034440E-01  -2.984940E-02   2.640700E-02   0.000000E+00   1.797693+308
     4977       1275  -9.110370E-02   5.573000E-03  -4.930300E-03   0.000000E+00   1.797693+308
     4704       1276  -5.021850E-02  -2.586740E-02   2.288430E-02   0.000000E+00   1.797693+308
       28       1277  -8.893480E-02  -1.554270E-02   1.375030E-02   0.000000E+00   1.797693+308
       75       1278   7.312910E-04  -1.131600E-02   1.001100E-02   0.000000E+00   1.797693+308
     4546       1279  -1.007450E-01  -8.317920E-03   7.358660E-03   0.000000E+00   1.797693+308
     2569       1280  -1.381110E-01  -1.827110E-02   1.616400E-02   0.000000E+00   1.797693+308
     3368       1281  -6.607410E-02  -3.910160E-02   3.459220E-02   0.000000E+00   1.797693+308
      884       1282  -2.083960E-02  -1.211510E-02   1.071790E-02   0.000000E+00   1.797693+308
     1176       1283  -1.292800E-01  -1.074260E-02   9.503730E-03   0.000000E+00   1.797693+308
     5645       1284  -1.208970E-01  -3.199170E-02   2.830230E-02   0.000000E+00   1.797693+308
     3094       1285  -6.050490E-02  -1.675040E-02   1.481870E-02   0.000000E+00   1.797693+308
     2429       1286  -1.372300E-01   9.250470E-03  -8.183670E-03   0.000000E+00   1.797693+308
     5722       1287  -5.612800E-02   9.923030E-03  -8.778670E-03   0.000000E+00   1.797693+308
     2816       1288  -7.617170E-02   1.278760E-02  -1.131290E-02   0.000000E+00   1.797693+308
     2617       1289  -1.077670E-01   1.716010E-02  -1.518120E-02   0.000000E+00   1.797693+308
     1305       1290  -2.216850E-02  -3.476070E-02   3.075200E-02   0.000000E+00   1.797693+308
     4695       1291  -4.316890E-02  -3.512810E-02   3.107700E-02   0.000000E+00   1.797693+308
     4779       1292  -4.986880E-02  -1.356660E-04   1.200200E-04   0.000000E+00   1.797693+308
       66       1293  -7.171630E-02  -2.276000E-02   2.013520E-02   0.000000E+00   1.797693+308
     4964       1294  -1.077720E-01  -3.183190E-03   2.816090E-03   0.000000E+00   1.797693+308
     4717       1295  -4.124430E-02  -1.870080E-02   1.654410E-02   0.000000E+00   1.797693+308
     2426       1296  -1.416410E-01   2.317220E-03  -2.049980E-03   0.000000E+00   1.797693+308
     4554       1297  -8.973830E-02  -7.408590E-03   6.554200E-03   0.000000E+00   1.797693+308
     6269       1298  -1.299790E-02  -6.057530E-03   5.358950E-03   0.000000E+00   1.797693+308
     5552       1299  -1.225140E-01   1.372450E-02  -1.214180E-02   0.000000E+00   1.797693+308
     5192       1300  -9.538070E-02  -2.297150E-02   2.032230E-02   0.000000E+00   1.797693+308
     4105       1301  -1.983190E-02  -2.713840E-02   2.400870E-02   0.000000E+00   1.797693+308
     2545       1302  -1.498070E-01  -1.412470E-02   1.249580E-02   0.000000E+00   1.797693+308
     1038       1303  -1.312410E-01  -2.989500E-02   2.644730E-02   0.000000E+00   1.797693+308
     2344       1304  -1.534500E-01   4.000750E-03  -3.539370E-03   0.000000E+00   1.797693+308
     2592       1305  -1.094050E-01   6.413650E-03  -5.674000E-03   0.000000E+00   1.797693+308
     3758       1306  -7.653960E-03  -1.565140E-02   1.384640E-02   0.000000E+00   1.797693+308
      395       1307  -7.103230E-02   4.373170E-03  -3.868830E-03   0.000000E+00   1.797693+308
     4705       1308  -3.214190E-02  -3.684850E-02   3.259900E-02   0.000000E+00   1.797693+308
     5194       1309  -9.567160E-02  -3.757090E-02   3.323810E-02   0.000000E+00   1.797693+308
     3710       1310  -1.691660E-02   5.381030E-04  -4.760470E-04   0.000000E+00   1.797693+308
      240       1311  -3.243400E-02  -2.070310E-02   1.831560E-02   0.000000E+00   1.797693+308
     4786       1312  -5.323970E-02  -6.060230E-03   5.361340E-03   0.000000E+00   1.797693+308
     3416       1313  -5.794090E-02  -3.774340E-02   3.339070E-02   0.000000E+00   1.797693+308
     3066       1314  -8.495650E-02  -3.810540E-02   3.371090E-02   0.000000E+00   1.797693+308
     5880       1315  -4.766910E-02   5.520520E-03  -4.883870E-03   0.000000E+00   1.797693+308
     2820       1316  -1.165720E-01  -3.958950E-02   3.502390E-02   0.000000E+00   1.797693+308
     4714       1317  -5.291740E-02  -1.296680E-02   1.147140E-02   0.000000E+00   1.797693+308
      136       1318  -1.261900E-01  -1.747520E-02   1.545990E-02   0.000000E+00   1.797693+308
     1175       1319  -1.351860E-01  -3.974250E-03   3.515920E-03   0.000000E+00   1.797693+308
     4542       1320  -1.106700E-01  -1.029130E-02   9.104480E-03   0.000000E+00   1.797693+308
     6068       1321  -3.961460E-02  -2.575920E-02   2.278850E-02   0.000000E+00   1.797693+308
     4092       1322  -1.170460E-02  -3.351810E-02   2.965260E-02   0.000000E+00   1.797693+308
     1176       1323  -1.254260E-01  -4.991460E-03   4.415820E-03   0.000000E+00   1.797693+308
     5508       1324  -1.298810E-01   1.849500E-02  -1.636210E-02   0.000000E+00   1.797693+308
     4544       1325  -9.806300E-02  -1.564470E-02   1.384050E-02   0.000000E+00   1.797693+308
     4543       1326  -1.126680E-01  -1.738770E-02   1.538250E-02   0.000000E+00   1.797693+308
     3368       1327  -6.884320E-02  -3.057560E-02   2.704950E-02   0.000000E+00   1.797693+308
     4116       1328   1.147360E-03  -1.776930E-02   1.572010E-02   0.000000E+00   1.797693+308
     4942       1329  -1.366490E-01  -1.112270E-02   9.839980E-03   0.000000E+00   1.797693+308
     2701       1330  -9.473450E-02   1.387420E-02  -1.227410E-02   0.000000E+00   1.797693+308
      397       1331  -7.126460E-02  -7.818070E-03   6.916460E-03   0.000000E+00   1.797693+308
     2906       1332  -1.058440E-01  -3.865590E-02   3.419800E-02   0.000000E+00   1.797693+308
     4841       1333  -1.139090E-01  -2.706810E-02   2.394650E-02   0.000000E+00   1.797693+308
      885       1334  -2.379360E-02  -5.472490E-03   4.841390E-03   0.000000E+00   1.797693+308
      777       1335  -3.611970E-02  -4.193840E-03   3.710190E-03   0.000000E+00   1.797693+308
     3488       1336  -2.932210E-02   8.508110E-03  -7.526920E-03   0.000000E+00   1.797693+308
     1978       1337  -6.639660E-02   1.197210E-02  -1.059150E-02   0.000000E+00   1.797693+308
     3095       1338  -7.029450E-02  -1.546430E-02   1.368090E-02   0.000000E+00   1.797693+308
     3051       1339  -7.924010E-02  -1.869480E-02   1.653890E-02   0.000000E+00   1.797693+308
     4776       1340  -6.092020E-02   4.104900E-03  -3.631500E-03   0.000000E+00   1.797693+308
     3092       1341  -6.237300E-02  -1.005960E-02   8.899450E-03   0.000000E+00   1.797693+308
     6306       1342  -1.021570E-02  -2.310510E-02   2.044060E-02   0.000000E+00   1.797693+308
     2432       1343  -1.284840E-01   7.990370E-03  -7.068890E-03   0.000000E+00   1.797693+308
     4890       1344  -1.267670E-01  -3.783460E-02   3.347130E-02   0.000000E+00   1.797693+308
     2700       1345  -8.556030E-02   1.240320E-02  -1.097280E-02   0.000000E+00   1.797693+308
     1950       1346  -1.418600E-01  -3.301570E-02   2.920820E-02   0.000000E+00   1.797693+308
     3909       1347  -1.196810E-02   6.433020E-03  -5.691140E-03   0.000000E+00   1.797693+308
     5269       1348  -2.083610E-02   7.155560E-03  -6.330350E-03   0.000000E+00   1.797693+308
     2374       1349  -1.561320E-01  -6.149060E-03   5.439930E-03   0.000000E+00   1.797693+308
     3244       1350  -3.865550E-02   7.874450E-03  -6.966340E-03   0.000000E+00   1.797693+308
     4800       1351  -5.827440E-02  -3.013470E-02   2.665940E-02   0.000000E+00   1.797693+308
     4715       1352  -5.098180E-02  -1.921600E-02   1.700000E-02   0.000000E+00   1.797693+308
     3368       1353  -7.506480E-02  -3.884340E-02   3.436380E-02   0.000000E+00   1.797693+308
     6476       1354  -1.314580E-01  -2.155290E-02   1.906730E-02   0.000000E+00   1.797693+308
       68       1355  -5.925260E-03  -8.412360E-03   7.442210E-03   0.000000E+00   1.797693+308
     6327       1356  -1.347970E-01  -3.688640E-02   3.263250E-02   0.000000E+00   1.797693+308
     5174       1357  -1.120730E-01  -3.328490E-02   2.944630E-02   0.000000E+00   1.797693+308
       40       1358  -8.588620E-02  -2.336480E-02   2.067030E-02   0.000000E+00   1.797693+308
     4967       1359  -1.005710E-01   6.360080E-03  -5.626610E-03   0.000000E+00   1.797693+308
     2543       1360  -1.577890E-01  -1.692160E-02   1.497010E-02   0.000000E+00   1.797693+308
     4543       1361  -1.057120E-01  -1.560350E-02   1.380410E-02   0.000000E+00   1.797693+308
     4959       1362  -1.165830E-01  -5.001150E-03   4.424400E-03   0.000000E+00   1.797693+308
     4138       1363   8.781280E-03  -7.484020E-03   6.620940E-03   0.000000E+00   1.797693+308
     6037       1364   8.840720E-03  -2.111970E-02   1.868410E-02   0.000000E+00   1.797693+308
      136       1365  -1.191400E-01  -2.117510E-02   1.873310E-02   0.000000E+00   1.797693+308
      237       1366  -2.525090E-02  -2.209450E-02   1.954640E-02   0.000000E+00   1.797693+308
     4859       1367  -8.095130E-02   6.352250E-03  -5.619680E-03   0.000000E+00   1.797693+308
     5185       1368  -8.971080E-02  -2.729450E-02   2.414680E-02   0.000000E+00   1.797693+308
     5599       1369   9.224730E-03  -1.432630E-02   1.267410E-02   0.000000E+00   1.797693+308
     5550       1370  -1.131110E-01   1.203380E-02  -1.064600E-02   0.000000E+00   1.797693+308
     5185       1371  -8.995050E-02  -3.327960E-02   2.944170E-02   0.000000E+00   1.797693+308
      402       1372  -8.173880E-02  -4.622300E-03   4.089240E-03   0.000000E+00   1.797693+308
     4699       1373  -3.666160E-02  -3.157020E-02   2.792940E-02   0.000000E+00   1.797693+308
     4536       1374  -8.890540E-02  -9.133570E-04   8.080250E-04   0.000000E+00   1.797693+308
     4414       1375  -4.103940E-03  -3.637780E-02   3.218260E-02   0.000000E+00   1.797693+308
     6220       1376  -1.398560E-01   1.988700E-02  -1.759350E-02   0.000000E+00   1.797693+308
     4969       1377  -1.039660E-01   1.104010E-02  -9.766910E-03   0.000000E+00   1.797693+308
     4125       1378  -4.214710E-03  -2.068050E-02   1.829560E-02   0.000000E+00   1.797693+308
     4979       1379  -1.058340E-01   1.942420E-03  -1.718410E-03   0.000000E+00   1.797693+308
     3409       1380  -5.207230E-02  -3.252810E-02   2.877690E-02   0.000000E+00   1.797693+308
     3409       1381  -4.870350E-02  -3.968060E-02   3.510450E-02   0.000000E+00   1.797693+308
     1909       1382  -1.378030E-01  -2.628600E-02   2.325460E-02   0.000000E+00   1.797693+308
     1855       1383  -1.572840E-01   8.791780E-03  -7.777880E-03   0.000000E+00   1.797693+308
     3559       1384  -3.761120E-02  -4.038440E-02   3.572710E-02   0.000000E+00   1.797693+308
     3755       1385  -1.372830E-02  -1.273520E-02   1.126650E-02   0.000000E+00   1.797693+308
     5779       1386  -1.339390E-01   4.468670E-03  -3.953330E-03   0.000000E+00   1.797693+308
     2574       1387  -1.428920E-01  -1.247390E-02   1.103530E-02   0.000000E+00   1.797693+308
     4146       1388  -1.671230E-02  -3.950800E-02   3.495180E-02   0.000000E+00   1.797693+308
     2486       1389  -1.158300E-01   1.797220E-02  -1.589960E-02   0.000000E+00   1.797693+308
     1870       1390  -1.371260E-01   1.464570E-02  -1.295670E-02   0.000000E+00   1.797693+308
     4695       1391  -4.553050E-02  -3.020160E-02   2.671860E-02   0.000000E+00   1.797693+308
     3205       1392  -4.517940E-02  -3.863040E-03   3.417540E-03   0.000000E+00   1.797693+308
     3082       1393  -4.468330E-02   1.067360E-02  -9.442690E-03   0.000000E+00   1.797693+308
     4573       1394  -2.449640E-02  -3.997940E-02   3.536880E-02   0.000000E+00   1.797693+308
     3202       1395  -4.211290E-02   1.300950E-03  -1.150920E-03   0.000000E+00   1.797693+308
     2343       1396  -1.553730E-01  -2.109230E-03   1.865990E-03   0.000000E+00   1.797693+308
     4775       1397  -5.629780E-02  -3.181590E-04   2.814670E-04   0.000000E+00   1.797693+308
     4772       1398  -5.377760E-02   3.863000E-03  -3.417510E-03   0.000000E+00   1.797693+308
     4938       1399  -1.321110E-01  -1.508710E-02   1.334720E-02   0.000000E+00   1.797693+308
     1172       1400  -1.205390E-01  -2.734120E-04   2.418810E-04   0.000000E+00   1.797693+308
     2480       1401  -1.556550E-01  -1.122130E-02   9.927170E-03   0.000000E+00   1.797693+308
     3148       1402  -7.818300E-02  -3.264190E-02   2.887750E-02   0.000000E+00   1.797693+308
     2434       1403  -1.306940E-01   1.285490E-02  -1.137240E-02   0.000000E+00   1.797693+308
     4713       1404  -4.207110E-02  -1.386500E-02   1.226600E-02   0.000000E+00   1.797693+308
     1301       1405  -2.812420E-02  -3.157190E-02   2.793090E-02   0.000000E+00   1.797693+308
       60       1406  -7.783970E-02  -2.598060E-02   2.298440E-02   0.000000E+00   1.797693+308
      399       1407  -7.800790E-02   1.354340E-03  -1.198150E-03   0.000000E+00   1.797693+308
     2621       1408  -1.010160E-01   1.607320E-02  -1.421960E-02   0.000000E+00   1.797693+308
     4472       1409   6.506060E-03  -3.500560E-02   3.096860E-02   0.000000E+00   1.797693+308
     2593       1410  -1.134840E-01   1.215140E-03  -1.075000E-03   0.000000E+00   1.797693+308
     1569       1411  -4.509320E-02   2.927030E-02   1.354100E-03   0.000000E+00   1.797693+308
      664       1412  -6.940920E-02   3.125790E-02  -9.762730E-04   0.000000E+00   1.797693+308
      684       1413  -8.886200E-02   3.284810E-02  -2.840570E-03   0.000000E+00   1.797693+308
     2503       1414  -1.082720E-01   3.368210E-02  -5.551410E-03   0.000000E+00   1.797693+308
     4652       1415  -2.583140E-02   2.099510E-02  -4.374170E-03   0.000000E+00   1.797693+308
     5762       1416  -1.255770E-01   2.937410E-02  -1.367840E-02   0.000000E+00   1.797693+308
      787       1417  -7.645430E-03   2.299240E-02   1.306760E-03   0.000000E+00   1.797693+308
     3348       1418  -3.553570E-02   3.344700E-02   7.874260E-03   0.000000E+00   1.797693+308
     2268       1419  -1.341190E-01   3.026810E-02  -1.427570E-02   0.000000E+00   1.797693+308
     2412       1420  -1.238710E-01   3.833280E-02  -3.230770E-03   0.000000E+00   1.797693+308
     1967       1421  -7.548970E-02   3.930190E-02   6.971660E-03   0.000000E+00   1.797693+308
     2814       1422  -8.302980E-02   2.488410E-02  -1.074480E-02   0.000000E+00   1.797693+308
     2635       1423  -9.512010E-02   4.077070E-02   4.936840E-03   0.000000E+00   1.797693+308
     2609       1424  -1.021440E-01   2.652150E-02  -1.249200E-02   0.000000E+00   1.797693+308
     5920       1425  -2.261340E-02   2.803070E-02   4.184310E-03   0.000000E+00   1.797693+308
     1574       1426  -3.597300E-02   2.599170E-02  -6.351730E-04   0.000000E+00   1.797693+308
     2939       1427  -6.620330E-02   3.925240E-02   8.663810E-03   0.000000E+00   1.797693+308
     3030       1428  -4.812000E-02   3.691540E-02   9.425990E-03   0.000000E+00   1.797693+308
     1989       1429  -4.785290E-02   2.201830E-02  -7.362690E-03   0.000000E+00   1.797693+308
     2512       1430  -1.154070E-01   3.995060E-02   1.910990E-04   0.000000E+00   1.797693+308
     1983       1431  -6.616030E-02   2.340660E-02  -9.239540E-03   0.000000E+00   1.797693+308
     2502       1432  -1.067320E-01   4.073950E-02   2.715780E-03   0.000000E+00   1.797693+308
     2638       1433  -9.858840E-02   3.364310E-02  -3.772710E-03   0.000000E+00   1.797693+308
     1936       1434  -9.262880E-02   2.560230E-02  -1.173990E-02   0.000000E+00   1.797693+308
     2749       1435  -8.518260E-02   4.010840E-02   6.058780E-03   0.000000E+00   1.797693+308
      682       1436  -7.913560E-02   3.205300E-02  -1.908420E-03   0.000000E+00   1.797693+308
     2489       1437  -1.101990E-01   2.737830E-02  -1.303960E-02   0.000000E+00   1.797693+308
     1426       1438  -1.325930E-02   1.713390E-02  -6.372120E-03   0.000000E+00   1.797693+308
     2507       1439  -1.163670E-01   3.205010E-02  -8.919860E-03   0.000000E+00   1.797693+308
      954       1440  -1.777660E-02   2.219500E-02  -1.501640E-03   0.000000E+00   1.797693+308
     3032       1441  -5.721210E-02   3.879480E-02   9.838970E-03   0.000000E+00   1.797693+308
     5821       1442  -7.440500E-02   2.504840E-02  -8.935670E-03   0.000000E+00   1.797693+308
     1984       1443  -5.721360E-02   2.174700E-02  -9.431390E-03   0.000000E+00   1.797693+308
     1990       1444  -3.872450E-02   1.980070E-02  -8.151190E-03   0.000000E+00   1.797693+308
     1846       1445  -1.381970E-01   3.623420E-02  -8.299650E-03   0.000000E+00   1.797693+308
      787       1446  -5.756660E-03   1.777280E-02  -4.237740E-03   0.000000E+00   1.797693+308
     3123       1447  -3.964810E-02   3.862680E-02   1.295520E-02   0.000000E+00   1.797693+308
      960       1448  -1.362980E-02   2.650430E-02   4.150060E-03   0.000000E+00   1.797693+308
     1877       1449  -1.167690E-01   2.649730E-02  -1.527220E-02   0.000000E+00   1.797693+308
     2310       1450  -1.322020E-01   3.725240E-02  -6.020130E-03   0.000000E+00   1.797693+308
     1236       1451  -1.407320E-01   3.016130E-02  -1.564140E-02   0.000000E+00   1.797693+308
     3249       1452  -3.176910E-02   2.033290E-02  -6.240300E-03   0.000000E+00   1.797693+308
     3466       1453  -2.862790E-02   3.075470E-02   6.131260E-03   0.000000E+00   1.797693+308
     4751       1454  -5.358660E-02   3.260550E-02   3.525270E-03   0.000000E+00   1.797693+308
     2930       1455  -6.086440E-02   2.792070E-02  -3.140170E-03   0.000000E+00   1.797693+308
     3647       1456  -2.184300E-02   1.709910E-02  -8.027300E-03   0.000000E+00   1.797693+308
     4649       1457  -2.940610E-02   2.572540E-02   2.998720E-04   0.000000E+00   1.797693+308
     2941       1458  -6.083790E-02   3.321080E-02   2.844530E-03   0.000000E+00   1.797693+308
     3077       1459  -5.355950E-02   2.732900E-02  -2.434000E-03   0.000000E+00   1.797693+308
     1876       1460  -1.208950E-01   4.214530E-02   1.638890E-03   0.000000E+00   1.797693+308
     4906       1461  -1.204430E-01   2.430980E-02   2.538630E-02   0.000000E+00   1.797693+308
     2419       1462  -1.331750E-01   2.855740E-02   1.181390E-02   0.000000E+00   1.797693+308
     2758       1463  -1.216410E-01   5.345870E-03   4.123970E-02   0.000000E+00   1.797693+308
     2461       1464  -1.270460E-01   3.220740E-02   1.330920E-02   0.000000E+00   1.797693+308
     4898       1465  -1.162730E-01   2.061070E-02   3.187340E-02   0.000000E+00   1.797693+308
     4897       1466  -1.235270E-01   1.622770E-02   3.015910E-02   0.000000E+00   1.797693+308
     5136       1467  -1.298380E-01  -4.174070E-04   4.001970E-02   0.000000E+00   1.797693+308
     4918       1468  -1.133690E-01   3.300170E-02   2.314930E-02   0.000000E+00   1.797693+308
     2641       1469  -1.261840E-01   8.375320E-03   3.505790E-02   0.000000E+00   1.797693+308
     5693       1470  -1.291550E-01   1.990200E-02   2.257030E-02   0.000000E+00   1.797693+308
     4884       1471  -1.085720E-01   2.635930E-02   3.272410E-02   0.000000E+00   1.797693+308
     2409       1472  -1.329120E-01   3.288790E-02   8.185160E-03   0.000000E+00   1.797693+308
     5134       1473  -1.309930E-01  -8.437880E-03   4.622450E-02   0.000000E+00   1.797693+308
     2768       1474  -1.189570E-01   1.297830E-02   3.655650E-02   0.000000E+00   1.797693+308
     1158       1475  -1.177900E-01   3.832860E-02   1.502890E-02   0.000000E+00   1.797693+308
     4996       1476  -1.319510E-01   1.166450E-02   2.770180E-02   0.000000E+00   1.797693+308
     2766       1477  -1.112120E-01   1.759210E-02   3.844470E-02   0.000000E+00   1.797693+308
     2406       1478  -1.249100E-01   3.977990E-02   8.256360E-03   0.000000E+00   1.797693+308
     4985       1479  -1.226260E-01   2.885770E-02   1.968010E-02   0.000000E+00   1.797693+308
     5126       1480  -1.239220E-01  -1.493430E-03   4.553140E-02   0.000000E+00   1.797693+308
     2362       1481  -1.324590E-01   3.853190E-02   3.541770E-03   0.000000E+00   1.797693+308
     4991       1482  -1.333710E-01   4.205520E-03   3.320630E-02   0.000000E+00   1.797693+308
     2773       1483  -1.162000E-01   9.485760E-03   4.177110E-02   0.000000E+00   1.797693+308
     4923       1484  -1.089140E-01   3.127650E-02   2.811030E-02   0.000000E+00   1.797693+308
     1603       1485  -1.054960E-01   2.339540E-02   3.771670E-02   0.000000E+00   1.797693+308
     2417       1486  -1.315650E-01   2.477060E-02   1.640490E-02   0.000000E+00   1.797693+308
     4687       1487  -2.794440E-02   2.703130E-02   2.323340E-02   0.000000E+00   1.797693+308
     4627       1488  -1.671790E-02   6.206270E-03   3.300290E-02   0.000000E+00   1.797693+308
     3346       1489  -3.771470E-02   1.777270E-02   3.895580E-02   0.000000E+00   1.797693+308
     4684       1490  -1.949360E-02   2.193810E-02   2.122500E-02   0.000000E+00   1.797693+308
     6067       1491  -2.397210E-02   1.797460E-02   2.818370E-02   0.000000E+00   1.797693+308
     1025       1492  -3.833800E-02   3.127110E-02   2.749460E-02   0.000000E+00   1.797693+308
     3557       1493  -2.133090E-02  -3.923510E-03   4.552040E-02   0.000000E+00   1.797693+308
     5913       1494  -2.633060E-02   6.330490E-03   4.030300E-02   0.000000E+00   1.797693+308
     3206       1495  -4.296660E-02   2.627800E-02   3.547990E-02   0.000000E+00   1.797693+308
     4760       1496  -3.254080E-02   2.226140E-02   3.099650E-02   0.000000E+00   1.797693+308
     3463       1497  -2.140920E-02   2.877340E-02   1.665460E-02   0.000000E+00   1.797693+308
     5382       1498  -1.598260E-02   1.592770E-02   2.383570E-02   0.000000E+00   1.797693+308
     3461       1499  -2.466710E-02   1.171080E-02   3.426080E-02   0.000000E+00   1.797693+308
     3224       1500  -3.388610E-02   3.515140E-02   2.063000E-02   0.000000E+00   1.797693+308
     5996       1501  -1.635330E-02  -1.105170E-02   4.798950E-02   0.000000E+00   1.797693+308
     3471       1502  -2.666530E-02   3.240910E-02   1.748980E-02   0.000000E+00   1.797693+308
     3553       1503  -1.791830E-02   3.627470E-04   3.909780E-02   0.000000E+00   1.797693+308
     3342       1504  -3.262910E-02   1.116950E-02   4.087730E-02   0.000000E+00   1.797693+308
     4766       1505  -3.006260E-02   1.624350E-02   3.441000E-02   0.000000E+00   1.797693+308
     4661       1506  -1.522730E-02   2.524090E-02   1.501440E-02   0.000000E+00   1.797693+308
     5380       1507  -1.707850E-02   1.177940E-02   2.835050E-02   0.000000E+00   1.797693+308
     3550       1508  -2.714790E-02   1.808190E-03   4.493380E-02   0.000000E+00   1.797693+308
     3884       1509  -1.450770E-02  -6.150770E-03   4.223110E-02   0.000000E+00   1.797693+308
     5382       1510  -1.467910E-02   1.915350E-02   1.997720E-02   0.000000E+00   1.797693+308
     5074       1511  -1.538410E-01   9.738960E-03   2.244420E-02   0.000000E+00   1.797693+308
     5084       1512  -1.534780E-01   1.602860E-02   1.688000E-02   0.000000E+00   1.797693+308
     6500       1513  -1.534780E-01   3.455300E-03   2.800320E-02   0.000000E+00   1.797693+308
     4043       1514   5.784050E-03   1.162060E-03   3.003200E-02   0.000000E+00   1.797693+308
      389       1515  -1.361580E-01  -2.832730E-02   4.904090E-02   0.000000E+00   1.797693+308
     6456       1516  -1.398710E-01  -3.456920E-02   4.007760E-02   0.000000E+00   1.797693+308
      378       1517  -1.325090E-01  -3.644810E-02   4.173640E-02   0.000000E+00   1.797693+308
      378       1518  -1.292890E-01  -3.093440E-02   4.962290E-02   0.000000E+00   1.797693+308
      418       1519  -1.423690E-01  -2.818070E-02   4.601610E-02   0.000000E+00   1.797693+308
     6090       1520  -1.258300E-01  -3.754620E-02   4.392630E-02   0.000000E+00   1.797693+308
      418       1521  -1.472550E-01  -3.239170E-02   3.874570E-02   0.000000E+00   1.797693+308
     2869       1522  -1.218130E-01  -3.174540E-02   5.254720E-02   0.000000E+00   1.797693+308
      424       1523  -1.476680E-01  -2.589580E-02   4.587610E-02   0.000000E+00   1.797693+308
     1386       1524  -8.265120E-03  -3.782310E-02   4.149590E-02   0.000000E+00   1.797693+308
      185       1525  -9.706580E-03  -3.253150E-02   4.801950E-02   0.000000E+00   1.797693+308
     4114       1526  -1.087590E-02  -2.945860E-02   5.193280E-02   0.000000E+00   1.797693+308
     4115       1527  -1.578490E-02  -3.248940E-02   5.035330E-02   0.000000E+00   1.797693+308
     4115       1528  -1.658560E-02  -3.835160E-02   4.402810E-02   0.000000E+00   1.797693+308
     1347       1529  -2.050690E-03  -3.117900E-02   4.666870E-02   0.000000E+00   1.797693+308
      170       1530  -1.516120E-03  -3.667050E-02   4.026030E-02   0.000000E+00   1.797693+308
     4308       1531  -1.131360E-02  -2.762770E-02   5.416700E-02   0.000000E+00   1.797693+308
     3966       1532  -2.062860E-02  -3.115400E-02   5.368470E-02   0.000000E+00   1.797693+308
     3638       1533  -5.593080E-02  -1.384100E-03   5.836400E-02   0.000000E+00   1.797693+308
     3704       1534  -5.593080E-02   3.656090E-03   6.778900E-02   0.000000E+00   1.797693+308
     1475       1535  -5.593080E-02   6.668750E-03   6.087960E-02   0.000000E+00   1.797693+308
     3963       1536  -5.593080E-02  -2.712270E-02   6.639690E-02   0.000000E+00   1.797693+308
     6062       1537  -5.593080E-02   5.143310E-04   6.405310E-02   0.000000E+00   1.797693+308
     2006       1538  -5.593080E-02   1.862980E-04   7.112010E-02   0.000000E+00   1.797693+308
     1469       1539  -5.593080E-02   9.331070E-03   5.420190E-02   0.000000E+00   1.797693+308
      509       1540  -9.212580E-02  -1.384100E-03   5.836400E-02   0.000000E+00   1.797693+308
     3382       1541  -9.212580E-02   3.656090E-03   6.778900E-02   0.000000E+00   1.797693+308
     1594       1542  -9.212580E-02   6.668750E-03   6.087960E-02   0.000000E+00   1.797693+308
     3537       1543  -9.212580E-02  -2.712270E-02   6.639690E-02   0.000000E+00   1.797693+308
     3396       1544  -9.212580E-02   5.143310E-04   6.405310E-02   0.000000E+00   1.797693+308
     3389       1545  -9.212580E-02   1.862980E-04   7.112010E-02   0.000000E+00   1.797693+308
     3042       1546  -9.212580E-02   9.331070E-03   5.420190E-02   0.000000E+00   1.797693+308
     3701       1547  -6.355080E-02   4.547460E-03   6.464790E-02   0.000000E+00   1.797693+308
     5934       1548  -6.355080E-02  -4.124370E-03   5.763160E-02   0.000000E+00   1.797693+308
     1480       1549  -6.355080E-02   2.326610E-03   5.658210E-02   0.000000E+00   1.797693+308
     3952       1550  -6.355080E-02  -2.662800E-02   6.449720E-02   0.000000E+00   1.797693+308
     5907       1551  -6.355080E-02   1.067990E-02   5.551960E-02   0.000000E+00   1.797693+308
      269       1552  -6.355080E-02   3.581950E-04   6.789380E-02   0.000000E+00   1.797693+308
      261       1553  -6.355080E-02  -8.622640E-04   6.367490E-02   0.000000E+00   1.797693+308
      811       1554  -6.355080E-02  -2.696320E-02   7.001330E-02   0.000000E+00   1.797693+308
     6270       1555  -6.355080E-02   9.482370E-04   7.393630E-02   0.000000E+00   1.797693+308
     3264       1556  -8.450580E-02   4.547460E-03   6.464790E-02   0.000000E+00   1.797693+308
     3137       1557  -8.450580E-02  -4.124360E-03   5.763160E-02   0.000000E+00   1.797693+308
     5054       1558  -8.450580E-02   2.326610E-03   5.658210E-02   0.000000E+00   1.797693+308
     3480       1559  -8.450580E-02  -2.662800E-02   6.449720E-02   0.000000E+00   1.797693+308
     3039       1560  -8.450580E-02   1.067990E-02   5.551960E-02   0.000000E+00   1.797693+308
     6780       1561  -8.450580E-02   3.581940E-04   6.789380E-02   0.000000E+00   1.797693+308
      512       1562  -8.450580E-02  -8.622620E-04   6.367490E-02   0.000000E+00   1.797693+308
     3590       1563  -8.450580E-02  -2.696320E-02   7.001330E-02   0.000000E+00   1.797693+308
     3452       1564  -8.450580E-02   9.482360E-04   7.393630E-02   0.000000E+00   1.797693+308
     1198       1565  -1.147450E-01  -1.067270E-02   5.192180E-02   0.000000E+00   1.797693+308
     1187       1566  -1.037090E-01  -5.063630E-03   5.026050E-02   0.000000E+00   1.797693+308
     5476       1567  -1.039140E-01  -1.500280E-02   5.320430E-02   0.000000E+00   1.797693+308
     1204       1568  -1.143090E-01  -2.227820E-02   5.535910E-02   0.000000E+00   1.797693+308
     1194       1569  -1.047260E-01  -2.495820E-02   5.615290E-02   0.000000E+00   1.797693+308
     4913       1570  -1.089620E-01   2.253930E-03   4.809310E-02   0.000000E+00   1.797693+308
     4913       1571  -1.131250E-01  -3.145960E-03   4.969250E-02   0.000000E+00   1.797693+308
     5144       1572  -1.230820E-01  -1.782930E-02   5.404140E-02   0.000000E+00   1.797693+308
     1185       1573  -1.018060E-01   4.213820E-03   4.751260E-02   0.000000E+00   1.797693+308
     2960       1574  -1.023970E-01  -2.945370E-02   5.748440E-02   0.000000E+00   1.797693+308
     1599       1575  -1.033780E-01   1.104950E-02   4.548800E-02   0.000000E+00   1.797693+308
      915       1576  -3.380890E-02  -8.161540E-03   5.117800E-02   0.000000E+00   1.797693+308
     4600       1577  -3.565360E-02  -2.170920E-02   5.519060E-02   0.000000E+00   1.797693+308
     3363       1578  -4.415300E-02  -4.769490E-03   5.017340E-02   0.000000E+00   1.797693+308
     3734       1579  -2.665550E-02  -1.534850E-02   5.330670E-02   0.000000E+00   1.797693+308
     6563       1580  -4.109590E-02  -1.374370E-02   5.283140E-02   0.000000E+00   1.797693+308
     4738       1581  -4.583190E-02   6.395140E-03   4.686660E-02   0.000000E+00   1.797693+308
      826       1582  -4.584840E-02  -2.477750E-02   5.609940E-02   0.000000E+00   1.797693+308
      917       1583  -3.788300E-02   8.666160E-04   4.850400E-02   0.000000E+00   1.797693+308
     3970       1584  -2.906360E-02  -2.496360E-02   5.615450E-02   0.000000E+00   1.797693+308
     3728       1585  -2.155270E-02  -2.168900E-02   5.518460E-02   0.000000E+00   1.797693+308
     4731       1586  -4.743540E-02  -1.245500E-02   5.244970E-02   0.000000E+00   1.797693+308
     2247       1587  -1.632970E-01   1.037070E-02   3.009330E-03   0.000000E+00   1.797693+308
     2273       1588  -1.632970E-01   4.130970E-03   1.412860E-02   0.000000E+00   1.797693+308
      533       1589  -1.632970E-01  -8.566170E-03   2.310830E-02   0.000000E+00   1.797693+308
     1826       1590  -1.632970E-01   1.945050E-02   2.981670E-03   0.000000E+00   1.797693+308
     1826       1591  -1.632970E-01   1.398090E-02  -3.867080E-03   0.000000E+00   1.797693+308
     5713       1592  -1.632970E-01  -1.068590E-02   2.964250E-02   0.000000E+00   1.797693+308
      533       1593  -1.632970E-01  -1.630430E-02   2.395310E-02   0.000000E+00   1.797693+308
     1873       1594  -1.632970E-01  -5.328810E-03   1.247930E-02   0.000000E+00   1.797693+308
     2498       1595  -1.632970E-01   2.378260E-03   2.119100E-02   0.000000E+00   1.797693+308
     2317       1596  -1.632970E-01   2.269860E-03   5.725890E-03   0.000000E+00   1.797693+308
     5755       1597  -1.632970E-01   1.301460E-02   1.178130E-02   0.000000E+00   1.797693+308
      642       1598  -7.402830E-02  -2.322490E-02   5.299050E-02   0.000000E+00   1.797693+308
     5539       1599  -7.402830E-02  -1.401520E-02   5.026270E-02   0.000000E+00   1.797693+308
     2956       1600  -7.402830E-02  -4.805450E-03   4.753490E-02   0.000000E+00   1.797693+308
     4832       1601  -7.402830E-02   4.404250E-03   4.480720E-02   0.000000E+00   1.797693+308
     2953       1602  -7.402830E-02   1.239010E-02   4.244190E-02   0.000000E+00   1.797693+308
     1408       1603  -7.402830E-02   2.052120E-02   4.003360E-02   0.000000E+00   1.797693+308
     5585       1604   1.524000E-02  -1.187940E-02   2.603950E-02   0.000000E+00   1.797693+308
      712       1605   1.524000E-02  -1.891650E-03   1.720350E-02   0.000000E+00   1.797693+308
     5732       1606   1.524000E-02   5.592720E-03   1.524130E-02   0.000000E+00   1.797693+308
      703       1607   1.524000E-02  -2.054510E-04   9.790650E-03   0.000000E+00   1.797693+308
     5593       1608   1.524000E-02  -1.865040E-02   2.737060E-02   0.000000E+00   1.797693+308
     5588       1609   1.524000E-02  -1.368990E-02   3.364410E-02   0.000000E+00   1.797693+308
     6145       1610   1.524000E-02  -8.598840E-03   1.537220E-02   0.000000E+00   1.797693+308
     5276       1611   1.524000E-02  -8.917630E-04   2.408390E-02   0.000000E+00   1.797693+308
     1614       1612  -9.690280E-02   9.956600E-03   2.379760E-02   0.000000E+00   1.797693+308
     2229       1613  -1.571490E-01   2.180250E-02  -1.070790E-02   0.000000E+00   1.797693+308
     2194       1614  -1.566430E-01   1.821710E-02   8.731770E-03   0.000000E+00   1.797693+308
     2199       1615  -1.587400E-01   1.715110E-02  -8.426180E-03   0.000000E+00   1.797693+308
     2241       1616  -1.525650E-01   2.458650E-02  -1.497630E-02   0.000000E+00   1.797693+308
     6839       1617  -1.576810E-01   1.203410E-02   1.202040E-03   0.000000E+00   1.797693+308
     2251       1618  -1.462430E-01   2.495010E-02  -1.527920E-02   0.000000E+00   1.797693+308
     2267       1619  -1.384860E-01   2.845860E-02  -9.713190E-03   0.000000E+00   1.797693+308
     5077       1620  -1.573440E-01   8.699150E-03   1.525510E-02   0.000000E+00   1.797693+308
     2291       1621  -1.550250E-01   1.153450E-02  -3.731340E-03   0.000000E+00   1.797693+308
     2299       1622  -1.494010E-01   1.515180E-02   1.047480E-02   0.000000E+00   1.797693+308
     5748       1623  -1.351460E-01   2.989200E-02  -4.860090E-03   0.000000E+00   1.797693+308
     2352       1624  -1.579700E-01   4.983580E-03   2.703380E-03   0.000000E+00   1.797693+308
     2393       1625  -1.384320E-01   2.392900E-02  -1.334520E-02   0.000000E+00   1.797693+308
     1708       1626  -1.505900E-01   7.933810E-03   5.079400E-03   0.000000E+00   1.797693+308
     2354       1627  -1.499230E-01   9.520290E-03  -2.120640E-03   0.000000E+00   1.797693+308
     1213       1628  -1.362590E-01   3.360920E-02  -1.064210E-05   0.000000E+00   1.797693+308
     2374       1629  -1.541640E-01   1.089240E-04   1.012390E-02   0.000000E+00   1.797693+308
     2387       1630  -1.400320E-01   1.916530E-02  -9.992900E-03   0.000000E+00   1.797693+308
     2397       1631  -1.405800E-01   1.282990E-02   1.205640E-02   0.000000E+00   1.797693+308
     5779       1632  -1.404910E-01   1.051880E-02   1.481060E-03   0.000000E+00   1.797693+308
     2413       1633  -1.288190E-01   3.372800E-02   7.500020E-04   0.000000E+00   1.797693+308
     5711       1634  -1.367520E-01   2.070860E-02   8.306490E-03   0.000000E+00   1.797693+308
     2429       1635  -1.438490E-01   1.119020E-02  -3.273070E-03   0.000000E+00   1.797693+308
     2458       1636  -1.350170E-01   1.644280E-02  -6.098650E-03   0.000000E+00   1.797693+308
     6505       1637  -1.580280E-01   4.987170E-04   2.443290E-02   0.000000E+00   1.797693+308
     2459       1638  -1.404490E-01   1.427760E-02  -5.976540E-03   0.000000E+00   1.797693+308
     2461       1639  -1.322410E-01   2.735050E-02   4.649110E-03   0.000000E+00   1.797693+308
      536       1640  -1.581430E-01  -1.071380E-02   1.733660E-02   0.000000E+00   1.797693+308
     6483       1641  -1.421430E-01  -3.595970E-03   1.554890E-02   0.000000E+00   1.797693+308
     2486       1642  -1.207510E-01   2.221770E-02  -6.351580E-03   0.000000E+00   1.797693+308
     2548       1643  -1.556940E-01  -7.946370E-03   2.245630E-02   0.000000E+00   1.797693+308
     2504       1644  -1.175690E-01   3.177600E-02   5.128490E-03   0.000000E+00   1.797693+308
     2516       1645  -1.326110E-01   8.437160E-03   1.894240E-02   0.000000E+00   1.797693+308
     2531       1646  -1.578610E-01  -5.413090E-03   2.951700E-02   0.000000E+00   1.797693+308
     2541       1647  -1.464480E-01  -1.064990E-02   1.957260E-02   0.000000E+00   1.797693+308
     6833       1648  -1.525620E-01  -1.441010E-02   1.953890E-02   0.000000E+00   1.797693+308
     2587       1649  -1.467700E-01  -1.785190E-03   2.462660E-02   0.000000E+00   1.797693+308
      550       1650  -1.560000E-01  -1.689050E-02   2.163170E-02   0.000000E+00   1.797693+308
     2633       1651  -1.397010E-01  -1.242140E-02   2.073580E-02   0.000000E+00   1.797693+308
     5798       1652  -1.440120E-01  -1.548510E-02   1.984740E-02   0.000000E+00   1.797693+308
     1639       1653  -1.406520E-01  -3.452210E-03   2.685300E-02   0.000000E+00   1.797693+308
     2596       1654  -1.174170E-01   7.538270E-03   2.779870E-03   0.000000E+00   1.797693+308
     2608       1655  -1.147470E-01   4.040340E-02   8.133080E-03   0.000000E+00   1.797693+308
     2612       1656  -1.077140E-01   2.011720E-02  -5.471780E-03   0.000000E+00   1.797693+308
     1124       1657  -1.389270E-01  -1.857670E-02   2.286700E-02   0.000000E+00   1.797693+308
     1149       1658  -1.019020E-01   3.077260E-02   8.418180E-03   0.000000E+00   1.797693+308
     1651       1659  -1.257730E-01  -1.078260E-03   2.973390E-02   0.000000E+00   1.797693+308
     2645       1660  -1.350950E-01  -1.547000E-02   2.482770E-02   0.000000E+00   1.797693+308
     5715       1661  -1.366700E-01  -4.320590E-03   3.178600E-02   0.000000E+00   1.797693+308
     6619       1662  -1.075430E-01   3.984240E-02   1.153570E-02   0.000000E+00   1.797693+308
     2724       1663  -1.574650E-01  -2.506660E-02   2.775250E-02   0.000000E+00   1.797693+308
     6595       1664  -1.334900E-01  -2.097590E-02   2.955290E-02   0.000000E+00   1.797693+308
     1330       1665  -1.015970E-01   3.061920E-02   2.423850E-02   0.000000E+00   1.797693+308
     4946       1666  -1.321070E-01  -8.316620E-03   3.688870E-02   0.000000E+00   1.797693+308
     4978       1667  -9.046620E-02   1.728010E-02  -1.860420E-03   0.000000E+00   1.797693+308
     2787       1668  -1.519980E-01  -2.794890E-02   3.127970E-02   0.000000E+00   1.797693+308
     2739       1669  -1.396160E-01  -2.628610E-02   2.986060E-02   0.000000E+00   1.797693+308
     5812       1670  -8.816620E-02   3.625950E-02   1.174220E-02   0.000000E+00   1.797693+308
     2758       1671  -1.174550E-01  -3.774190E-03   4.004250E-02   0.000000E+00   1.797693+308
     2774       1672  -1.085400E-01   8.273920E-03   3.846880E-02   0.000000E+00   1.797693+308
     4932       1673  -1.340770E-01  -1.450350E-02   4.040970E-02   0.000000E+00   1.797693+308
     2790       1674  -1.458400E-01  -2.823270E-02   3.192800E-02   0.000000E+00   1.797693+308
     1043       1675  -1.349470E-01  -2.342440E-02   3.656960E-02   0.000000E+00   1.797693+308
     5131       1676  -1.162260E-01  -1.866010E-02   4.251240E-02   0.000000E+00   1.797693+308
     2872       1677  -9.560270E-02   2.088130E-02   3.833720E-02   0.000000E+00   1.797693+308
     5820       1678  -1.292810E-01  -2.022820E-02   4.584540E-02   0.000000E+00   1.797693+308
     2816       1679  -8.051190E-02   1.728530E-02  -8.045210E-03   0.000000E+00   1.797693+308
     6094       1680  -1.208720E-01  -3.226160E-02   4.000540E-02   0.000000E+00   1.797693+308
     6835       1681  -1.406630E-01  -2.803120E-02   3.561420E-02   0.000000E+00   1.797693+308
     1283       1682  -7.038570E-02   2.876810E-02   1.204270E-02   0.000000E+00   1.797693+308
     2837       1683  -1.019490E-01  -1.729240E-02   3.002940E-02   0.000000E+00   1.797693+308
     2840       1684  -9.351230E-02   7.160290E-03   4.046980E-02   0.000000E+00   1.797693+308
     2851       1685  -1.391660E-01  -2.080460E-02   4.518810E-02   0.000000E+00   1.797693+308
     5834       1686  -8.741690E-02   2.426620E-02   3.375950E-02   0.000000E+00   1.797693+308
     3009       1687  -1.125950E-01  -3.045440E-02   4.886430E-02   0.000000E+00   1.797693+308
     2872       1688  -8.877480E-02   2.125600E-02   4.036120E-02   0.000000E+00   1.797693+308
     2889       1689  -7.776430E-02   2.373370E-02   3.122120E-02   0.000000E+00   1.797693+308
     1190       1690  -9.200620E-02  -3.197220E-03   4.614590E-02   0.000000E+00   1.797693+308
     5835       1691  -1.131710E-01  -3.673000E-02   4.069280E-02   0.000000E+00   1.797693+308
      326       1692  -1.019640E-01  -3.276130E-02   4.058140E-02   0.000000E+00   1.797693+308
     2924       1693  -1.348460E-01  -2.230840E-02   5.065890E-02   0.000000E+00   1.797693+308
     5722       1694  -6.264880E-02   1.793060E-02  -8.832190E-04   0.000000E+00   1.797693+308
     5847       1695  -6.639240E-02   3.802450E-02   1.376140E-02   0.000000E+00   1.797693+308
     2956       1696  -7.912620E-02   2.567570E-03   4.010860E-02   0.000000E+00   1.797693+308
      319       1697  -1.008080E-01  -2.838830E-02   4.967880E-02   0.000000E+00   1.797693+308
     2979       1698  -8.838260E-02   1.972100E-02   4.701660E-02   0.000000E+00   1.797693+308
     2983       1699  -6.916000E-02   2.587990E-02   3.219500E-02   0.000000E+00   1.797693+308
     1622       1700  -9.150610E-02  -1.218820E-02   4.796220E-02   0.000000E+00   1.797693+308
     5690       1701  -8.834700E-02  -6.523580E-03   5.046280E-02   0.000000E+00   1.797693+308
     3018       1702  -1.054560E-01  -3.200870E-02   5.367870E-02   0.000000E+00   1.797693+308
     3024       1703  -6.520990E-02  -7.136790E-05   1.115140E-02   0.000000E+00   1.797693+308
     5203       1704  -5.382000E-02   3.548210E-02   1.837080E-02   0.000000E+00   1.797693+308
     3043       1705  -8.857820E-02   1.379790E-02   5.227470E-02   0.000000E+00   1.797693+308
     3049       1706  -8.372430E-02  -2.014160E-02   2.994130E-02   0.000000E+00   1.797693+308
     1052       1707  -8.796760E-02   7.080820E-03   5.190850E-02   0.000000E+00   1.797693+308
     3160       1708  -9.194760E-02  -2.265130E-02   5.168720E-02   0.000000E+00   1.797693+308
      338       1709  -9.066750E-02  -3.394270E-02   4.092330E-02   0.000000E+00   1.797693+308
     3214       1710  -6.396980E-02   1.897200E-02   3.473580E-02   0.000000E+00   1.797693+308
     5880       1711  -4.949350E-02   1.444300E-02  -1.216580E-03   0.000000E+00   1.797693+308
     5851       1712  -8.905120E-02  -1.244550E-02   5.581830E-02   0.000000E+00   1.797693+308
     3091       1713  -6.750520E-02  -1.167380E-02   2.372970E-02   0.000000E+00   1.797693+308
     3097       1714  -8.939410E-02  -3.005400E-02   5.399450E-02   0.000000E+00   1.797693+308
     5217       1715  -4.978260E-02   2.852500E-02   2.921590E-02   0.000000E+00   1.797693+308
      340       1716  -4.468250E-02   3.491100E-02   1.888380E-02   0.000000E+00   1.797693+308
      514       1717  -8.813490E-02  -7.965610E-03   5.909710E-02   0.000000E+00   1.797693+308
     3154       1718  -7.980390E-02  -3.106090E-02   3.890780E-02   0.000000E+00   1.797693+308
     1530       1719  -8.899880E-02  -2.209180E-02   5.764550E-02   0.000000E+00   1.797693+308
     3257       1720  -8.492430E-02  -2.910750E-02   4.898010E-02   0.000000E+00   1.797693+308
     3195       1721  -6.186920E-02   2.394410E-02   3.711470E-02   0.000000E+00   1.797693+308
     3332       1722  -5.590770E-02   6.674230E-03   4.190590E-02   0.000000E+00   1.797693+308
     6843       1723  -5.582150E-02   2.409720E-02   3.834610E-02   0.000000E+00   1.797693+308
     3205       1724  -4.057060E-02   3.374290E-03   7.345980E-03   0.000000E+00   1.797693+308
     3347       1725  -4.610450E-02   1.525930E-02   3.619360E-02   0.000000E+00   1.797693+308
     3213       1726  -6.024380E-02   1.501360E-02   4.009020E-02   0.000000E+00   1.797693+308
     6176       1727  -3.810550E-02   2.573890E-02   1.766810E-02   0.000000E+00   1.797693+308
     3230       1728  -6.284090E-02  -7.949130E-03   4.486230E-02   0.000000E+00   1.797693+308
     3234       1729  -8.831580E-02  -2.915380E-02   6.025500E-02   0.000000E+00   1.797693+308
     5927       1730  -3.656820E-02   1.556000E-02   7.253550E-04   0.000000E+00   1.797693+308
     3252       1731  -7.403650E-02  -2.950260E-02   4.936730E-02   0.000000E+00   1.797693+308
     3265       1732  -8.812260E-02   5.160380E-03   6.825600E-02   0.000000E+00   1.797693+308
     3277       1733  -5.965760E-02   1.611830E-02   4.906400E-02   0.000000E+00   1.797693+308
     6781       1734  -8.930090E-02  -3.543110E-03   6.472390E-02   0.000000E+00   1.797693+308
      644       1735  -6.345990E-02  -2.032410E-02   4.639070E-02   0.000000E+00   1.797693+308
     3301       1736  -8.941400E-02  -1.621390E-02   5.976680E-02   0.000000E+00   1.797693+308
     5901       1737  -5.919950E-02   2.060870E-02   4.479660E-02   0.000000E+00   1.797693+308
      892       1738  -5.992320E-02   8.031340E-04   4.458890E-02   0.000000E+00   1.797693+308
     5910       1739  -5.985200E-02   9.003490E-03   4.672580E-02   0.000000E+00   1.797693+308
     3343       1740  -3.853290E-02   6.009600E-03   3.971890E-02   0.000000E+00   1.797693+308
     3472       1741  -3.075840E-02   3.188770E-02   1.401080E-02   0.000000E+00   1.797693+308
      903       1742  -5.054690E-02  -8.857320E-03   4.453170E-02   0.000000E+00   1.797693+308
     3368       1743  -7.147660E-02  -3.646340E-02   4.089450E-02   0.000000E+00   1.797693+308
     6299       1744  -8.816120E-02  -4.662290E-04   7.098470E-02   0.000000E+00   1.797693+308
     6747       1745  -8.888030E-02  -2.234900E-02   6.462470E-02   0.000000E+00   1.797693+308
     5399       1746  -5.802290E-02  -3.343660E-02   3.989020E-02   0.000000E+00   1.797693+308
      374       1747  -5.761670E-02  -1.788700E-02   5.119650E-02   0.000000E+00   1.797693+308
     3422       1748  -5.826780E-02  -9.571470E-03   5.023320E-02   0.000000E+00   1.797693+308
      288       1749  -6.419740E-02  -2.893310E-02   4.977430E-02   0.000000E+00   1.797693+308
     3440       1750  -8.831580E-02  -3.021580E-04   7.543110E-02   0.000000E+00   1.797693+308
     3461       1751  -2.702120E-02   2.976190E-03   3.008360E-02   0.000000E+00   1.797693+308
     4678       1752  -2.317790E-02   2.715640E-02   1.121360E-02   0.000000E+00   1.797693+308
     3595       1753  -8.789210E-02  -2.825870E-02   6.809630E-02   0.000000E+00   1.797693+308
     3488       1754  -2.588200E-02   1.348780E-02  -5.195300E-03   0.000000E+00   1.797693+308
     3498       1755  -5.532300E-02  -2.935530E-02   4.992340E-02   0.000000E+00   1.797693+308
     3685       1756  -5.910470E-02  -1.721850E-02   5.730310E-02   0.000000E+00   1.797693+308
     3697       1757  -6.065070E-02  -8.995650E-03   5.710930E-02   0.000000E+00   1.797693+308
     3751       1758  -3.295640E-02  -1.632410E-02   3.017180E-02   0.000000E+00   1.797693+308
     5940       1759  -5.985010E-02  -1.714590E-03   5.365910E-02   0.000000E+00   1.797693+308
     3595       1760  -8.757190E-02  -2.389010E-02   6.901400E-02   0.000000E+00   1.797693+308
     5378       1761  -1.552710E-02   1.029180E-02   1.311050E-02   0.000000E+00   1.797693+308
     3548       1762  -3.029840E-02  -3.658920E-03   4.266380E-02   0.000000E+00   1.797693+308
     5406       1763  -4.505820E-02  -3.611360E-02   4.000190E-02   0.000000E+00   1.797693+308
     3580       1764  -8.867140E-02  -2.074440E-03   7.992730E-02   0.000000E+00   1.797693+308
     3594       1765  -8.782360E-02  -2.535420E-02   7.332640E-02   0.000000E+00   1.797693+308
     3606       1766  -1.371090E-02   1.394450E-02   6.230840E-03   0.000000E+00   1.797693+308
      888       1767  -1.339510E-02   2.087370E-03   1.101200E-02   0.000000E+00   1.797693+308
     3769       1768  -5.840110E-02  -2.903080E-02   5.618870E-02   0.000000E+00   1.797693+308
     3622       1769  -5.104530E-02  -3.082300E-02   5.431640E-02   0.000000E+00   1.797693+308
     6369       1770  -5.964660E-02  -5.436840E-03   6.170040E-02   0.000000E+00   1.797693+308
     3648       1771  -1.744380E-02   1.361610E-02  -2.055800E-03   0.000000E+00   1.797693+308
     3836       1772  -1.748450E-02  -8.076390E-03   2.016120E-02   0.000000E+00   1.797693+308
      970       1773  -1.116290E-02   4.168490E-03   1.911170E-02   0.000000E+00   1.797693+308
     3663       1774  -1.357550E-02   2.202760E-02   8.672460E-03   0.000000E+00   1.797693+308
     3677       1775  -5.942830E-02  -2.063750E-02   6.170600E-02   0.000000E+00   1.797693+308
     6446       1776  -5.896840E-02  -1.288780E-02   5.974270E-02   0.000000E+00   1.797693+308
     3706       1777  -5.963350E-02   4.816170E-03   6.880410E-02   0.000000E+00   1.797693+308
     6268       1778  -1.061290E-02   3.011260E-03   4.516990E-03   0.000000E+00   1.797693+308
     3723       1779  -4.171400E-02  -3.132740E-02   5.308270E-02   0.000000E+00   1.797693+308
     5997       1780  -2.233390E-02  -1.561730E-02   4.507670E-02   0.000000E+00   1.797693+308
     6427       1781  -6.023550E-02  -8.384030E-04   6.758870E-02   0.000000E+00   1.797693+308
     6010       1782  -2.107470E-02  -1.701510E-02   2.692000E-02   0.000000E+00   1.797693+308
     4580       1783  -1.769890E-02  -8.059910E-03   3.543510E-02   0.000000E+00   1.797693+308
     6558       1784  -1.037440E-02  -5.375230E-03   1.407240E-02   0.000000E+00   1.797693+308
     3766       1785  -5.961490E-02  -2.832620E-02   6.228290E-02   0.000000E+00   1.797693+308
     5975       1786  -3.467120E-02  -3.723290E-02   4.024180E-02   0.000000E+00   1.797693+308
     5975       1787  -3.458550E-02  -3.007160E-02   4.824550E-02   0.000000E+00   1.797693+308
     3801       1788  -8.850010E-02  -2.385990E-02   7.704480E-02   0.000000E+00   1.797693+308
     4001       1789  -1.074500E-02   1.022080E-02   1.014810E-03   0.000000E+00   1.797693+308
     4588       1790  -9.300360E-03  -5.788410E-03   3.064700E-02   0.000000E+00   1.797693+308
     4589       1791  -9.231210E-03  -1.145180E-02   2.689490E-02   0.000000E+00   1.797693+308
     3866       1792  -8.792410E-02  -6.888860E-03   8.178160E-02   0.000000E+00   1.797693+308
     6016       1793  -5.952740E-02  -5.693490E-04   7.571380E-02   0.000000E+00   1.797693+308
     4582       1794  -1.431470E-02  -1.600160E-02   4.346320E-02   0.000000E+00   1.797693+308
     3890       1795  -7.379320E-03  -2.379570E-03   9.057350E-03   0.000000E+00   1.797693+308
     4051       1796  -4.746280E-03  -1.354510E-03   2.093800E-02   0.000000E+00   1.797693+308
     4088       1797  -1.344670E-02  -2.453120E-02   3.790480E-02   0.000000E+00   1.797693+308
     6002       1798  -1.330180E-02  -2.411820E-02   3.083850E-02   0.000000E+00   1.797693+308
     3997       1799  -7.428670E-03   6.233150E-03  -3.676260E-05   0.000000E+00   1.797693+308
     3926       1800  -1.090160E-02  -1.783790E-02   2.554550E-02   0.000000E+00   1.797693+308
     3948       1801  -5.879430E-03   2.303550E-02   7.060390E-03   0.000000E+00   1.797693+308
     4076       1802  -5.870190E-02  -2.580650E-02   6.796560E-02   0.000000E+00   1.797693+308
     1399       1803  -2.536140E-02  -2.749370E-02   4.983060E-02   0.000000E+00   1.797693+308
     6257       1804  -8.877100E-02  -2.022650E-02   8.110320E-02   0.000000E+00   1.797693+308
     4008       1805  -4.654780E-03   1.117510E-02  -2.822320E-03   0.000000E+00   1.797693+308
     4122       1806  -5.577320E-03  -1.496820E-02   2.221890E-02   0.000000E+00   1.797693+308
     4019       1807  -2.664240E-03  -1.774370E-03   8.201620E-03   0.000000E+00   1.797693+308
     4036       1808  -6.133260E-02  -1.866530E-03   7.228340E-02   0.000000E+00   1.797693+308
     4050       1809   4.546080E-04  -5.957850E-03   2.880210E-02   0.000000E+00   1.797693+308
     4063       1810  -6.393260E-03  -2.000660E-02   2.375220E-02   0.000000E+00   1.797693+308
     4073       1811   2.991480E-03   2.268700E-03   2.292860E-02   0.000000E+00   1.797693+308
     4076       1812  -5.984190E-02  -2.677920E-02   7.225120E-02   0.000000E+00   1.797693+308
     4271       1813  -1.090180E-02  -2.865540E-02   3.495140E-02   0.000000E+00   1.797693+308
     4094       1814  -8.623260E-03  -2.680730E-02   3.004940E-02   0.000000E+00   1.797693+308
       89       1815  -2.137990E-02  -3.583010E-02   3.996180E-02   0.000000E+00   1.797693+308
     4289       1816  -1.376790E-02  -2.654830E-02   4.572730E-02   0.000000E+00   1.797693+308
     4130       1817  -1.386070E-03  -1.827130E-02   2.229970E-02   0.000000E+00   1.797693+308
     4132       1818   8.605730E-04  -4.082460E-03   1.325030E-02   0.000000E+00   1.797693+308
     4138       1819   4.810270E-03  -3.676810E-03   8.493720E-03   0.000000E+00   1.797693+308
     4290       1820  -1.348690E-02  -3.343500E-02   3.787540E-02   0.000000E+00   1.797693+308
      600       1821  -8.118500E-03  -2.365700E-02   4.775110E-02   0.000000E+00   1.797693+308
     6313       1822  -8.889500E-02  -1.249910E-02   8.339850E-02   0.000000E+00   1.797693+308
     4188       1823   1.535730E-03   1.143450E-02  -3.195130E-03   0.000000E+00   1.797693+308
     4213       1824  -5.974080E-02  -3.580030E-03   7.992710E-02   0.000000E+00   1.797693+308
     5677       1825   8.486330E-03  -7.963340E-03   2.853610E-02   0.000000E+00   1.797693+308
     4255       1826   9.983530E-03   4.872140E-03   2.071940E-02   0.000000E+00   1.797693+308
     4278       1827  -6.319650E-03  -3.096130E-02   3.411290E-02   0.000000E+00   1.797693+308
     4293       1828  -8.099140E-03  -2.862910E-02   4.126830E-02   0.000000E+00   1.797693+308
       96       1829  -1.470110E-02  -2.585730E-02   5.240840E-02   0.000000E+00   1.797693+308
     5360       1830   6.404270E-03  -1.317380E-02   2.085240E-02   0.000000E+00   1.797693+308
     4323       1831  -6.134750E-02  -2.424330E-02   7.692970E-02   0.000000E+00   1.797693+308
     4324       1832   8.384470E-03  -3.624240E-04   1.765390E-02   0.000000E+00   1.797693+308
     6035       1833  -8.940500E-03  -2.548090E-02   5.194760E-02   0.000000E+00   1.797693+308
     4350       1834   6.578550E-03   9.857530E-03  -2.132210E-03   0.000000E+00   1.797693+308
     4361       1835   4.333280E-03  -1.861910E-02   2.373280E-02   0.000000E+00   1.797693+308
     4419       1836   9.687050E-03   4.390010E-04   6.427490E-03   0.000000E+00   1.797693+308
     4384       1837  -9.677930E-04  -2.568570E-02   4.829100E-02   0.000000E+00   1.797693+308
     6030       1838  -1.075670E-02  -2.522780E-02   5.458810E-02   0.000000E+00   1.797693+308
     4416       1839  -1.244160E-03  -3.277160E-02   3.492800E-02   0.000000E+00   1.797693+308
     4423       1840   7.436230E-03   4.580880E-03   2.180410E-03   0.000000E+00   1.797693+308
     6341       1841  -5.940160E-02  -2.184520E-02   8.027210E-02   0.000000E+00   1.797693+308
     4462       1842  -5.966220E-02  -7.974350E-03   8.296490E-02   0.000000E+00   1.797693+308
     5320       1843   7.065060E-03  -2.510650E-02   2.940720E-02   0.000000E+00   1.797693+308
     4478       1844   4.894400E-03  -2.923010E-02   3.289710E-02   0.000000E+00   1.797693+308
     4502       1845   1.023060E-02   6.296250E-03  -2.560310E-05   0.000000E+00   1.797693+308
     6319       1846  -5.962220E-02  -1.734880E-02   8.286130E-02   0.000000E+00   1.797693+308
     4536       1847  -8.769620E-02   2.462290E-03   1.190710E-02   0.000000E+00   1.797693+308
     4539       1848  -1.035660E-01   2.268990E-04   1.138370E-02   0.000000E+00   1.797693+308
     4544       1849  -1.067450E-01  -9.743510E-03   1.709720E-02   0.000000E+00   1.797693+308
     4549       1850  -8.272600E-02  -1.065210E-02   2.029200E-02   0.000000E+00   1.797693+308
     4562       1851   9.890890E-03  -1.613960E-02   2.498070E-02   0.000000E+00   1.797693+308
       97       1852  -2.841060E-02  -2.860070E-02   3.638090E-02   0.000000E+00   1.797693+308
     4577       1853  -2.101400E-03  -8.187400E-03   1.628050E-02   0.000000E+00   1.797693+308
     1311       1854  -1.359720E-02  -1.650380E-02   3.503980E-02   0.000000E+00   1.797693+308
     5964       1855  -3.507380E-02  -1.669910E-02   4.446870E-02   0.000000E+00   1.797693+308
     4612       1856  -6.062410E-02  -2.315000E-02   6.483160E-02   0.000000E+00   1.797693+308
     4632       1857  -1.529170E-02   2.392440E-03   2.637190E-02   0.000000E+00   1.797693+308
     4638       1858  -5.813860E-02  -2.578480E-03   6.544120E-02   0.000000E+00   1.797693+308
     4648       1859  -2.370840E-02   5.311570E-03   6.638700E-03   0.000000E+00   1.797693+308
     4657       1860  -2.234830E-02   1.744910E-02   5.405190E-03   0.000000E+00   1.797693+308
     4668       1861  -1.481990E-02   1.750620E-02   1.419380E-02   0.000000E+00   1.797693+308
     4691       1862  -2.408740E-02   1.371140E-02   1.887380E-02   0.000000E+00   1.797693+308
     4704       1863  -4.206640E-02  -2.766160E-02   3.434570E-02   0.000000E+00   1.797693+308
     4715       1864  -4.748160E-02  -1.473570E-02   2.618580E-02   0.000000E+00   1.797693+308
     4727       1865  -3.930230E-02  -7.724370E-03   1.867880E-02   0.000000E+00   1.797693+308
     4735       1866  -5.191240E-02  -1.578330E-02   4.905370E-02   0.000000E+00   1.797693+308
      898       1867  -5.044780E-02   1.173220E-03   4.120090E-02   0.000000E+00   1.797693+308
      350       1868  -5.326800E-02   2.749360E-02   9.796480E-03   0.000000E+00   1.797693+308
     4766       1869  -3.401400E-02   1.428860E-02   3.070010E-02   0.000000E+00   1.797693+308
     4786       1870  -5.421060E-02   2.573450E-03   7.443000E-03   0.000000E+00   1.797693+308
     6081       1871  -6.476230E-02   7.515510E-03   3.921070E-02   0.000000E+00   1.797693+308
     4795       1872  -7.634990E-02  -1.946660E-02   4.342240E-02   0.000000E+00   1.797693+308
     5919       1873  -6.129300E-02  -2.285810E-02   3.202290E-02   0.000000E+00   1.797693+308
     4808       1874  -7.267060E-02   1.469370E-02   3.561670E-02   0.000000E+00   1.797693+308
     4818       1875  -8.530310E-02  -8.796230E-03   4.658040E-02   0.000000E+00   1.797693+308
     4829       1876  -6.812780E-02   3.159630E-02   2.402370E-02   0.000000E+00   1.797693+308
     4834       1877  -6.974220E-02  -3.027350E-03   3.925640E-02   0.000000E+00   1.797693+308
     5850       1878  -8.562340E-02   8.559150E-03   4.091660E-02   0.000000E+00   1.797693+308
     1646       1879  -1.184430E-01  -1.567270E-02   2.541370E-02   0.000000E+00   1.797693+308
     4848       1880  -7.751300E-02   3.257600E-02   2.214140E-02   0.000000E+00   1.797693+308
     6052       1881  -7.666380E-02   1.078220E-02   4.074060E-03   0.000000E+00   1.797693+308
     6293       1882  -1.222210E-01  -2.600640E-02   4.902200E-02   0.000000E+00   1.797693+308
     6714       1883  -1.031540E-01   2.088060E-02   3.015630E-02   0.000000E+00   1.797693+308
     1039       1884  -1.315070E-01  -2.953810E-02   3.631150E-02   0.000000E+00   1.797693+308
     4899       1885  -1.159500E-01   1.149730E-02   2.653610E-02   0.000000E+00   1.797693+308
     4916       1886  -1.046580E-01  -4.653670E-03   4.058230E-02   0.000000E+00   1.797693+308
     4924       1887  -1.108130E-01   2.522040E-02   2.205410E-02   0.000000E+00   1.797693+308
     4934       1888  -1.329070E-01  -1.482950E-02   3.208220E-02   0.000000E+00   1.797693+308
     4945       1889  -1.323250E-01  -1.362070E-02   1.909110E-02   0.000000E+00   1.797693+308
     4954       1890  -1.360160E-01  -9.927170E-03   2.774600E-02   0.000000E+00   1.797693+308
     6402       1891  -1.198080E-01   3.824220E-04   1.288910E-02   0.000000E+00   1.797693+308
     4979       1892  -1.032520E-01   7.509300E-03   1.796400E-03   0.000000E+00   1.797693+308
     4985       1893  -1.190140E-01   1.854890E-02   1.598090E-02   0.000000E+00   1.797693+308
     4998       1894  -1.344520E-01   2.123370E-03   2.686860E-02   0.000000E+00   1.797693+308
     5002       1895  -1.331970E-01   2.299040E-02  -2.879930E-03   0.000000E+00   1.797693+308
     5015       1896  -1.357920E-01   1.466680E-02  -3.968820E-04   0.000000E+00   1.797693+308
     5027       1897  -1.329210E-01   7.142920E-03   4.990720E-03   0.000000E+00   1.797693+308
     5044       1898  -1.561430E-01   1.286610E-02   6.175660E-03   0.000000E+00   1.797693+308
      928       1899  -6.923400E-02  -1.358050E-02   4.539080E-02   0.000000E+00   1.797693+308
     5866       1900  -8.820020E-02  -1.711070E-03   5.365510E-02   0.000000E+00   1.797693+308
      516       1901  -8.764900E-02  -8.133240E-04   6.106280E-02   0.000000E+00   1.797693+308
     1701       1902  -1.483840E-01   6.185470E-03   1.843470E-02   0.000000E+00   1.797693+308
     5096       1903  -1.595300E-01  -2.012350E-02   2.714760E-02   0.000000E+00   1.797693+308
     1659       1904  -9.725240E-02   3.843930E-02   1.297670E-02   0.000000E+00   1.797693+308
     6481       1905  -1.269950E-01  -1.391580E-02   3.272840E-02   0.000000E+00   1.797693+308
     5126       1906  -1.234250E-01  -1.072990E-02   4.518270E-02   0.000000E+00   1.797693+308
     1316       1907  -8.845570E-02   3.760050E-03   4.544150E-02   0.000000E+00   1.797693+308
     5168       1908  -8.851540E-02   1.550260E-02   3.961490E-02   0.000000E+00   1.797693+308
     5179       1909  -1.113690E-01  -2.696770E-02   3.552140E-02   0.000000E+00   1.797693+308
     5185       1910  -9.264630E-02  -2.689800E-02   3.110740E-02   0.000000E+00   1.797693+308
     5210       1911  -5.987240E-02   2.791340E-02   2.658020E-02   0.000000E+00   1.797693+308
     1542       1912  -5.508480E-02   1.367310E-02   3.051810E-02   0.000000E+00   1.797693+308
     5220       1913  -9.029460E-02  -1.166990E-02   5.947950E-02   0.000000E+00   1.797693+308
      921       1914  -4.343820E-02  -1.762470E-03   3.231350E-02   0.000000E+00   1.797693+308
     5246       1915  -8.874800E-03   1.343090E-03   1.473900E-02   0.000000E+00   1.797693+308
     5269       1916  -1.564200E-02   7.338700E-03   5.204670E-03   0.000000E+00   1.797693+308
     5275       1917   1.091690E-02  -8.573950E-03   1.985690E-02   0.000000E+00   1.797693+308
     5281       1918   3.797120E-03  -3.647510E-03   2.043560E-02   0.000000E+00   1.797693+308
     5305       1919   1.015940E-02  -2.224430E-02   2.704240E-02   0.000000E+00   1.797693+308
     5327       1920   9.798560E-03  -2.848690E-02   3.047610E-02   0.000000E+00   1.797693+308
     5336       1921   4.101450E-03  -3.427230E-02   3.508880E-02   0.000000E+00   1.797693+308
     6079       1922  -7.273190E-02   7.883390E-03   2.499260E-02   0.000000E+00   1.797693+308
     5363       1923   9.720900E-04  -1.176120E-02   2.301850E-02   0.000000E+00   1.797693+308
     6170       1924  -2.484240E-02   3.146070E-03   1.785400E-02   0.000000E+00   1.797693+308
     5371       1925  -1.445110E-02   1.171030E-02   1.981640E-02   0.000000E+00   1.797693+308
     6548       1926  -4.525890E-02  -2.386400E-02   4.560180E-02   0.000000E+00   1.797693+308
     5414       1927  -3.992470E-02   9.239010E-03   2.221940E-02   0.000000E+00   1.797693+308
     6177       1928  -5.499530E-02   1.129870E-02   1.435780E-02   0.000000E+00   1.797693+308
     5438       1929  -8.671980E-02  -1.953420E-02   4.369840E-02   0.000000E+00   1.797693+308
     1323       1930  -8.935560E-02  -6.958370E-03   3.773900E-02   0.000000E+00   1.797693+308
     1341       1931  -8.999040E-02   2.485970E-02   2.028920E-02   0.000000E+00   1.797693+308
     5462       1932  -1.107910E-01  -8.830730E-04   2.612350E-02   0.000000E+00   1.797693+308
     5476       1933  -9.924300E-02  -1.886430E-02   4.401830E-02   0.000000E+00   1.797693+308
     5783       1934  -1.299960E-01   1.773810E-02   8.624140E-03   0.000000E+00   1.797693+308
     5526       1935  -1.334340E-01   2.161580E-02  -9.785490E-03   0.000000E+00   1.797693+308
     5530       1936  -7.825910E-02  -1.038120E-02   4.155250E-02   0.000000E+00   1.797693+308
     5559       1937  -1.257890E-01   1.318520E-02  -3.043590E-03   0.000000E+00   1.797693+308
     5580       1938   1.188450E-02  -2.463220E-02   3.104660E-02   0.000000E+00   1.797693+308
     5582       1939   1.172240E-02  -1.760500E-02   3.017740E-02   0.000000E+00   1.797693+308
     6332       1940   7.624070E-03  -5.907280E-03   1.309780E-02   0.000000E+00   1.797693+308
      621       1941  -6.100540E-02  -1.838080E-03   3.167630E-02   0.000000E+00   1.797693+308
     5633       1942  -8.525510E-02   7.502330E-03   3.174660E-02   0.000000E+00   1.797693+308
     6121       1943  -1.244440E-01  -2.386710E-02   3.162360E-02   0.000000E+00   1.797693+308
     5660       1944  -5.540940E-02  -1.840590E-02   4.082490E-02   0.000000E+00   1.797693+308
     1741       1945  -1.405420E-01   1.481020E-02   4.912670E-03   0.000000E+00   1.797693+308
     1724       1946  -1.470540E-01   9.872230E-03   2.591400E-03   0.000000E+00   1.797693+308
     1703       1947  -1.399420E-01   3.472770E-03   2.102580E-02   0.000000E+00   1.797693+308
     6731       1948  -1.495720E-01  -5.959610E-03   2.363400E-02   0.000000E+00   1.797693+308
     1089       1949  -1.508080E-01  -2.938920E-02   3.520940E-02   0.000000E+00   1.797693+308
     1666       1950  -1.418150E-01  -2.430520E-02   3.996310E-02   0.000000E+00   1.797693+308
     6724       1951  -1.040110E-01   3.614050E-02   1.974750E-02   0.000000E+00   1.797693+308
     1639       1952  -1.320410E-01  -5.618710E-03   2.102550E-02   0.000000E+00   1.797693+308
     6518       1953  -8.794290E-02  -1.878570E-02   5.070310E-02   0.000000E+00   1.797693+308
     1599       1954  -1.015730E-01   1.338690E-02   4.012650E-02   0.000000E+00   1.797693+308
     1585       1955  -8.821130E-02   1.038240E-02   6.050720E-02   0.000000E+00   1.797693+308
     1558       1956  -3.230350E-02   2.553190E-02   8.720820E-03   0.000000E+00   1.797693+308
     1555       1957  -4.939170E-02   1.157670E-02   4.137570E-02   0.000000E+00   1.797693+308
     6738       1958  -8.711180E-02  -1.942940E-02   6.109040E-02   0.000000E+00   1.797693+308
     1485       1959  -5.954550E-02   4.258910E-03   5.346260E-02   0.000000E+00   1.797693+308
     1497       1960   7.688790E-03  -3.086370E-02   3.710080E-02   0.000000E+00   1.797693+308
     1482       1961  -6.000770E-02   6.065190E-04   5.956870E-02   0.000000E+00   1.797693+308
     1461       1962  -5.972730E-02   1.017350E-02   6.051680E-02   0.000000E+00   1.797693+308
     1454       1963  -6.113660E-02  -2.240040E-02   5.303970E-02   0.000000E+00   1.797693+308
      788       1964  -6.676020E-03   1.506530E-02  -6.499760E-04   0.000000E+00   1.797693+308
      610       1965  -1.502010E-02  -2.203170E-02   4.954800E-02   0.000000E+00   1.797693+308
     1408       1966  -7.930230E-02   1.948860E-02   3.654730E-02   0.000000E+00   1.797693+308
       87       1967  -2.606510E-02  -3.498250E-02   4.281190E-02   0.000000E+00   1.797693+308
     1383       1968  -3.475920E-03  -3.254390E-02   3.963540E-02   0.000000E+00   1.797693+308
     1364       1969  -5.906830E-02  -2.378900E-02   7.478730E-02   0.000000E+00   1.797693+308
     1354       1970   8.683780E-04  -3.074980E-02   4.199500E-02   0.000000E+00   1.797693+308
     1345       1971  -9.683110E-02   2.676550E-02   3.458430E-02   0.000000E+00   1.797693+308
     1315       1972  -8.652050E-02  -2.846730E-03   4.564770E-02   0.000000E+00   1.797693+308
     1299       1973  -2.041490E-02  -2.633810E-02   3.324770E-02   0.000000E+00   1.797693+308
     1281       1974  -6.939400E-02   2.086890E-02   2.375760E-02   0.000000E+00   1.797693+308
     6345       1975  -1.531800E-01  -3.819070E-03   1.812850E-02   0.000000E+00   1.797693+308
     1250       1976  -6.816720E-02  -1.364490E-02   3.675130E-02   0.000000E+00   1.797693+308
     1241       1977  -1.450620E-01   2.883270E-02  -1.350280E-02   0.000000E+00   1.797693+308
     1219       1978  -1.415010E-01   3.619200E-02  -3.933250E-03   0.000000E+00   1.797693+308
     1198       1979  -1.068280E-01  -2.040500E-02   4.868060E-02   0.000000E+00   1.797693+308
     1187       1980  -9.984610E-02  -4.079140E-03   4.548970E-02   0.000000E+00   1.797693+308
     1172       1981  -1.308300E-01  -2.049310E-03   7.831010E-03   0.000000E+00   1.797693+308
     1158       1982  -1.144560E-01   3.152460E-02   1.501130E-02   0.000000E+00   1.797693+308
     1141       1983  -1.415250E-01   3.790400E-03   8.884800E-03   0.000000E+00   1.797693+308
     1122       1984  -1.379910E-01  -2.285280E-02   2.601010E-02   0.000000E+00   1.797693+308
     6602       1985  -1.078410E-01   1.711830E-02   1.279530E-02   0.000000E+00   1.797693+308
     6466       1986  -1.454770E-01  -2.909100E-02   3.688350E-02   0.000000E+00   1.797693+308
     1069       1987  -1.588100E-01  -2.512310E-02   3.144660E-02   0.000000E+00   1.797693+308
     6773       1988  -8.949860E-02   1.084510E-02   4.487900E-02   0.000000E+00   1.797693+308
     1041       1989  -1.366260E-01  -2.328660E-02   3.059350E-02   0.000000E+00   1.797693+308
     1022       1990  -4.053610E-02   2.600840E-02   2.657400E-02   0.000000E+00   1.797693+308
     6463       1991  -1.449670E-01  -2.263410E-02   4.399420E-02   0.000000E+00   1.797693+308
      995       1992  -8.709600E-02  -1.324710E-02   5.872760E-02   0.000000E+00   1.797693+308
      629       1993  -6.847280E-02  -2.711700E-02   4.309410E-02   0.000000E+00   1.797693+308
      978       1994  -8.404990E-03   6.751810E-03   2.298860E-02   0.000000E+00   1.797693+308
      956       1995  -9.930280E-03   1.751750E-02   3.453920E-03   0.000000E+00   1.797693+308
     6759       1996  -6.278450E-02  -1.397510E-02   4.875360E-02   0.000000E+00   1.797693+308
      911       1997  -4.068760E-02  -5.976450E-03   4.336070E-02   0.000000E+00   1.797693+308
      906       1998  -5.691690E-02  -3.666200E-03   4.920630E-02   0.000000E+00   1.797693+308
      885       1999  -1.865300E-02  -1.615160E-03   7.291210E-03   0.000000E+00   1.797693+308
     6799       2000  -6.178020E-02  -1.622930E-02   5.903190E-02   0.000000E+00   1.797693+308
      856       2001  -5.772170E-02  -1.789050E-03   6.913130E-02   0.000000E+00   1.797693+308
      846       2002  -7.801810E-03   1.986810E-03   2.538160E-02   0.000000E+00   1.797693+308
      826       2003  -4.963930E-02  -2.412490E-02   5.088560E-02   0.000000E+00   1.797693+308
      801       2004  -6.158750E-02  -2.427490E-02   6.942790E-02   0.000000E+00   1.797693+308
      788       2005  -1.237290E-03   1.570400E-02  -9.535140E-04   0.000000E+00   1.797693+308
      767       2006  -3.048100E-02  -5.238840E-04   1.078210E-02   0.000000E+00   1.797693+308
      755       2007   3.038830E-03   2.289840E-02   7.294290E-03   0.000000E+00   1.797693+308
      749       2008  -6.075750E-03  -2.872870E-03   1.314610E-02   0.000000E+00   1.797693+308
      714       2009  -5.474820E-02  -6.717010E-03   2.058540E-02   0.000000E+00   1.797693+308
      703       2010   1.141770E-02   3.500940E-03   1.393250E-02   0.000000E+00   1.797693+308
      701       2011   1.201490E-02   8.104470E-03   4.723170E-03   0.000000E+00   1.797693+308
      680       2012  -7.811070E-02   2.346070E-02  -4.544370E-04   0.000000E+00   1.797693+308
      659       2013  -7.963080E-02  -2.257170E-02   4.907020E-02   0.000000E+00   1.797693+308
      632       2014  -7.159410E-02  -2.048160E-02   4.815990E-02   0.000000E+00   1.797693+308
      628       2015  -6.202640E-02  -1.626430E-03   4.022470E-02   0.000000E+00   1.797693+308
      595       2016  -1.140670E-02  -2.083910E-02   4.488840E-02   0.000000E+00   1.797693+308
      589       2017  -1.591260E-01   2.670330E-02  -7.086600E-03   0.000000E+00   1.797693+308
      573       2018  -1.516870E-01  -2.093700E-03   2.791150E-02   0.000000E+00   1.797693+308
      563       2019  -8.084050E-02  -3.582100E-03   2.955080E-02   0.000000E+00   1.797693+308
      550       2020  -1.590690E-01  -2.080430E-02   2.236740E-02   0.000000E+00   1.797693+308
     6497       2021  -1.589720E-01  -1.253750E-02   2.454240E-02   0.000000E+00   1.797693+308
      510       2022  -8.718630E-02  -4.885070E-03   6.245770E-02   0.000000E+00   1.797693+308
      506       2023  -1.436570E-01  -7.552320E-03   2.427810E-02   0.000000E+00   1.797693+308
     6475       2024  -1.302620E-01  -2.028090E-02   2.382320E-02   0.000000E+00   1.797693+308
      468       2025  -9.779790E-02   2.044270E-02  -1.097240E-02   0.000000E+00   1.797693+308
      449       2026  -9.515930E-02  -5.576900E-03   2.293340E-02   0.000000E+00   1.797693+308
      437       2027  -1.429200E-01  -3.356270E-02   3.469330E-02   0.000000E+00   1.797693+308
      415       2028  -1.473530E-01  -2.551220E-02   4.130370E-02   0.000000E+00   1.797693+308
      397       2029  -7.440490E-02  -2.535240E-03   1.014400E-02   0.000000E+00   1.797693+308
      384       2030  -1.364290E-01  -2.769190E-02   4.237030E-02   0.000000E+00   1.797693+308
      361       2031  -5.809500E-02  -1.312920E-02   5.294340E-02   0.000000E+00   1.797693+308
     6444       2032  -5.202980E-02   2.095380E-02   2.142710E-02   0.000000E+00   1.797693+308
      319       2033  -9.397840E-02  -2.979450E-02   4.890220E-02   0.000000E+00   1.797693+308
      314       2034  -8.669060E-02  -2.346270E-02   6.065680E-02   0.000000E+00   1.797693+308
      302       2035  -3.480690E-02   1.410180E-02  -7.252490E-03   0.000000E+00   1.797693+308
      287       2036  -6.333910E-02  -3.185710E-02   5.483260E-02   0.000000E+00   1.797693+308
      266       2037  -6.078690E-02  -3.365900E-03   6.563750E-02   0.000000E+00   1.797693+308
      251       2038  -6.812760E-02  -3.302330E-02   5.149100E-02   0.000000E+00   1.797693+308
      240       2039  -2.657870E-02  -1.123130E-02   1.919110E-02   0.000000E+00   1.797693+308
      217       2040  -1.233050E-02  -1.136890E-02   3.976630E-02   0.000000E+00   1.797693+308
      203       2041  -8.742770E-02  -1.705220E-02   8.354370E-02   0.000000E+00   1.797693+308
      185       2042  -4.997530E-03  -2.639940E-02   4.876060E-02   0.000000E+00   1.797693+308
      167       2043   1.208890E-03  -3.330190E-02   3.824220E-02   0.000000E+00   1.797693+308
      153       2044  -5.766710E-02  -1.153280E-02   8.409630E-02   0.000000E+00   1.797693+308
      140       2045  -1.197830E-01  -1.034890E-02   1.733550E-02   0.000000E+00   1.797693+308
      113       2046  -8.831510E-02  -1.751420E-02   5.648390E-02   0.000000E+00   1.797693+308
       90       2047  -1.967740E-02  -2.596720E-02   4.342660E-02   0.000000E+00   1.797693+308
       68       2048  -3.596460E-03  -4.991340E-03   1.009050E-02   0.000000E+00   1.797693+308
       65       2049  -7.382150E-02  -2.018280E-02   2.954250E-02   0.000000E+00   1.797693+308
       40       2050  -9.134060E-02  -1.727620E-02   2.393210E-02   0.000000E+00   1.797693+308
        8       2051  -6.043370E-02  -1.221780E-02   8.288490E-02   0.000000E+00   1.797693+308
