# elem_id    node_id        X            Y            Z         Damage        N_failure
     4839          1  -1.560580E-01  -1.996880E-02   2.814500E-02   0.000000E+00   1.797693+308
     4757          2  -1.555170E-01  -2.213350E-02   3.006010E-02   0.000000E+00   1.797693+308
     4778          3  -1.539690E-01  -2.400590E-02   3.171660E-02   1.268539E-06   1.797693+308
    17399          4  -1.516230E-01  -2.533310E-02   3.289070E-02   4.014027E-06   1.797693+308
     4746          5  -1.487950E-01  -2.593570E-02   3.342390E-02   1.000000E+00   3.522517E+04
     6273          6  -1.458670E-01  -2.573250E-02   3.324410E-02   1.000000E+00   5.671068E+04
     4766          7  -1.432350E-01  -2.475090E-02   3.237570E-02   1.000000E+00   2.109172E+04
     2478          8  -1.412540E-01  -2.312340E-02   3.093590E-02   1.000000E+00   2.593621E+04
    11108          9  -1.401920E-01  -2.106990E-02   2.911920E-02   1.000000E+00   4.742027E+02
    10527         10  -1.401920E-01  -1.886760E-02   2.717090E-02   1.000000E+00   2.501741E+02
    18310         11  -1.412540E-01  -1.681410E-02   2.535420E-02   1.000000E+00   3.218135E+03
    17660         12  -1.432350E-01  -1.518660E-02   2.391440E-02   1.000000E+00   8.708174E+03
    17725         13  -1.458670E-01  -1.420500E-02   2.304590E-02   3.267279E-01   1.797693+308
    11014         14  -1.487950E-01  -1.400180E-02   2.286620E-02   0.000000E+00   1.797693+308
    20258         15  -1.516230E-01  -1.460440E-02   2.339930E-02   0.000000E+00   1.797693+308
     4926         16  -1.539690E-01  -1.593160E-02   2.457340E-02   0.000000E+00   1.797693+308
     4959         17  -1.555170E-01  -1.780400E-02   2.622990E-02   0.000000E+00   1.797693+308
    10778         18  -1.443850E-01  -2.568620E-02   3.659440E-02   2.246411E-01   1.797693+308
     7008         19  -1.471870E-01  -2.615380E-02   3.700800E-02   2.178120E-06   1.797693+308
     6338         20  -1.500530E-01  -2.603780E-02   3.690540E-02   0.000000E+00   1.797693+308
     7042         21  -1.527720E-01  -2.534690E-02   3.629420E-02   0.000000E+00   1.797693+308
    19848         22  -1.551400E-01  -2.413230E-02   3.521970E-02   0.000000E+00   1.797693+308
     7871         23  -1.569840E-01  -2.248410E-02   3.376150E-02   0.000000E+00   1.797693+308
     7871         24  -1.581650E-01  -2.052450E-02   3.202800E-02   0.000000E+00   1.797693+308
     6522         25  -1.585970E-01  -1.839890E-02   3.014750E-02   0.000000E+00   1.797693+308
     5326         26  -1.582460E-01  -1.626490E-02   2.825960E-02   0.000000E+00   1.797693+308
     5322         27  -1.571410E-01  -1.428070E-02   2.650430E-02   0.000000E+00   1.797693+308
     5323         28  -1.553610E-01  -1.259360E-02   2.501170E-02   0.000000E+00   1.797693+308
     7012         29  -1.530400E-01  -1.132870E-02   2.389270E-02   0.000000E+00   1.797693+308
    20258         30  -1.503490E-01  -1.057970E-02   2.323010E-02   0.000000E+00   1.797693+308
     6178         31  -1.474880E-01  -1.040230E-02   2.307310E-02   0.000000E+00   1.797693+308
     6180         32  -1.446690E-01  -1.080950E-02   2.343340E-02   7.613590E-06   1.797693+308
     5798         33  -1.421020E-01  -1.177130E-02   2.428420E-02   6.230584E-06   1.797693+308
     5799         34  -1.399760E-01  -1.321610E-02   2.556240E-02   9.993036E-01   1.797693+308
    18317         35  -1.384490E-01  -1.503700E-02   2.717330E-02   2.743536E-01   1.797693+308
    20282         36  -1.376350E-01  -1.709880E-02   2.899730E-02   1.000000E+00   1.095219E+04
    18403         37  -1.375940E-01  -1.924860E-02   3.089920E-02   1.000000E+00   7.780169E+04
    11109         38  -1.383290E-01  -2.132700E-02   3.273800E-02   1.000000E+00   7.412050E+02
    11113         39  -1.397850E-01  -2.317990E-02   3.437710E-02   1.000000E+00   4.265192E+03
    11115         40  -1.418550E-01  -2.466980E-02   3.569520E-02   5.402208E-01   1.797693+308
     4958         41  -1.533910E-01  -1.996880E-02   2.814500E-02   1.096646E-06   1.797693+308
     4778         42  -1.526760E-01  -2.196630E-02   2.991220E-02   4.922508E-05   1.797693+308
     4746         43  -1.507240E-01  -2.342850E-02   3.120580E-02   1.000000E+00   4.177301E+02
     6273         44  -1.480570E-01  -2.396380E-02   3.167930E-02   1.000000E+00   7.022427E-01
     6273         45  -1.453900E-01  -2.342850E-02   3.120580E-02   1.000000E+00   6.870485E-01
     4766         46  -1.434370E-01  -2.196630E-02   2.991220E-02   1.000000E+00   6.885740E-01
    19813         47  -1.427230E-01  -1.996880E-02   2.814500E-02   1.000000E+00   1.087684E+03
     4688         48  -1.434370E-01  -1.797120E-02   2.637790E-02   6.757747E-01   1.797693+308
     5476         49  -1.453900E-01  -1.650900E-02   2.508420E-02   1.119150E-05   1.797693+308
     5189         50  -1.480570E-01  -1.597370E-02   2.461070E-02   2.748967E-06   1.797693+308
     6363         51  -1.507240E-01  -1.650900E-02   2.508420E-02   6.902943E-07   1.797693+308
     4926         52  -1.526760E-01  -1.797120E-02   2.637790E-02   0.000000E+00   1.797693+308
     5831         53  -1.380350E-01  -1.107470E-02   4.312930E-02   0.000000E+00   1.797693+308
     5264         54  -1.443850E-01  -1.715550E-02   4.623710E-02   0.000000E+00   1.797693+308
     8601         55  -1.390050E-01  -1.301840E-02   4.417370E-02   0.000000E+00   1.797693+308
     8597         56  -1.404260E-01  -1.478740E-02   4.498700E-02   0.000000E+00   1.797693+308
    17429         57  -1.422410E-01  -1.622400E-02   4.565630E-02   0.000000E+00   1.797693+308
    17460         58  -1.380350E-01  -6.180680E-03   3.879970E-02   0.000000E+00   1.797693+308
    17833         59  -1.375780E-01  -7.621270E-03   4.042650E-02   0.000000E+00   1.797693+308
     7017         60  -1.375780E-01  -9.284380E-03   4.189780E-02   0.000000E+00   1.797693+308
     4984         61  -1.443850E-01  -2.354630E-03   3.314310E-02   0.000000E+00   1.797693+308
     7746         62  -1.422410E-01  -3.044840E-03   3.399700E-02   0.000000E+00   1.797693+308
     7751         63  -1.404260E-01  -3.884410E-03   3.534120E-02   0.000000E+00   1.797693+308
     7751         64  -1.390050E-01  -4.907120E-03   3.699790E-02   0.000000E+00   1.797693+308
     5270         65  -1.472080E-01  -1.762440E-02   4.665190E-02   0.000000E+00   1.797693+308
     5776         66  -1.500960E-01  -1.750090E-02   4.654270E-02   0.000000E+00   1.797693+308
      932         67  -1.528290E-01  -1.679440E-02   4.591760E-02   0.000000E+00   1.797693+308
     5480         68  -1.552040E-01  -1.555800E-02   4.482380E-02   0.000000E+00   1.797693+308
     5479         69  -1.570410E-01  -1.388470E-02   4.334350E-02   0.000000E+00   1.797693+308
     1042         70  -1.582010E-01  -1.190070E-02   4.158830E-02   0.000000E+00   1.797693+308
     7027         71  -1.585980E-01  -9.755070E-03   3.969010E-02   0.000000E+00   1.797693+308
     7992         72  -1.582010E-01  -7.609490E-03   3.779200E-02   0.000000E+00   1.797693+308
    19157         73  -1.570410E-01  -5.625410E-03   3.603670E-02   0.000000E+00   1.797693+308
     2725         74  -1.552040E-01  -3.952190E-03   3.455640E-02   0.000000E+00   1.797693+308
     2709         75  -1.528290E-01  -2.715780E-03   3.346260E-02   0.000000E+00   1.797693+308
     1846         76  -1.500960E-01  -2.009240E-03   3.283760E-02   0.000000E+00   1.797693+308
     4768         77  -1.472080E-01  -1.885750E-03   3.272830E-02   0.000000E+00   1.797693+308
     1053         78  -1.533910E-01  -2.516920E-02   2.226660E-02   0.000000E+00   1.797693+308
     6766         79  -1.526760E-01  -2.716670E-02   2.403380E-02   7.495806E-07   1.797693+308
    18058         80  -1.507240E-01  -2.862900E-02   2.532740E-02   1.000000E+00   1.124230E+03
    19043         81  -1.480570E-01  -2.916430E-02   2.580090E-02   1.000000E+00   2.073306E-01
    16745         82  -1.453900E-01  -2.862900E-02   2.532740E-02   1.000000E+00   1.524220E-01
    16745         83  -1.434370E-01  -2.716670E-02   2.403380E-02   1.000000E+00   1.235734E-01
     6173         84  -1.427230E-01  -2.516920E-02   2.226660E-02   1.000000E+00   1.479113E-01
     6877         85  -1.434370E-01  -2.317170E-02   2.049950E-02   1.000000E+00   1.718343E-01
     4921         86  -1.453900E-01  -2.170940E-02   1.920580E-02   1.000000E+00   2.134744E-01
     8585         87  -1.480570E-01  -2.117420E-02   1.873230E-02   1.000000E+00   7.191847E+02
      903         88  -1.507240E-01  -2.170940E-02   1.920580E-02   1.000000E+00   6.796924E+04
     4684         89  -1.526760E-01  -2.317170E-02   2.049950E-02   0.000000E+00   1.797693+308
     5591         90  -1.560580E-01   1.903120E-02  -6.357300E-03   0.000000E+00   1.797693+308
    11581         91  -1.555170E-01   1.686640E-02  -4.442190E-03   0.000000E+00   1.797693+308
    14627         92  -1.539690E-01   1.499400E-02  -2.785730E-03   0.000000E+00   1.797693+308
     4927         93  -1.516230E-01   1.366690E-02  -1.611630E-03   0.000000E+00   1.797693+308
     4777         94  -1.487950E-01   1.306420E-02  -1.078460E-03   0.000000E+00   1.797693+308
     6199         95  -1.458670E-01   1.326740E-02  -1.258220E-03   0.000000E+00   1.797693+308
     2126         96  -1.432350E-01   1.424900E-02  -2.126650E-03   0.000000E+00   1.797693+308
     2133         97  -1.412540E-01   1.587650E-02  -3.566440E-03   0.000000E+00   1.797693+308
    20224         98  -1.401920E-01   1.793010E-02  -5.383160E-03   0.000000E+00   1.797693+308
     7720         99  -1.401920E-01   2.013230E-02  -7.331440E-03   0.000000E+00   1.797693+308
     7718        100  -1.412540E-01   2.218590E-02  -9.148160E-03   0.000000E+00   1.797693+308
     7717        101  -1.432350E-01   2.381330E-02  -1.058800E-02   0.000000E+00   1.797693+308
     4824        102  -1.458670E-01   2.479500E-02  -1.145640E-02   0.000000E+00   1.797693+308
    17726        103  -1.487950E-01   2.499820E-02  -1.163610E-02   0.000000E+00   1.797693+308
     6857        104  -1.516230E-01   2.439550E-02  -1.110300E-02   0.000000E+00   1.797693+308
    13585        105  -1.539690E-01   2.306830E-02  -9.928870E-03   0.000000E+00   1.797693+308
     8626        106  -1.555170E-01   2.119590E-02  -8.272410E-03   0.000000E+00   1.797693+308
    11442        107  -1.443850E-01   1.331370E-02   2.092090E-03   0.000000E+00   1.797693+308
    11443        108  -1.471870E-01   1.284620E-02   2.505730E-03   0.000000E+00   1.797693+308
    20295        109  -1.500530E-01   1.296220E-02   2.403120E-03   0.000000E+00   1.797693+308
    14621        110  -1.527720E-01   1.365310E-02   1.791890E-03   0.000000E+00   1.797693+308
    14625        111  -1.551400E-01   1.486770E-02   7.173640E-04   0.000000E+00   1.797693+308
     6183        112  -1.569840E-01   1.651590E-02  -7.407680E-04   0.000000E+00   1.797693+308
     6184        113  -1.581650E-01   1.847550E-02  -2.474360E-03   0.000000E+00   1.797693+308
     5597        114  -1.585970E-01   2.060110E-02  -4.354840E-03   0.000000E+00   1.797693+308
     5592        115  -1.582460E-01   2.273510E-02  -6.242740E-03   0.000000E+00   1.797693+308
     5361        116  -1.571410E-01   2.471920E-02  -7.998050E-03   0.000000E+00   1.797693+308
    20310        117  -1.553610E-01   2.640630E-02  -9.490580E-03   0.000000E+00   1.797693+308
     5230        118  -1.530400E-01   2.767120E-02  -1.060960E-02   0.000000E+00   1.797693+308
     6852        119  -1.503490E-01   2.842020E-02  -1.127220E-02   0.000000E+00   1.797693+308
    18671        120  -1.474880E-01   2.859760E-02  -1.142920E-02   0.000000E+00   1.797693+308
    13560        121  -1.446690E-01   2.819040E-02  -1.106890E-02   0.000000E+00   1.797693+308
     7756        122  -1.421020E-01   2.722870E-02  -1.021810E-02   0.000000E+00   1.797693+308
     4122        123  -1.399760E-01   2.578380E-02  -8.939880E-03   0.000000E+00   1.797693+308
     6841        124  -1.384490E-01   2.396300E-02  -7.329020E-03   0.000000E+00   1.797693+308
     6840        125  -1.376350E-01   2.190120E-02  -5.504990E-03   0.000000E+00   1.797693+308
    11470        126  -1.375940E-01   1.975130E-02  -3.603090E-03   0.000000E+00   1.797693+308
    11477        127  -1.383290E-01   1.767290E-02  -1.764360E-03   0.000000E+00   1.797693+308
     5093        128  -1.397850E-01   1.582000E-02  -1.251720E-04   0.000000E+00   1.797693+308
    11444        129  -1.418550E-01   1.433020E-02   1.192900E-03   0.000000E+00   1.797693+308
     8635        130  -1.532130E-01   1.903120E-02  -6.357300E-03   0.000000E+00   1.797693+308
     4835        131  -1.523940E-01   2.111910E-02  -8.204400E-03   0.000000E+00   1.797693+308
    17726        132  -1.501990E-01   2.254410E-02  -9.465050E-03   0.000000E+00   1.797693+308
     4824        133  -1.473230E-01   2.285370E-02  -9.739020E-03   3.396620E-05   1.797693+308
     7718        134  -1.446800E-01   2.194980E-02  -8.939310E-03   1.000000E+00   2.543219E+04
     7718        135  -1.431090E-01   2.011920E-02  -7.319840E-03   1.000000E+00   2.362720E+04
    20224        136  -1.431090E-01   1.794320E-02  -5.394760E-03   1.667814E-01   1.797693+308
     2133        137  -1.446800E-01   1.611260E-02  -3.775290E-03   2.979707E-05   1.797693+308
     6199        138  -1.473230E-01   1.520860E-02  -2.975580E-03   0.000000E+00   1.797693+308
     4777        139  -1.501990E-01   1.551830E-02  -3.249550E-03   0.000000E+00   1.797693+308
    17938        140  -1.523940E-01   1.694330E-02  -4.510200E-03   0.000000E+00   1.797693+308
     5867        141  -1.532130E-01   1.383070E-02  -1.223570E-02   0.000000E+00   1.797693+308
     5197        142  -1.523940E-01   1.591860E-02  -1.408280E-02   0.000000E+00   1.797693+308
     3768        143  -1.501990E-01   1.734360E-02  -1.534350E-02   0.000000E+00   1.797693+308
     6758        144  -1.473230E-01   1.765330E-02  -1.561740E-02   6.346591E-07   1.797693+308
     2290        145  -1.446800E-01   1.674930E-02  -1.481770E-02   3.554085E-01   1.797693+308
     2290        146  -1.431090E-01   1.491870E-02  -1.319820E-02   7.536541E-02   1.797693+308
     7036        147  -1.431090E-01   1.274270E-02  -1.127320E-02   0.000000E+00   1.797693+308
    17494        148  -1.446800E-01   1.091210E-02  -9.653680E-03   0.000000E+00   1.797693+308
    19227        149  -1.473230E-01   1.000820E-02  -8.853980E-03   0.000000E+00   1.797693+308
      407        150  -1.501990E-01   1.031780E-02  -9.127940E-03   0.000000E+00   1.797693+308
      406        151  -1.523940E-01   1.174280E-02  -1.038860E-02   0.000000E+00   1.797693+308
    10794        152  -1.380350E-01   2.792530E-02   8.626960E-03   0.000000E+00   1.797693+308
     6981        153  -1.443850E-01   2.184440E-02   1.173480E-02   0.000000E+00   1.797693+308
     7843        154  -1.390050E-01   2.598160E-02   9.671430E-03   0.000000E+00   1.797693+308
     6983        155  -1.404260E-01   2.421250E-02   1.048470E-02   0.000000E+00   1.797693+308
     6983        156  -1.422410E-01   2.277590E-02   1.115400E-02   0.000000E+00   1.797693+308
     8726        157  -1.380350E-01   3.281930E-02   4.297370E-03   0.000000E+00   1.797693+308
     4939        158  -1.375780E-01   3.137870E-02   5.924150E-03   0.000000E+00   1.797693+308
     6988        159  -1.375780E-01   2.971560E-02   7.395470E-03   0.000000E+00   1.797693+308
     6147        160  -1.443850E-01   3.664530E-02  -1.359200E-03   0.000000E+00   1.797693+308
     1226        161  -1.422410E-01   3.595510E-02  -5.053520E-04   0.000000E+00   1.797693+308
     1226        162  -1.404260E-01   3.511550E-02   8.389230E-04   0.000000E+00   1.797693+308
    17559        163  -1.390050E-01   3.409280E-02   2.495560E-03   0.000000E+00   1.797693+308
      752        164  -1.472080E-01   2.137550E-02   1.214960E-02   0.000000E+00   1.797693+308
     6245        165  -1.500960E-01   2.149900E-02   1.204040E-02   0.000000E+00   1.797693+308
     4826        166  -1.528290E-01   2.220560E-02   1.141530E-02   0.000000E+00   1.797693+308
     6214        167  -1.552040E-01   2.344200E-02   1.032150E-02   0.000000E+00   1.797693+308
     6218        168  -1.570410E-01   2.511520E-02   8.841210E-03   0.000000E+00   1.797693+308
     4761        169  -1.582010E-01   2.709930E-02   7.085950E-03   0.000000E+00   1.797693+308
     6119        170  -1.585980E-01   2.924490E-02   5.187800E-03   0.000000E+00   1.797693+308
     6202        171  -1.582010E-01   3.139040E-02   3.289660E-03   0.000000E+00   1.797693+308
     6100        172  -1.570410E-01   3.337450E-02   1.534390E-03   0.000000E+00   1.797693+308
     6101        173  -1.552040E-01   3.504770E-02   5.413240E-05   0.000000E+00   1.797693+308
     7691        174  -1.528290E-01   3.628420E-02  -1.039700E-03   0.000000E+00   1.797693+308
     7692        175  -1.500960E-01   3.699070E-02  -1.664750E-03   0.000000E+00   1.797693+308
     5722        176  -1.472080E-01   3.711420E-02  -1.774000E-03   0.000000E+00   1.797693+308
     6678        177  -8.001000E-03  -2.333610E-02   3.112400E-02   1.000000E+00   5.024181E+03
    20264        178  -7.460710E-03  -2.550080E-02   3.303910E-02   1.000000E+00   1.050197E+03
    18044        179  -5.912810E-03  -2.737320E-02   3.469560E-02   1.000000E+00   2.825467E+04
     8522        180  -3.566350E-03  -2.870040E-02   3.586970E-02   5.745344E-06   1.797693+308
     4885        181  -7.382390E-04  -2.930300E-02   3.640280E-02   1.000000E+00   2.479466E+04
      607        182   2.189580E-03  -2.909980E-02   3.622310E-02   1.222510E-05   1.797693+308
      602        183   4.821680E-03  -2.811820E-02   3.535460E-02   0.000000E+00   1.797693+308
     4714        184   6.802590E-03  -2.649070E-02   3.391480E-02   0.000000E+00   1.797693+308
    13162        185   7.864770E-03  -2.443720E-02   3.209810E-02   0.000000E+00   1.797693+308
    13165        186   7.864770E-03  -2.223490E-02   3.014990E-02   0.000000E+00   1.797693+308
     5025        187   6.802590E-03  -2.018140E-02   2.833310E-02   0.000000E+00   1.797693+308
     8261        188   4.821680E-03  -1.855390E-02   2.689330E-02   0.000000E+00   1.797693+308
     8250        189   2.189580E-03  -1.757230E-02   2.602490E-02   0.000000E+00   1.797693+308
    18640        190  -7.382390E-04  -1.736910E-02   2.584510E-02   6.881032E-06   1.797693+308
    18503        191  -3.566350E-03  -1.797180E-02   2.637830E-02   1.000000E+00   5.651022E+04
     3855        192  -5.912810E-03  -1.929890E-02   2.755240E-02   1.000000E+00   4.088209E+03
    18568        193  -7.460710E-03  -2.117130E-02   2.920890E-02   1.000000E+00   1.781194E+03
    11858        194  -3.671900E-03  -1.425260E-02   2.647940E-02   1.021427E-05   1.797693+308
    13140        195  -8.699360E-04  -1.378510E-02   2.606580E-02   0.000000E+00   1.797693+308
    18006        196   1.996550E-03  -1.390100E-02   2.616840E-02   0.000000E+00   1.797693+308
    12194        197   4.714960E-03  -1.459190E-02   2.677960E-02   0.000000E+00   1.797693+308
     2927        198   7.083680E-03  -1.580650E-02   2.785410E-02   0.000000E+00   1.797693+308
     6546        199   8.927040E-03  -1.745480E-02   2.931220E-02   0.000000E+00   1.797693+308
     6546        200   1.010830E-02  -1.941430E-02   3.104580E-02   0.000000E+00   1.797693+308
    17800        201   1.053990E-02  -2.154000E-02   3.292630E-02   0.000000E+00   1.797693+308
     5968        202   1.018980E-02  -2.367400E-02   3.481420E-02   0.000000E+00   1.797693+308
    19623        203   9.083980E-03  -2.565810E-02   3.656950E-02   0.000000E+00   1.797693+308
    19623        204   7.304420E-03  -2.734520E-02   3.806210E-02   0.000000E+00   1.797693+308
    19554        205   4.983140E-03  -2.861010E-02   3.918110E-02   0.000000E+00   1.797693+308
     4599        206   2.292270E-03  -2.935910E-02   3.984370E-02   0.000000E+00   1.797693+308
    20318        207  -5.686020E-04  -2.953650E-02   4.000070E-02   0.000000E+00   1.797693+308
    20315        208  -3.387300E-03  -2.912930E-02   3.964040E-02   1.810545E-05   1.797693+308
    12684        209  -5.954790E-03  -2.816760E-02   3.878960E-02   1.720512E-05   1.797693+308
    12685        210  -8.080630E-03  -2.672270E-02   3.751140E-02   1.000000E+00   3.718368E+04
     7338        211  -9.607170E-03  -2.490180E-02   3.590050E-02   1.000000E+00   9.770317E+04
    20264        212  -1.042120E-02  -2.284000E-02   3.407650E-02   1.000000E+00   2.638178E+03
    12473        213  -1.046230E-02  -2.069020E-02   3.217460E-02   5.232619E-01   1.797693+308
    12474        214  -9.727500E-03  -1.861180E-02   3.033580E-02   1.000000E+00   1.289860E+04
    20238        215  -8.271240E-03  -1.675890E-02   2.869670E-02   5.345358E-01   1.797693+308
    11857        216  -6.201540E-03  -1.526900E-02   2.737860E-02   4.182639E-06   1.797693+308
     4912        217  -5.156200E-03  -2.333610E-02   3.112400E-02   1.000000E+00   1.386867E+02
    17831        218  -4.337670E-03  -2.124820E-02   2.927690E-02   1.317124E-01   1.797693+308
     5276        219  -2.141960E-03  -1.982320E-02   2.801620E-02   0.000000E+00   1.797693+308
     5277        220   7.338040E-04  -1.951350E-02   2.774230E-02   0.000000E+00   1.797693+308
     4909        221   3.376590E-03  -2.041750E-02   2.854200E-02   0.000000E+00   1.797693+308
    13162        222   4.947340E-03  -2.224810E-02   3.016150E-02   0.000000E+00   1.797693+308
     4714        223   4.947340E-03  -2.442410E-02   3.208650E-02   2.916455E-06   1.797693+308
      607        224   3.376590E-03  -2.625470E-02   3.370600E-02   1.000000E+00   6.521742E+03
     4885        225   7.338040E-04  -2.715860E-02   3.450570E-02   1.000000E+00   6.069531E+01
    18044        226  -2.141960E-03  -2.684890E-02   3.423170E-02   1.000000E+00   6.930097E-01
    18044        227  -4.337670E-03  -2.542390E-02   3.297110E-02   1.000000E+00   1.703276E+00
     3567        228  -5.156200E-03  -2.853650E-02   2.524560E-02   1.000000E+00   1.368490E-01
     4773        229  -4.337670E-03  -2.644870E-02   2.339850E-02   1.000000E+00   1.473159E-01
     8224        230  -2.141960E-03  -2.502370E-02   2.213780E-02   1.000000E+00   2.181407E+02
     1013        231   7.338040E-04  -2.471400E-02   2.186390E-02   1.000000E+00   1.553115E+04
     6554        232   3.376590E-03  -2.561790E-02   2.266360E-02   6.724125E-03   1.797693+308
     4871        233   4.947340E-03  -2.744850E-02   2.428310E-02   0.000000E+00   1.797693+308
      871        234   4.947340E-03  -2.962460E-02   2.620810E-02   0.000000E+00   1.797693+308
     4805        235   3.376590E-03  -3.145510E-02   2.782760E-02   1.000000E+00   1.908920E+04
     6406        236   7.338040E-04  -3.235910E-02   2.862730E-02   1.000000E+00   2.916834E+01
    10605        237  -2.141960E-03  -3.204940E-02   2.835330E-02   1.000000E+00   1.819919E-01
     3567        238  -4.337670E-03  -3.062440E-02   2.709270E-02   1.000000E+00   1.414291E-01
     7569        239  -1.002190E-02  -9.547990E-03   4.177870E-02   0.000000E+00   1.797693+308
     5063        240  -3.671900E-03  -5.721940E-03   3.612210E-02   0.000000E+00   1.797693+308
     4914        241  -9.051960E-03  -8.274340E-03   3.997680E-02   0.000000E+00   1.797693+308
     4914        242  -7.630700E-03  -7.251480E-03   3.832010E-02   0.000000E+00   1.797693+308
     8545        243  -5.815390E-03  -6.412010E-03   3.697580E-02   0.000000E+00   1.797693+308
     7514        244  -1.002190E-02  -1.444200E-02   4.610830E-02   0.000000E+00   1.797693+308
     8086        245  -1.047900E-02  -1.265170E-02   4.487680E-02   0.000000E+00   1.797693+308
     7575        246  -1.047900E-02  -1.098860E-02   4.340540E-02   0.000000E+00   1.797693+308
    17994        247  -3.671900E-03  -2.052280E-02   4.921610E-02   0.000000E+00   1.797693+308
    17994        248  -5.815260E-03  -1.959120E-02   4.863510E-02   0.000000E+00   1.797693+308
     1820        249  -7.630480E-03  -1.815460E-02   4.796570E-02   0.000000E+00   1.797693+308
     4808        250  -9.051880E-03  -1.638560E-02   4.715260E-02   0.000000E+00   1.797693+308
     8170        251  -8.484330E-04  -5.253070E-03   3.570730E-02   0.000000E+00   1.797693+308
     9056        252   2.038900E-03  -5.376550E-03   3.581650E-02   0.000000E+00   1.797693+308
     9051        253   4.772760E-03  -6.083090E-03   3.644160E-02   0.000000E+00   1.797693+308
     9322        254   7.147350E-03  -7.319500E-03   3.753540E-02   0.000000E+00   1.797693+308
     9329        255   8.983940E-03  -8.992730E-03   3.901570E-02   0.000000E+00   1.797693+308
     4917        256   1.014430E-02  -1.097680E-02   4.077090E-02   0.000000E+00   1.797693+308
     1199        257   1.054100E-02  -1.312240E-02   4.266910E-02   0.000000E+00   1.797693+308
     7588        258   1.014430E-02  -1.526800E-02   4.456720E-02   0.000000E+00   1.797693+308
     5609        259   8.983940E-03  -1.725200E-02   4.632250E-02   0.000000E+00   1.797693+308
     5609        260   7.147350E-03  -1.892530E-02   4.780280E-02   0.000000E+00   1.797693+308
      558        261   4.772760E-03  -2.016170E-02   4.889660E-02   0.000000E+00   1.797693+308
      471        262   2.038900E-03  -2.086820E-02   4.952170E-02   0.000000E+00   1.797693+308
     5065        263  -8.484330E-04  -2.099170E-02   4.963090E-02   0.000000E+00   1.797693+308
     6577        264  -8.001000E-03   5.200480E-03   5.878400E-03   0.000000E+00   1.797693+308
    11252        265  -7.460710E-03   3.035720E-03   7.793500E-03   0.000000E+00   1.797693+308
     9003        266  -5.912810E-03   1.163330E-03   9.449970E-03   0.000000E+00   1.797693+308
     5835        267  -3.566350E-03  -1.638250E-04   1.062410E-02   0.000000E+00   1.797693+308
     4806        268  -7.382390E-04  -7.665010E-04   1.115720E-02   0.000000E+00   1.797693+308
     8922        269   2.189580E-03  -5.633020E-04   1.097750E-02   0.000000E+00   1.797693+308
     8922        270   4.821680E-03   4.183260E-04   1.010910E-02   0.000000E+00   1.797693+308
    18330        271   6.802590E-03   2.045810E-03   8.669260E-03   0.000000E+00   1.797693+308
     9041        272   7.864770E-03   4.099350E-03   6.852540E-03   0.000000E+00   1.797693+308
     2207        273   7.864770E-03   6.301600E-03   4.904260E-03   0.000000E+00   1.797693+308
     5562        274   6.802590E-03   8.355140E-03   3.087540E-03   0.000000E+00   1.797693+308
    18007        275   4.821680E-03   9.982630E-03   1.647740E-03   0.000000E+00   1.797693+308
     9067        276   2.189580E-03   1.096430E-02   7.793200E-04   0.000000E+00   1.797693+308
     1953        277  -7.382390E-04   1.116750E-02   5.995550E-04   0.000000E+00   1.797693+308
     1958        278  -3.566350E-03   1.056480E-02   1.132730E-03   0.000000E+00   1.797693+308
     8304        279  -5.912810E-03   9.237630E-03   2.306830E-03   0.000000E+00   1.797693+308
    17805        280  -7.460710E-03   7.365230E-03   3.963290E-03   0.000000E+00   1.797693+308
     5930        281  -3.671900E-03   1.428390E-02   1.233790E-03   0.000000E+00   1.797693+308
     5870        282  -8.699360E-04   1.475150E-02   8.201580E-04   0.000000E+00   1.797693+308
     5869        283   1.996550E-03   1.463550E-02   9.227610E-04   0.000000E+00   1.797693+308
     2435        284   4.714960E-03   1.394460E-02   1.533990E-03   0.000000E+00   1.797693+308
     8274        285   7.083680E-03   1.273000E-02   2.608520E-03   0.000000E+00   1.797693+308
     6533        286   8.927040E-03   1.108180E-02   4.066650E-03   0.000000E+00   1.797693+308
     5564        287   1.010830E-02   9.122200E-03   5.800250E-03   0.000000E+00   1.797693+308
     6013        288   1.053990E-02   6.996590E-03   7.680730E-03   0.000000E+00   1.797693+308
     6477        289   1.018980E-02   4.862590E-03   9.568630E-03   0.000000E+00   1.797693+308
    10632        290   9.083980E-03   2.878460E-03   1.132390E-02   0.000000E+00   1.797693+308
    10623        291   7.304420E-03   1.191370E-03   1.281650E-02   0.000000E+00   1.797693+308
    10620        292   4.983140E-03  -7.355920E-05   1.393550E-02   0.000000E+00   1.797693+308
    11209        293   2.292270E-03  -8.225190E-04   1.459810E-02   0.000000E+00   1.797693+308
    11702        294  -5.686020E-04  -9.999610E-04   1.475510E-02   0.000000E+00   1.797693+308
     5777        295  -3.387300E-03  -5.927230E-04   1.439480E-02   0.000000E+00   1.797693+308
    11202        296  -5.954790E-03   3.689900E-04   1.354400E-02   0.000000E+00   1.797693+308
    20283        297  -8.080630E-03   1.813850E-03   1.226580E-02   0.000000E+00   1.797693+308
    11251        298  -9.607170E-03   3.634710E-03   1.065490E-02   0.000000E+00   1.797693+308
    11251        299  -1.042120E-02   5.696510E-03   8.830880E-03   0.000000E+00   1.797693+308
    11240        300  -1.046230E-02   7.846340E-03   6.928970E-03   0.000000E+00   1.797693+308
    11240        301  -9.727500E-03   9.924760E-03   5.090240E-03   0.000000E+00   1.797693+308
    11520        302  -8.271240E-03   1.177760E-02   3.451060E-03   0.000000E+00   1.797693+308
     5931        303  -6.201540E-03   1.326750E-02   2.132990E-03   0.000000E+00   1.797693+308
    17805        304  -5.156200E-03   5.200480E-03   5.878400E-03   4.745799E-05   1.797693+308
     8304        305  -4.337670E-03   7.288360E-03   4.031300E-03   3.966172E-01   1.797693+308
     8304        306  -2.141960E-03   8.713350E-03   2.770640E-03   1.000000E+00   5.555022E+04
     1953        307   7.338040E-04   9.023030E-03   2.496680E-03   3.460537E-05   1.797693+308
     9067        308   3.376590E-03   8.119080E-03   3.296380E-03   0.000000E+00   1.797693+308
     5027        309   4.947340E-03   6.288490E-03   4.915860E-03   0.000000E+00   1.797693+308
     9036        310   4.947340E-03   4.112470E-03   6.840940E-03   0.000000E+00   1.797693+308
     8917        311   3.376590E-03   2.281880E-03   8.460410E-03   0.000000E+00   1.797693+308
     4806        312   7.338040E-04   1.377930E-03   9.260120E-03   0.000000E+00   1.797693+308
     4806        313  -2.141960E-03   1.687610E-03   8.986150E-03   0.000000E+00   1.797693+308
     9007        314  -4.337670E-03   3.112600E-03   7.725490E-03   0.000000E+00   1.797693+308
     5019        315  -5.156200E-03   9.722450E-16  -1.189440E-14   0.000000E+00   1.797693+308
     8197        316  -4.337670E-03  -2.087880E-03   1.847100E-03   0.000000E+00   1.797693+308
     4794        317  -2.141960E-03  -3.512870E-03   3.107750E-03   0.000000E+00   1.797693+308
     4794        318   7.338040E-04  -3.822550E-03   3.381720E-03   0.000000E+00   1.797693+308
     4881        319   3.376590E-03  -2.918600E-03   2.582010E-03   0.000000E+00   1.797693+308
    19191        320   4.947340E-03  -1.088010E-03   9.625380E-04   0.000000E+00   1.797693+308
     5925        321   4.947340E-03   1.088010E-03  -9.625380E-04   0.000000E+00   1.797693+308
     6410        322   3.376590E-03   2.918600E-03  -2.582010E-03   0.000000E+00   1.797693+308
     5389        323   7.338040E-04   3.822550E-03  -3.381720E-03   1.555811E-06   1.797693+308
     7302        324  -2.141960E-03   3.512870E-03  -3.107750E-03   1.898498E-05   1.797693+308
     7302        325  -4.337670E-03   2.087880E-03  -1.847100E-03   6.661060E-06   1.797693+308
     7313        326  -1.002190E-02   1.898850E-02   1.653310E-02   0.000000E+00   1.797693+308
     9105        327  -3.671900E-03   2.281460E-02   1.087650E-02   0.000000E+00   1.797693+308
     8208        328  -9.051960E-03   2.026220E-02   1.473120E-02   0.000000E+00   1.797693+308
     9102        329  -7.630700E-03   2.128510E-02   1.307450E-02   0.000000E+00   1.797693+308
     9105        330  -5.815390E-03   2.212450E-02   1.173020E-02   0.000000E+00   1.797693+308
     8366        331  -1.002190E-02   1.409460E-02   2.086270E-02   0.000000E+00   1.797693+308
     8368        332  -1.047900E-02   1.588480E-02   1.963120E-02   0.000000E+00   1.797693+308
    11349        333  -1.047900E-02   1.754800E-02   1.815990E-02   0.000000E+00   1.797693+308
     5009        334  -3.671900E-03   8.013710E-03   2.397050E-02   0.000000E+00   1.797693+308
     5994        335  -5.815260E-03   8.945330E-03   2.338950E-02   0.000000E+00   1.797693+308
     5994        336  -7.630480E-03   1.038190E-02   2.272010E-02   0.000000E+00   1.797693+308
     4890        337  -9.051880E-03   1.215090E-02   2.190700E-02   0.000000E+00   1.797693+308
     8142        338  -8.484330E-04   2.328350E-02   1.046170E-02   0.000000E+00   1.797693+308
     5569        339   2.038900E-03   2.316000E-02   1.057090E-02   0.000000E+00   1.797693+308
     8327        340   4.772760E-03   2.245350E-02   1.119600E-02   0.000000E+00   1.797693+308
     8322        341   7.147350E-03   2.121700E-02   1.228980E-02   0.000000E+00   1.797693+308
     8325        342   8.983940E-03   1.954380E-02   1.377010E-02   0.000000E+00   1.797693+308
     8973        343   1.014430E-02   1.755970E-02   1.552540E-02   0.000000E+00   1.797693+308
     9143        344   1.054100E-02   1.541420E-02   1.742350E-02   0.000000E+00   1.797693+308
     5031        345   1.014430E-02   1.326860E-02   1.932160E-02   0.000000E+00   1.797693+308
     4874        346   8.983940E-03   1.128450E-02   2.107690E-02   0.000000E+00   1.797693+308
     8218        347   7.147350E-03   9.611270E-03   2.255720E-02   0.000000E+00   1.797693+308
     8215        348   4.772760E-03   8.374860E-03   2.365100E-02   0.000000E+00   1.797693+308
     5033        349   2.038900E-03   7.668310E-03   2.427610E-02   0.000000E+00   1.797693+308
    14547        350  -8.484330E-04   7.544830E-03   2.438530E-02   0.000000E+00   1.797693+308
    18366        351  -2.235000E-02  -4.443960E-02   3.931470E-02   0.000000E+00   1.797693+308
     4711        352  -1.196400E-01  -4.443960E-02   3.931470E-02   0.000000E+00   1.797693+308
    10847        353  -2.529820E-02  -4.443960E-02   3.931470E-02   0.000000E+00   1.797693+308
     7618        354  -2.824630E-02  -4.443960E-02   3.931470E-02   0.000000E+00   1.797693+308
    19442        355  -3.119450E-02  -4.443960E-02   3.931470E-02   0.000000E+00   1.797693+308
      377        356  -3.414270E-02  -4.443960E-02   3.931470E-02   0.000000E+00   1.797693+308
      368        357  -3.709090E-02  -4.443960E-02   3.931470E-02   0.000000E+00   1.797693+308
     8056        358  -4.003900E-02  -4.443960E-02   3.931470E-02   0.000000E+00   1.797693+308
     5293        359  -4.298720E-02  -4.443960E-02   3.931470E-02   0.000000E+00   1.797693+308
    17578        360  -4.593540E-02  -4.443960E-02   3.931470E-02   0.000000E+00   1.797693+308
     7193        361  -4.888350E-02  -4.443960E-02   3.931470E-02   0.000000E+00   1.797693+308
     7184        362  -5.183170E-02  -4.443960E-02   3.931470E-02   0.000000E+00   1.797693+308
     5765        363  -5.477990E-02  -4.443960E-02   3.931470E-02   0.000000E+00   1.797693+308
     5763        364  -5.772800E-02  -4.443960E-02   3.931470E-02   0.000000E+00   1.797693+308
     8060        365  -6.067620E-02  -4.443960E-02   3.931470E-02   0.000000E+00   1.797693+308
     8064        366  -6.362440E-02  -4.443960E-02   3.931470E-02   0.000000E+00   1.797693+308
     8069        367  -6.657260E-02  -4.443960E-02   3.931470E-02   0.000000E+00   1.797693+308
    17509        368  -6.952070E-02  -4.443960E-02   3.931470E-02   0.000000E+00   1.797693+308
     7373        369  -7.246890E-02  -4.443960E-02   3.931470E-02   0.000000E+00   1.797693+308
     7368        370  -7.541710E-02  -4.443960E-02   3.931470E-02   0.000000E+00   1.797693+308
     7076        371  -7.836520E-02  -4.443960E-02   3.931470E-02   0.000000E+00   1.797693+308
     7081        372  -8.131340E-02  -4.443960E-02   3.931470E-02   0.000000E+00   1.797693+308
     8827        373  -8.426160E-02  -4.443960E-02   3.931470E-02   0.000000E+00   1.797693+308
     8822        374  -8.720980E-02  -4.443960E-02   3.931470E-02   0.000000E+00   1.797693+308
     8822        375  -9.015790E-02  -4.443960E-02   3.931470E-02   0.000000E+00   1.797693+308
     4970        376  -9.310610E-02  -4.443960E-02   3.931470E-02   0.000000E+00   1.797693+308
     5791        377  -9.605430E-02  -4.443960E-02   3.931470E-02   0.000000E+00   1.797693+308
     5792        378  -9.900240E-02  -4.443960E-02   3.931470E-02   0.000000E+00   1.797693+308
     4850        379  -1.019510E-01  -4.443960E-02   3.931470E-02   0.000000E+00   1.797693+308
     2040        380  -1.048990E-01  -4.443960E-02   3.931470E-02   0.000000E+00   1.797693+308
     2052        381  -1.078470E-01  -4.443960E-02   3.931470E-02   0.000000E+00   1.797693+308
     7935        382  -1.107950E-01  -4.443960E-02   3.931470E-02   0.000000E+00   1.797693+308
     7934        383  -1.137430E-01  -4.443960E-02   3.931470E-02   0.000000E+00   1.797693+308
     5893        384  -1.166910E-01  -4.443960E-02   3.931470E-02   0.000000E+00   1.797693+308
     9237        385  -2.235000E-02  -3.676510E-02   4.798960E-02   0.000000E+00   1.797693+308
    10845        386  -2.235000E-02  -4.252100E-02   4.148340E-02   0.000000E+00   1.797693+308
    17876        387  -2.235000E-02  -4.060240E-02   4.365210E-02   0.000000E+00   1.797693+308
    13112        388  -2.235000E-02  -3.868370E-02   4.582080E-02   0.000000E+00   1.797693+308
     7092        389  -1.196400E-01  -3.676510E-02   4.798960E-02   0.000000E+00   1.797693+308
     9238        390  -2.529820E-02  -3.676510E-02   4.798960E-02   0.000000E+00   1.797693+308
     9238        391  -2.824630E-02  -3.676510E-02   4.798960E-02   0.000000E+00   1.797693+308
    11930        392  -3.119450E-02  -3.676510E-02   4.798960E-02   0.000000E+00   1.797693+308
    12456        393  -3.414270E-02  -3.676510E-02   4.798960E-02   0.000000E+00   1.797693+308
    12453        394  -3.709090E-02  -3.676510E-02   4.798960E-02   0.000000E+00   1.797693+308
    10326        395  -4.003900E-02  -3.676510E-02   4.798960E-02   0.000000E+00   1.797693+308
    10325        396  -4.298720E-02  -3.676510E-02   4.798960E-02   0.000000E+00   1.797693+308
    10321        397  -4.593540E-02  -3.676510E-02   4.798960E-02   0.000000E+00   1.797693+308
     3182        398  -4.888350E-02  -3.676510E-02   4.798960E-02   0.000000E+00   1.797693+308
     3169        399  -5.183170E-02  -3.676510E-02   4.798960E-02   0.000000E+00   1.797693+308
     3169        400  -5.477990E-02  -3.676510E-02   4.798960E-02   0.000000E+00   1.797693+308
     7517        401  -5.772800E-02  -3.676510E-02   4.798960E-02   0.000000E+00   1.797693+308
    11666        402  -6.067620E-02  -3.676510E-02   4.798960E-02   0.000000E+00   1.797693+308
    11664        403  -6.362440E-02  -3.676510E-02   4.798960E-02   0.000000E+00   1.797693+308
    11672        404  -6.657260E-02  -3.676510E-02   4.798960E-02   0.000000E+00   1.797693+308
    11657        405  -6.952070E-02  -3.676510E-02   4.798960E-02   0.000000E+00   1.797693+308
     8370        406  -7.246890E-02  -3.676510E-02   4.798960E-02   0.000000E+00   1.797693+308
    20130        407  -7.541710E-02  -3.676510E-02   4.798960E-02   0.000000E+00   1.797693+308
     7960        408  -7.836520E-02  -3.676510E-02   4.798960E-02   0.000000E+00   1.797693+308
    19863        409  -8.131340E-02  -3.676510E-02   4.798960E-02   0.000000E+00   1.797693+308
     6090        410  -8.426160E-02  -3.676510E-02   4.798960E-02   0.000000E+00   1.797693+308
     6089        411  -8.720980E-02  -3.676510E-02   4.798960E-02   0.000000E+00   1.797693+308
     2111        412  -9.015790E-02  -3.676510E-02   4.798960E-02   0.000000E+00   1.797693+308
     2117        413  -9.310610E-02  -3.676510E-02   4.798960E-02   0.000000E+00   1.797693+308
     2117        414  -9.605430E-02  -3.676510E-02   4.798960E-02   0.000000E+00   1.797693+308
     5671        415  -9.900240E-02  -3.676510E-02   4.798960E-02   0.000000E+00   1.797693+308
    17641        416  -1.019510E-01  -3.676510E-02   4.798960E-02   0.000000E+00   1.797693+308
    11830        417  -1.048990E-01  -3.676510E-02   4.798960E-02   0.000000E+00   1.797693+308
    11827        418  -1.078470E-01  -3.676510E-02   4.798960E-02   0.000000E+00   1.797693+308
    10986        419  -1.107950E-01  -3.676510E-02   4.798960E-02   0.000000E+00   1.797693+308
    10992        420  -1.137430E-01  -3.676510E-02   4.798960E-02   0.000000E+00   1.797693+308
     7085        421  -1.166910E-01  -3.676510E-02   4.798960E-02   0.000000E+00   1.797693+308
     8578        422  -1.196400E-01  -4.252100E-02   4.148340E-02   0.000000E+00   1.797693+308
    18055        423  -1.196400E-01  -4.060240E-02   4.365210E-02   0.000000E+00   1.797693+308
    17608        424  -1.196400E-01  -3.868370E-02   4.582080E-02   0.000000E+00   1.797693+308
     3656        425  -9.212580E-02  -2.308860E-02   7.112400E-02   1.123098E-06   1.797693+308
     8864        426  -9.212580E-02  -2.267580E-02   6.825270E-02   0.000000E+00   1.797693+308
     5620        427  -9.212580E-02  -2.147070E-02   6.561400E-02   0.000000E+00   1.797693+308
     5617        428  -9.212580E-02  -1.957100E-02   6.342160E-02   0.000000E+00   1.797693+308
    17457        429  -9.212580E-02  -1.713070E-02   6.185330E-02   0.000000E+00   1.797693+308
    13425        430  -9.212580E-02  -1.434730E-02   6.103600E-02   0.000000E+00   1.797693+308
    18649        431  -9.212580E-02  -1.144640E-02   6.103600E-02   0.000000E+00   1.797693+308
     1712        432  -9.212580E-02  -8.663060E-03   6.185330E-02   0.000000E+00   1.797693+308
     1711        433  -9.212580E-02  -6.222690E-03   6.342160E-02   4.819537E-06   1.797693+308
     4774        434  -9.212580E-02  -4.323020E-03   6.561400E-02   1.000000E+00   5.444324E+04
      172        435  -9.212580E-02  -3.117950E-03   6.825270E-02   3.955854E-01   1.797693+308
    19400        436  -9.212580E-02  -2.705120E-03   7.112400E-02   4.516107E-06   1.797693+308
     6396        437  -9.212580E-02  -3.117950E-03   7.399540E-02   0.000000E+00   1.797693+308
    16831        438  -9.212580E-02  -4.323020E-03   7.663410E-02   0.000000E+00   1.797693+308
    17464        439  -9.212580E-02  -6.222690E-03   7.882640E-02   0.000000E+00   1.797693+308
    13640        440  -9.212580E-02  -8.663060E-03   8.039480E-02   0.000000E+00   1.797693+308
     4981        441  -9.212580E-02  -1.144640E-02   8.121200E-02   0.000000E+00   1.797693+308
    13621        442  -9.212580E-02  -1.434730E-02   8.121200E-02   0.000000E+00   1.797693+308
     7108        443  -9.212580E-02  -1.713070E-02   8.039480E-02   0.000000E+00   1.797693+308
     3334        444  -9.212580E-02  -1.957100E-02   7.882640E-02   2.660718E-02   1.797693+308
     7143        445  -9.212580E-02  -2.147070E-02   7.663410E-02   1.000000E+00   3.479019E+04
     7141        446  -9.212580E-02  -2.267580E-02   7.399540E-02   7.631950E-01   1.797693+308
     3643        447  -9.149080E-02  -2.245360E-02   7.112400E-02   1.089520E-05   1.797693+308
     7142        448  -9.149080E-02  -2.202900E-02   7.394090E-02   1.000000E+00   5.551199E+03
     7142        449  -9.149080E-02  -2.079300E-02   7.650750E-02   1.000000E+00   4.844126E+03
     3326        450  -9.149080E-02  -1.885540E-02   7.859580E-02   1.000000E+00   9.552817E+04
     7110        451  -9.149080E-02  -1.638830E-02   8.002020E-02   0.000000E+00   1.797693+308
     7126        452  -9.149080E-02  -1.361100E-02   8.065410E-02   0.000000E+00   1.797693+308
    13639        453  -9.149080E-02  -1.077030E-02   8.044120E-02   0.000000E+00   1.797693+308
    13639        454  -9.149080E-02  -8.118490E-03   7.940040E-02   3.683791E-06   1.797693+308
    17465        455  -9.149080E-02  -5.891270E-03   7.762430E-02   0.000000E+00   1.797693+308
    16836        456  -9.149080E-02  -4.286530E-03   7.527050E-02   0.000000E+00   1.797693+308
     4866        457  -9.149080E-02  -3.446860E-03   7.254840E-02   4.870292E-07   1.797693+308
      171        458  -9.149080E-02  -3.446860E-03   6.969970E-02   1.000000E+00   2.317970E+04
     4774        459  -9.149080E-02  -4.286530E-03   6.697750E-02   1.000000E+00   1.636619E+04
     4774        460  -9.149080E-02  -5.891270E-03   6.462380E-02   1.000000E+00   2.744517E+04
     1711        461  -9.149080E-02  -8.118490E-03   6.284760E-02   2.160695E-06   1.797693+308
     5384        462  -9.149080E-02  -1.077030E-02   6.180690E-02   0.000000E+00   1.797693+308
    13418        463  -9.149080E-02  -1.361100E-02   6.159400E-02   0.000000E+00   1.797693+308
    17456        464  -9.149080E-02  -1.638830E-02   6.222790E-02   1.500562E-06   1.797693+308
     4666        465  -9.149080E-02  -1.885540E-02   6.365230E-02   1.720756E-01   1.797693+308
     5617        466  -9.149080E-02  -2.079300E-02   6.574050E-02   0.000000E+00   1.797693+308
     8860        467  -9.149080E-02  -2.202900E-02   6.830710E-02   0.000000E+00   1.797693+308
     5508        468  -8.450580E-02  -2.308860E-02   7.112400E-02   0.000000E+00   1.797693+308
    17622        469  -8.450580E-02  -2.267580E-02   7.399540E-02   9.855995E-01   1.797693+308
     4855        470  -8.450580E-02  -2.147070E-02   7.663410E-02   1.000000E+00   1.070864E+04
     5355        471  -8.450580E-02  -1.957100E-02   7.882640E-02   8.142688E-06   1.797693+308
     4980        472  -8.450580E-02  -1.713070E-02   8.039480E-02   0.000000E+00   1.797693+308
     8876        473  -8.450580E-02  -1.434730E-02   8.121200E-02   0.000000E+00   1.797693+308
     7167        474  -8.450580E-02  -1.144640E-02   8.121200E-02   0.000000E+00   1.797693+308
     7166        475  -8.450580E-02  -8.663060E-03   8.039480E-02   0.000000E+00   1.797693+308
    17401        476  -8.450580E-02  -6.222690E-03   7.882640E-02   0.000000E+00   1.797693+308
     4990        477  -8.450580E-02  -4.323020E-03   7.663410E-02   0.000000E+00   1.797693+308
     4054        478  -8.450580E-02  -3.117950E-03   7.399540E-02   0.000000E+00   1.797693+308
     8911        479  -8.450580E-02  -2.705120E-03   7.112400E-02   3.220811E-06   1.797693+308
     8907        480  -8.450580E-02  -3.117950E-03   6.825270E-02   2.928600E-01   1.797693+308
     8885        481  -8.450580E-02  -4.323020E-03   6.561400E-02   4.493250E-01   1.797693+308
     8894        482  -8.450580E-02  -6.222690E-03   6.342160E-02   3.131754E-06   1.797693+308
     1424        483  -8.450580E-02  -8.663060E-03   6.185330E-02   0.000000E+00   1.797693+308
     5386        484  -8.450580E-02  -1.144640E-02   6.103600E-02   0.000000E+00   1.797693+308
    17463        485  -8.450580E-02  -1.434730E-02   6.103600E-02   0.000000E+00   1.797693+308
    17477        486  -8.450580E-02  -1.713070E-02   6.185330E-02   0.000000E+00   1.797693+308
     4681        487  -8.450580E-02  -1.957100E-02   6.342160E-02   0.000000E+00   1.797693+308
     4683        488  -8.450580E-02  -2.147070E-02   6.561400E-02   0.000000E+00   1.797693+308
     5506        489  -8.450580E-02  -2.267580E-02   6.825270E-02   0.000000E+00   1.797693+308
    17622        490  -8.514080E-02  -2.245360E-02   7.112400E-02   9.180948E-06   1.797693+308
     8839        491  -8.514080E-02  -2.202900E-02   6.830710E-02   0.000000E+00   1.797693+308
     4681        492  -8.514080E-02  -2.079300E-02   6.574050E-02   3.225312E-07   1.797693+308
     4671        493  -8.514080E-02  -1.885540E-02   6.365230E-02   8.727016E-02   1.797693+308
    17476        494  -8.514080E-02  -1.638830E-02   6.222790E-02   1.806888E-06   1.797693+308
     4989        495  -8.514080E-02  -1.361100E-02   6.159400E-02   0.000000E+00   1.797693+308
     5377        496  -8.514080E-02  -1.077030E-02   6.180690E-02   0.000000E+00   1.797693+308
     1433        497  -8.514080E-02  -8.118490E-03   6.284760E-02   0.000000E+00   1.797693+308
     8886        498  -8.514080E-02  -5.891270E-03   6.462380E-02   1.000000E+00   6.367319E+04
     8906        499  -8.514080E-02  -4.286530E-03   6.697750E-02   1.000000E+00   1.818963E+04
     8906        500  -8.514080E-02  -3.446860E-03   6.969970E-02   1.000000E+00   2.782916E+04
    17469        501  -8.514080E-02  -3.446860E-03   7.254840E-02   1.882559E-06   1.797693+308
    17345        502  -8.514080E-02  -4.286530E-03   7.527050E-02   0.000000E+00   1.797693+308
    19210        503  -8.514080E-02  -5.891270E-03   7.762430E-02   0.000000E+00   1.797693+308
     7165        504  -8.514080E-02  -8.118490E-03   7.940040E-02   5.471122E-06   1.797693+308
     7165        505  -8.514080E-02  -1.077030E-02   8.044120E-02   2.256285E-06   1.797693+308
     4802        506  -8.514080E-02  -1.361100E-02   8.065410E-02   0.000000E+00   1.797693+308
     4980        507  -8.514080E-02  -1.638830E-02   8.002020E-02   0.000000E+00   1.797693+308
     5354        508  -8.514080E-02  -1.885540E-02   7.859580E-02   3.085433E-01   1.797693+308
     4855        509  -8.514080E-02  -2.079300E-02   7.650750E-02   1.000000E+00   1.598229E+03
     4855        510  -8.514080E-02  -2.202900E-02   7.394090E-02   1.000000E+00   5.980166E+03
     6048        511  -6.355080E-02  -2.308860E-02   7.112400E-02   0.000000E+00   1.797693+308
      596        512  -6.355080E-02  -2.267580E-02   6.825270E-02   0.000000E+00   1.797693+308
    13656        513  -6.355080E-02  -2.147070E-02   6.561400E-02   0.000000E+00   1.797693+308
    13653        514  -6.355080E-02  -1.957100E-02   6.342160E-02   0.000000E+00   1.797693+308
    17428        515  -6.355080E-02  -1.713070E-02   6.185330E-02   0.000000E+00   1.797693+308
    17406        516  -6.355080E-02  -1.434730E-02   6.103600E-02   0.000000E+00   1.797693+308
    13274        517  -6.355080E-02  -1.144640E-02   6.103600E-02   0.000000E+00   1.797693+308
    17408        518  -6.355080E-02  -8.663060E-03   6.185330E-02   0.000000E+00   1.797693+308
     7529        519  -6.355080E-02  -6.222690E-03   6.342160E-02   1.981977E-06   1.797693+308
     1743        520  -6.355080E-02  -4.323020E-03   6.561400E-02   1.927588E-01   1.797693+308
     1746        521  -6.355080E-02  -3.117950E-03   6.825270E-02   7.536572E-01   1.797693+308
     4752        522  -6.355080E-02  -2.705120E-03   7.112400E-02   3.128861E-06   1.797693+308
     9215        523  -6.355080E-02  -3.117950E-03   7.399540E-02   0.000000E+00   1.797693+308
    13994        524  -6.355080E-02  -4.323020E-03   7.663410E-02   0.000000E+00   1.797693+308
     6780        525  -6.355080E-02  -6.222690E-03   7.882640E-02   0.000000E+00   1.797693+308
     5655        526  -6.355080E-02  -8.663060E-03   8.039480E-02   0.000000E+00   1.797693+308
     5657        527  -6.355080E-02  -1.144640E-02   8.121200E-02   0.000000E+00   1.797693+308
    17419        528  -6.355080E-02  -1.434730E-02   8.121200E-02   0.000000E+00   1.797693+308
    19263        529  -6.355080E-02  -1.713070E-02   8.039480E-02   0.000000E+00   1.797693+308
     6294        530  -6.355080E-02  -1.957100E-02   7.882640E-02   1.019508E-05   1.797693+308
     9169        531  -6.355080E-02  -2.147070E-02   7.663410E-02   1.000000E+00   4.777265E+04
     9168        532  -6.355080E-02  -2.267580E-02   7.399540E-02   2.914715E-01   1.797693+308
     6052        533  -6.291580E-02  -2.245360E-02   7.112400E-02   7.216761E-06   1.797693+308
     9170        534  -6.291580E-02  -2.202900E-02   7.394090E-02   1.000000E+00   8.990710E+03
     9170        535  -6.291580E-02  -2.079300E-02   7.650750E-02   1.000000E+00   6.026122E+03
     6295        536  -6.291580E-02  -1.885540E-02   7.859580E-02   4.488503E-01   1.797693+308
      151        537  -6.291580E-02  -1.638830E-02   8.002020E-02   0.000000E+00   1.797693+308
     5041        538  -6.291580E-02  -1.361100E-02   8.065410E-02   0.000000E+00   1.797693+308
     5654        539  -6.291580E-02  -1.077030E-02   8.044120E-02   1.581580E-06   1.797693+308
     5654        540  -6.291580E-02  -8.118490E-03   7.940040E-02   4.163963E-06   1.797693+308
     6781        541  -6.291580E-02  -5.891270E-03   7.762430E-02   0.000000E+00   1.797693+308
    13984        542  -6.291580E-02  -4.286530E-03   7.527050E-02   0.000000E+00   1.797693+308
     4752        543  -6.291580E-02  -3.446860E-03   7.254840E-02   2.240383E-06   1.797693+308
     1744        544  -6.291580E-02  -3.446860E-03   6.969970E-02   1.000000E+00   2.976622E+04
     1744        545  -6.291580E-02  -4.286530E-03   6.697750E-02   1.000000E+00   2.471617E+04
     7524        546  -6.291580E-02  -5.891270E-03   6.462380E-02   1.000000E+00   7.613021E+04
    17418        547  -6.291580E-02  -8.118490E-03   6.284760E-02   9.117205E-07   1.797693+308
    17454        548  -6.291580E-02  -1.077030E-02   6.180690E-02   0.000000E+00   1.797693+308
     5844        549  -6.291580E-02  -1.361100E-02   6.159400E-02   0.000000E+00   1.797693+308
    17427        550  -6.291580E-02  -1.638830E-02   6.222790E-02   7.452897E-07   1.797693+308
    13663        551  -6.291580E-02  -1.885540E-02   6.365230E-02   5.638342E-02   1.797693+308
    13653        552  -6.291580E-02  -2.079300E-02   6.574050E-02   2.068563E-07   1.797693+308
     9200        553  -6.291580E-02  -2.202900E-02   6.830710E-02   0.000000E+00   1.797693+308
     2760        554  -5.593080E-02  -2.308860E-02   7.112400E-02   1.473304E-06   1.797693+308
     9162        555  -5.593080E-02  -2.267580E-02   7.399540E-02   8.412575E-01   1.797693+308
     9163        556  -5.593080E-02  -2.147070E-02   7.663410E-02   1.000000E+00   3.325923E+04
     4662        557  -5.593080E-02  -1.957100E-02   7.882640E-02   9.809300E-02   1.797693+308
     1724        558  -5.593080E-02  -1.713070E-02   8.039480E-02   0.000000E+00   1.797693+308
     3961        559  -5.593080E-02  -1.434730E-02   8.121200E-02   0.000000E+00   1.797693+308
     6631        560  -5.593080E-02  -1.144640E-02   8.121200E-02   0.000000E+00   1.797693+308
     6634        561  -5.593080E-02  -8.663060E-03   8.039480E-02   0.000000E+00   1.797693+308
    13864        562  -5.593080E-02  -6.222690E-03   7.882640E-02   0.000000E+00   1.797693+308
     8490        563  -5.593080E-02  -4.323020E-03   7.663410E-02   0.000000E+00   1.797693+308
     8011        564  -5.593080E-02  -3.117950E-03   7.399540E-02   0.000000E+00   1.797693+308
    17439        565  -5.593080E-02  -2.705120E-03   7.112400E-02   4.447568E-07   1.797693+308
    13677        566  -5.593080E-02  -3.117950E-03   6.825270E-02   8.223353E-02   1.797693+308
    13676        567  -5.593080E-02  -4.323020E-03   6.561400E-02   3.826617E-01   1.797693+308
    13670        568  -5.593080E-02  -6.222690E-03   6.342160E-02   7.014673E-06   1.797693+308
     2803        569  -5.593080E-02  -8.663060E-03   6.185330E-02   0.000000E+00   1.797693+308
    13305        570  -5.593080E-02  -1.144640E-02   6.103600E-02   0.000000E+00   1.797693+308
    13296        571  -5.593080E-02  -1.434730E-02   6.103600E-02   0.000000E+00   1.797693+308
    17513        572  -5.593080E-02  -1.713070E-02   6.185330E-02   0.000000E+00   1.797693+308
     7433        573  -5.593080E-02  -1.957100E-02   6.342160E-02   4.388656E-08   1.797693+308
     7431        574  -5.593080E-02  -2.147070E-02   6.561400E-02   0.000000E+00   1.797693+308
     5808        575  -5.593080E-02  -2.267580E-02   6.825270E-02   0.000000E+00   1.797693+308
     2754        576  -5.656580E-02  -2.245360E-02   7.112400E-02   1.212714E-05   1.797693+308
     9185        577  -5.656580E-02  -2.202900E-02   6.830710E-02   0.000000E+00   1.797693+308
     7433        578  -5.656580E-02  -2.079300E-02   6.574050E-02   7.078845E-07   1.797693+308
     7437        579  -5.656580E-02  -1.885540E-02   6.365230E-02   1.042946E-01   1.797693+308
    17512        580  -5.656580E-02  -1.638830E-02   6.222790E-02   1.110987E-06   1.797693+308
    17436        581  -5.656580E-02  -1.361100E-02   6.159400E-02   0.000000E+00   1.797693+308
     2822        582  -5.656580E-02  -1.077030E-02   6.180690E-02   0.000000E+00   1.797693+308
     4915        583  -5.656580E-02  -8.118490E-03   6.284760E-02   3.025780E-06   1.797693+308
    13675        584  -5.656580E-02  -5.891270E-03   6.462380E-02   1.000000E+00   5.233965E+04
    13675        585  -5.656580E-02  -4.286530E-03   6.697750E-02   1.000000E+00   2.528621E+04
    17431        586  -5.656580E-02  -3.446860E-03   6.969970E-02   1.000000E+00   7.729069E+04
     8009        587  -5.656580E-02  -3.446860E-03   7.254840E-02   0.000000E+00   1.797693+308
     8489        588  -5.656580E-02  -4.286530E-03   7.527050E-02   0.000000E+00   1.797693+308
    13865        589  -5.656580E-02  -5.891270E-03   7.762430E-02   0.000000E+00   1.797693+308
     6633        590  -5.656580E-02  -8.118490E-03   7.940040E-02   3.488491E-06   1.797693+308
     6633        591  -5.656580E-02  -1.077030E-02   8.044120E-02   1.340362E-06   1.797693+308
    19825        592  -5.656580E-02  -1.361100E-02   8.065410E-02   0.000000E+00   1.797693+308
     1715        593  -5.656580E-02  -1.638830E-02   8.002020E-02   0.000000E+00   1.797693+308
     4655        594  -5.656580E-02  -1.885540E-02   7.859580E-02   1.000000E+00   7.571423E+04
     9164        595  -5.656580E-02  -2.079300E-02   7.650750E-02   1.000000E+00   4.729189E+03
     9164        596  -5.656580E-02  -2.202900E-02   7.394090E-02   1.000000E+00   4.941203E+03
     4973        597  -8.133080E-02  -3.473700E-02   5.640020E-02   0.000000E+00   1.797693+308
    19473        598  -8.450580E-02  -3.399170E-02   5.949080E-02   1.000000E+00   4.890523E+04
    19473        599  -8.357660E-02  -3.451850E-02   5.730610E-02   1.000000E+00   3.813319E+04
     8898        600  -8.133080E-02   2.973090E-02   3.730580E-02   0.000000E+00   1.797693+308
    18289        601  -8.133080E-02   2.692800E-02   3.813600E-02   0.000000E+00   1.797693+308
    10390        602  -8.133080E-02   2.412500E-02   3.896620E-02   0.000000E+00   1.797693+308
    10394        603  -8.133080E-02   2.132210E-02   3.979640E-02   0.000000E+00   1.797693+308
    10131        604  -8.133080E-02   1.851910E-02   4.062660E-02   0.000000E+00   1.797693+308
    10128        605  -8.133080E-02   1.571620E-02   4.145680E-02   0.000000E+00   1.797693+308
    14060        606  -8.133080E-02   1.291320E-02   4.228700E-02   0.000000E+00   1.797693+308
     9377        607  -8.133080E-02   1.011030E-02   4.311710E-02   0.000000E+00   1.797693+308
     9375        608  -8.133080E-02   7.307310E-03   4.394730E-02   0.000000E+00   1.797693+308
     9378        609  -8.133080E-02   4.504360E-03   4.477750E-02   0.000000E+00   1.797693+308
    10188        610  -8.133080E-02   1.701400E-03   4.560770E-02   0.000000E+00   1.797693+308
    10184        611  -8.133080E-02  -1.101550E-03   4.643790E-02   0.000000E+00   1.797693+308
    16474        612  -8.133080E-02  -3.904500E-03   4.726810E-02   0.000000E+00   1.797693+308
    16472        613  -8.133080E-02  -6.707460E-03   4.809830E-02   0.000000E+00   1.797693+308
    18881        614  -8.133080E-02  -9.510410E-03   4.892850E-02   0.000000E+00   1.797693+308
    15290        615  -8.133080E-02  -1.231340E-02   4.975870E-02   0.000000E+00   1.797693+308
    12567        616  -8.133080E-02  -1.511630E-02   5.058880E-02   0.000000E+00   1.797693+308
    12572        617  -8.133080E-02  -1.791930E-02   5.141900E-02   0.000000E+00   1.797693+308
    20178        618  -8.133080E-02  -2.072220E-02   5.224920E-02   0.000000E+00   1.797693+308
    20179        619  -8.133080E-02  -2.352520E-02   5.307940E-02   0.000000E+00   1.797693+308
    20308        620  -8.133080E-02  -2.632810E-02   5.390960E-02   0.000000E+00   1.797693+308
     2856        621  -8.133080E-02  -2.913110E-02   5.473980E-02   0.000000E+00   1.797693+308
    17411        622  -8.133080E-02  -3.193400E-02   5.557000E-02   0.000000E+00   1.797693+308
     4988        623  -8.450580E-02   2.713060E-02   4.138740E-02   0.000000E+00   1.797693+308
     6462        624  -8.419130E-02   2.825260E-02   3.962630E-02   0.000000E+00   1.797693+308
     8898        625  -8.317980E-02   2.924300E-02   3.807170E-02   0.000000E+00   1.797693+308
    19473        626  -8.450580E-02  -3.121340E-02   5.866790E-02   9.936445E-01   1.797693+308
    10758        627  -8.450580E-02  -2.843520E-02   5.784500E-02   3.707823E-06   1.797693+308
    10760        628  -8.450580E-02  -2.565690E-02   5.702210E-02   0.000000E+00   1.797693+308
     4570        629  -8.450580E-02  -2.287860E-02   5.619920E-02   0.000000E+00   1.797693+308
     6297        630  -8.450580E-02  -2.010030E-02   5.537640E-02   0.000000E+00   1.797693+308
    17365        631  -8.450580E-02  -1.732200E-02   5.455350E-02   0.000000E+00   1.797693+308
    15299        632  -8.450580E-02  -1.454370E-02   5.373060E-02   0.000000E+00   1.797693+308
    15289        633  -8.450580E-02  -1.176540E-02   5.290770E-02   0.000000E+00   1.797693+308
     5785        634  -8.450580E-02  -8.987160E-03   5.208480E-02   0.000000E+00   1.797693+308
    16470        635  -8.450580E-02  -6.208870E-03   5.126190E-02   0.000000E+00   1.797693+308
    16460        636  -8.450580E-02  -3.430580E-03   5.043910E-02   0.000000E+00   1.797693+308
    20277        637  -8.450580E-02  -6.522980E-04   4.961620E-02   0.000000E+00   1.797693+308
    18252        638  -8.450580E-02   2.125990E-03   4.879330E-02   0.000000E+00   1.797693+308
    14377        639  -8.450580E-02   4.904270E-03   4.797040E-02   0.000000E+00   1.797693+308
    18751        640  -8.450580E-02   7.682560E-03   4.714750E-02   0.000000E+00   1.797693+308
     7121        641  -8.450580E-02   1.046080E-02   4.632460E-02   0.000000E+00   1.797693+308
     5217        642  -8.450580E-02   1.323910E-02   4.550180E-02   0.000000E+00   1.797693+308
     6331        643  -8.450580E-02   1.601740E-02   4.467890E-02   0.000000E+00   1.797693+308
     6329        644  -8.450580E-02   1.879570E-02   4.385600E-02   0.000000E+00   1.797693+308
     7200        645  -8.450580E-02   2.157400E-02   4.303310E-02   0.000000E+00   1.797693+308
     4988        646  -8.450580E-02   2.435230E-02   4.221020E-02   0.000000E+00   1.797693+308
     4725        647  -6.355080E-02  -3.399170E-02   5.949080E-02   1.000000E+00   3.833919E+04
     4895        648  -6.672580E-02  -3.473700E-02   5.640020E-02   0.000000E+00   1.797693+308
     4725        649  -6.448000E-02  -3.451850E-02   5.730610E-02   1.000000E+00   3.280021E+04
    20136        650  -6.355080E-02   2.713060E-02   4.138740E-02   0.000000E+00   1.797693+308
     4317        651  -6.355080E-02   2.435230E-02   4.221020E-02   0.000000E+00   1.797693+308
     4317        652  -6.355080E-02   2.157400E-02   4.303310E-02   0.000000E+00   1.797693+308
     7214        653  -6.355080E-02   1.879570E-02   4.385600E-02   0.000000E+00   1.797693+308
     6671        654  -6.355080E-02   1.601740E-02   4.467890E-02   0.000000E+00   1.797693+308
     6672        655  -6.355080E-02   1.323910E-02   4.550180E-02   0.000000E+00   1.797693+308
     6658        656  -6.355080E-02   1.046080E-02   4.632460E-02   0.000000E+00   1.797693+308
    14527        657  -6.355080E-02   7.682560E-03   4.714750E-02   0.000000E+00   1.797693+308
    14525        658  -6.355080E-02   4.904270E-03   4.797040E-02   0.000000E+00   1.797693+308
    14533        659  -6.355080E-02   2.125990E-03   4.879330E-02   0.000000E+00   1.797693+308
    19642        660  -6.355080E-02  -6.522980E-04   4.961620E-02   0.000000E+00   1.797693+308
     4017        661  -6.355080E-02  -3.430580E-03   5.043910E-02   0.000000E+00   1.797693+308
    11120        662  -6.355080E-02  -6.208870E-03   5.126190E-02   0.000000E+00   1.797693+308
     5245        663  -6.355080E-02  -8.987160E-03   5.208480E-02   0.000000E+00   1.797693+308
     5243        664  -6.355080E-02  -1.176540E-02   5.290770E-02   0.000000E+00   1.797693+308
     5244        665  -6.355080E-02  -1.454370E-02   5.373060E-02   0.000000E+00   1.797693+308
    11603        666  -6.355080E-02  -1.732200E-02   5.455350E-02   0.000000E+00   1.797693+308
     4481        667  -6.355080E-02  -2.010030E-02   5.537640E-02   0.000000E+00   1.797693+308
     9159        668  -6.355080E-02  -2.287860E-02   5.619920E-02   0.000000E+00   1.797693+308
     9155        669  -6.355080E-02  -2.565690E-02   5.702210E-02   0.000000E+00   1.797693+308
     1496        670  -6.355080E-02  -2.843520E-02   5.784500E-02   0.000000E+00   1.797693+308
     4725        671  -6.355080E-02  -3.121340E-02   5.866790E-02   1.000000E+00   9.458222E+04
     5328        672  -6.672580E-02   2.973090E-02   3.730580E-02   0.000000E+00   1.797693+308
     5330        673  -6.487680E-02   2.924300E-02   3.807170E-02   0.000000E+00   1.797693+308
     5043        674  -6.386530E-02   2.825260E-02   3.962630E-02   0.000000E+00   1.797693+308
     5805        675  -6.672580E-02  -3.193400E-02   5.557000E-02   0.000000E+00   1.797693+308
     5801        676  -6.672580E-02  -2.913110E-02   5.473980E-02   0.000000E+00   1.797693+308
     5800        677  -6.672580E-02  -2.632810E-02   5.390960E-02   0.000000E+00   1.797693+308
     9154        678  -6.672580E-02  -2.352520E-02   5.307940E-02   0.000000E+00   1.797693+308
     9646        679  -6.672580E-02  -2.072220E-02   5.224920E-02   0.000000E+00   1.797693+308
     9643        680  -6.672580E-02  -1.791930E-02   5.141900E-02   0.000000E+00   1.797693+308
     9644        681  -6.672580E-02  -1.511630E-02   5.058880E-02   0.000000E+00   1.797693+308
    18586        682  -6.672580E-02  -1.231340E-02   4.975870E-02   0.000000E+00   1.797693+308
    11119        683  -6.672580E-02  -9.510410E-03   4.892850E-02   0.000000E+00   1.797693+308
    11118        684  -6.672580E-02  -6.707460E-03   4.809830E-02   0.000000E+00   1.797693+308
     1690        685  -6.672580E-02  -3.904500E-03   4.726810E-02   0.000000E+00   1.797693+308
     1696        686  -6.672580E-02  -1.101550E-03   4.643790E-02   0.000000E+00   1.797693+308
     9976        687  -6.672580E-02   1.701400E-03   4.560770E-02   0.000000E+00   1.797693+308
     9979        688  -6.672580E-02   4.504360E-03   4.477750E-02   0.000000E+00   1.797693+308
     9433        689  -6.672580E-02   7.307310E-03   4.394730E-02   0.000000E+00   1.797693+308
     9431        690  -6.672580E-02   1.011030E-02   4.311710E-02   0.000000E+00   1.797693+308
     9432        691  -6.672580E-02   1.291320E-02   4.228700E-02   0.000000E+00   1.797693+308
     2524        692  -6.672580E-02   1.571620E-02   4.145680E-02   0.000000E+00   1.797693+308
    12357        693  -6.672580E-02   1.851910E-02   4.062660E-02   0.000000E+00   1.797693+308
    12360        694  -6.672580E-02   2.132210E-02   3.979640E-02   0.000000E+00   1.797693+308
    12110        695  -6.672580E-02   2.412500E-02   3.896620E-02   0.000000E+00   1.797693+308
     5327        696  -6.672580E-02   2.692800E-02   3.813600E-02   0.000000E+00   1.797693+308
     4847        697  -9.212580E-02  -3.339550E-02   6.196320E-02   1.000000E+00   4.807120E+04
     4713        698  -9.530080E-02  -3.414080E-02   5.887260E-02   0.000000E+00   1.797693+308
     4847        699  -9.305500E-02  -3.392230E-02   5.977860E-02   1.000000E+00   8.036421E+04
     8023        700  -9.212580E-02   2.505030E-02   4.465260E-02   0.000000E+00   1.797693+308
     3076        701  -9.212580E-02   2.226710E-02   4.547690E-02   0.000000E+00   1.797693+308
     3076        702  -9.212580E-02   1.948400E-02   4.630120E-02   0.000000E+00   1.797693+308
     3090        703  -9.212580E-02   1.670090E-02   4.712550E-02   0.000000E+00   1.797693+308
     5218        704  -9.212580E-02   1.391770E-02   4.794980E-02   0.000000E+00   1.797693+308
     5101        705  -9.212580E-02   1.113460E-02   4.877420E-02   0.000000E+00   1.797693+308
     5102        706  -9.212580E-02   8.351470E-03   4.959850E-02   0.000000E+00   1.797693+308
    20274        707  -9.212580E-02   5.568330E-03   5.042280E-02   0.000000E+00   1.797693+308
     5133        708  -9.212580E-02   2.785200E-03   5.124710E-02   0.000000E+00   1.797693+308
    11684        709  -9.212580E-02   2.069940E-06   5.207140E-02   0.000000E+00   1.797693+308
    11687        710  -9.212580E-02  -2.781060E-03   5.289580E-02   0.000000E+00   1.797693+308
    12256        711  -9.212580E-02  -5.564190E-03   5.372010E-02   0.000000E+00   1.797693+308
     5110        712  -9.212580E-02  -8.347330E-03   5.454440E-02   0.000000E+00   1.797693+308
     5110        713  -9.212580E-02  -1.113050E-02   5.536870E-02   0.000000E+00   1.797693+308
     5109        714  -9.212580E-02  -1.391360E-02   5.619300E-02   0.000000E+00   1.797693+308
    13415        715  -9.212580E-02  -1.669670E-02   5.701730E-02   0.000000E+00   1.797693+308
     6374        716  -9.212580E-02  -1.947990E-02   5.784170E-02   0.000000E+00   1.797693+308
     6391        717  -9.212580E-02  -2.226300E-02   5.866600E-02   0.000000E+00   1.797693+308
    18420        718  -9.212580E-02  -2.504610E-02   5.949030E-02   0.000000E+00   1.797693+308
     7975        719  -9.212580E-02  -2.782930E-02   6.031460E-02   1.403692E-07   1.797693+308
     4847        720  -9.212580E-02  -3.061240E-02   6.113890E-02   3.658650E-01   1.797693+308
    17598        721  -9.530080E-02   2.765060E-02   4.057100E-02   0.000000E+00   1.797693+308
     3152        722  -9.345180E-02   2.716270E-02   4.133690E-02   0.000000E+00   1.797693+308
     8021        723  -9.244030E-02   2.617230E-02   4.289150E-02   0.000000E+00   1.797693+308
     4769        724  -9.530080E-02  -3.133210E-02   5.804080E-02   0.000000E+00   1.797693+308
    11187        725  -9.530080E-02  -2.852340E-02   5.720890E-02   0.000000E+00   1.797693+308
    11184        726  -9.530080E-02  -2.571470E-02   5.637700E-02   0.000000E+00   1.797693+308
    19368        727  -9.530080E-02  -2.290600E-02   5.554510E-02   0.000000E+00   1.797693+308
    11360        728  -9.530080E-02  -2.009730E-02   5.471320E-02   0.000000E+00   1.797693+308
    11361        729  -9.530080E-02  -1.728860E-02   5.388130E-02   0.000000E+00   1.797693+308
    11362        730  -9.530080E-02  -1.447990E-02   5.304940E-02   0.000000E+00   1.797693+308
    11693        731  -9.530080E-02  -1.167120E-02   5.221750E-02   0.000000E+00   1.797693+308
    11695        732  -9.530080E-02  -8.862470E-03   5.138560E-02   0.000000E+00   1.797693+308
    11698        733  -9.530080E-02  -6.053770E-03   5.055370E-02   0.000000E+00   1.797693+308
    19886        734  -9.530080E-02  -3.245070E-03   4.972180E-02   0.000000E+00   1.797693+308
      280        735  -9.530080E-02  -4.363720E-04   4.889000E-02   0.000000E+00   1.797693+308
      282        736  -9.530080E-02   2.372330E-03   4.805810E-02   0.000000E+00   1.797693+308
    10178        737  -9.530080E-02   5.181030E-03   4.722620E-02   0.000000E+00   1.797693+308
    10177        738  -9.530080E-02   7.989730E-03   4.639430E-02   0.000000E+00   1.797693+308
    16710        739  -9.530080E-02   1.079840E-02   4.556240E-02   0.000000E+00   1.797693+308
     5977        740  -9.530080E-02   1.360710E-02   4.473050E-02   0.000000E+00   1.797693+308
     5977        741  -9.530080E-02   1.641580E-02   4.389860E-02   0.000000E+00   1.797693+308
     5978        742  -9.530080E-02   1.922450E-02   4.306670E-02   0.000000E+00   1.797693+308
    16797        743  -9.530080E-02   2.203320E-02   4.223480E-02   0.000000E+00   1.797693+308
     3159        744  -9.530080E-02   2.484190E-02   4.140290E-02   0.000000E+00   1.797693+308
     4894        745  -5.275580E-02  -3.414080E-02   5.887260E-02   0.000000E+00   1.797693+308
     2506        746  -5.593080E-02  -3.339550E-02   6.196320E-02   1.000000E+00   3.030322E+04
     2506        747  -5.500160E-02  -3.392230E-02   5.977860E-02   1.000000E+00   9.914923E+04
     8358        748  -5.275580E-02   2.765060E-02   4.057100E-02   0.000000E+00   1.797693+308
    20270        749  -5.275580E-02   2.484190E-02   4.140290E-02   0.000000E+00   1.797693+308
    10559        750  -5.275580E-02   2.203320E-02   4.223480E-02   0.000000E+00   1.797693+308
    18036        751  -5.275580E-02   1.922450E-02   4.306670E-02   0.000000E+00   1.797693+308
     8480        752  -5.275580E-02   1.641580E-02   4.389860E-02   0.000000E+00   1.797693+308
    13848        753  -5.275580E-02   1.360710E-02   4.473050E-02   0.000000E+00   1.797693+308
    10554        754  -5.275580E-02   1.079840E-02   4.556240E-02   0.000000E+00   1.797693+308
    10555        755  -5.275580E-02   7.989730E-03   4.639430E-02   0.000000E+00   1.797693+308
     8543        756  -5.275580E-02   5.181030E-03   4.722620E-02   0.000000E+00   1.797693+308
    18319        757  -5.275580E-02   2.372330E-03   4.805810E-02   0.000000E+00   1.797693+308
    10548        758  -5.275580E-02  -4.363720E-04   4.889000E-02   0.000000E+00   1.797693+308
    11126        759  -5.275580E-02  -3.245070E-03   4.972180E-02   0.000000E+00   1.797693+308
    11125        760  -5.275580E-02  -6.053770E-03   5.055370E-02   0.000000E+00   1.797693+308
    12199        761  -5.275580E-02  -8.862470E-03   5.138560E-02   0.000000E+00   1.797693+308
    12197        762  -5.275580E-02  -1.167120E-02   5.221750E-02   0.000000E+00   1.797693+308
    13213        763  -5.275580E-02  -1.447990E-02   5.304940E-02   0.000000E+00   1.797693+308
    13212        764  -5.275580E-02  -1.728860E-02   5.388130E-02   0.000000E+00   1.797693+308
    13210        765  -5.275580E-02  -2.009730E-02   5.471320E-02   0.000000E+00   1.797693+308
    12751        766  -5.275580E-02  -2.290600E-02   5.554510E-02   0.000000E+00   1.797693+308
    12753        767  -5.275580E-02  -2.571470E-02   5.637700E-02   0.000000E+00   1.797693+308
    20228        768  -5.275580E-02  -2.852340E-02   5.720890E-02   0.000000E+00   1.797693+308
    20231        769  -5.275580E-02  -3.133210E-02   5.804080E-02   0.000000E+00   1.797693+308
     8477        770  -5.593080E-02   2.505030E-02   4.465260E-02   0.000000E+00   1.797693+308
     8471        771  -5.561630E-02   2.617230E-02   4.289150E-02   0.000000E+00   1.797693+308
     8478        772  -5.460480E-02   2.716270E-02   4.133690E-02   0.000000E+00   1.797693+308
     2506        773  -5.593080E-02  -3.061240E-02   6.113890E-02   8.726870E-01   1.797693+308
     2513        774  -5.593080E-02  -2.782930E-02   6.031460E-02   3.391001E-06   1.797693+308
     2091        775  -5.593080E-02  -2.504610E-02   5.949030E-02   0.000000E+00   1.797693+308
     7234        776  -5.593080E-02  -2.226300E-02   5.866600E-02   0.000000E+00   1.797693+308
    13284        777  -5.593080E-02  -1.947990E-02   5.784170E-02   0.000000E+00   1.797693+308
    18635        778  -5.593080E-02  -1.669670E-02   5.701730E-02   0.000000E+00   1.797693+308
     8394        779  -5.593080E-02  -1.391360E-02   5.619300E-02   0.000000E+00   1.797693+308
    20200        780  -5.593080E-02  -1.113050E-02   5.536870E-02   0.000000E+00   1.797693+308
     4629        781  -5.593080E-02  -8.347330E-03   5.454440E-02   0.000000E+00   1.797693+308
     6054        782  -5.593080E-02  -5.564190E-03   5.372010E-02   0.000000E+00   1.797693+308
     7449        783  -5.593080E-02  -2.781060E-03   5.289580E-02   0.000000E+00   1.797693+308
     3494        784  -5.593080E-02   2.069940E-06   5.207140E-02   0.000000E+00   1.797693+308
    10552        785  -5.593080E-02   2.785200E-03   5.124710E-02   0.000000E+00   1.797693+308
     6307        786  -5.593080E-02   5.568330E-03   5.042280E-02   0.000000E+00   1.797693+308
     6305        787  -5.593080E-02   8.351470E-03   4.959850E-02   0.000000E+00   1.797693+308
     6656        788  -5.593080E-02   1.113460E-02   4.877420E-02   0.000000E+00   1.797693+308
     6676        789  -5.593080E-02   1.391770E-02   4.794980E-02   0.000000E+00   1.797693+308
    18038        790  -5.593080E-02   1.670090E-02   4.712550E-02   0.000000E+00   1.797693+308
     6673        791  -5.593080E-02   1.948400E-02   4.630120E-02   0.000000E+00   1.797693+308
     8477        792  -5.593080E-02   2.226710E-02   4.547690E-02   0.000000E+00   1.797693+308
     9251        793  -4.339760E-02  -3.414080E-02   5.887260E-02   0.000000E+00   1.797693+308
     9247        794  -4.076660E-02  -3.446880E-02   5.751230E-02   0.000000E+00   1.797693+308
     5697        795  -3.813570E-02  -3.479690E-02   5.615190E-02   0.000000E+00   1.797693+308
     5500        796  -3.550470E-02  -3.512490E-02   5.479150E-02   0.000000E+00   1.797693+308
    12460        797  -3.287380E-02  -3.545290E-02   5.343110E-02   0.000000E+00   1.797693+308
    11925        798  -3.024280E-02  -3.578100E-02   5.207070E-02   0.000000E+00   1.797693+308
    11930        799  -2.761190E-02  -3.610900E-02   5.071030E-02   0.000000E+00   1.797693+308
     9238        800  -2.498100E-02  -3.643710E-02   4.935000E-02   0.000000E+00   1.797693+308
     5056        801  -4.573710E-02  -3.414080E-02   5.887260E-02   0.000000E+00   1.797693+308
     6435        802  -4.807670E-02  -3.414080E-02   5.887260E-02   0.000000E+00   1.797693+308
     4799        803  -5.041620E-02  -3.414080E-02   5.887260E-02   0.000000E+00   1.797693+308
     6258        804  -5.593080E-02  -3.018140E-02   7.529200E-02   0.000000E+00   1.797693+308
    18107        805  -5.593080E-02  -3.275270E-02   6.462900E-02   8.215812E-02   1.797693+308
     5039        806  -5.593080E-02  -3.210990E-02   6.729480E-02   1.752721E-06   1.797693+308
     4702        807  -5.593080E-02  -3.146710E-02   6.996050E-02   0.000000E+00   1.797693+308
    13407        808  -5.593080E-02  -3.082430E-02   7.262630E-02   0.000000E+00   1.797693+308
     4893        809  -6.355080E-02  -3.018140E-02   7.529200E-02   0.000000E+00   1.797693+308
     6254        810  -5.847080E-02  -3.018140E-02   7.529200E-02   0.000000E+00   1.797693+308
    13397        811  -6.101080E-02  -3.018140E-02   7.529200E-02   0.000000E+00   1.797693+308
     1500        812  -6.355080E-02  -3.335670E-02   6.212430E-02   1.159679E-05   1.797693+308
    19079        813  -6.355080E-02  -3.272160E-02   6.475780E-02   5.892304E-06   1.797693+308
     5035        814  -6.355080E-02  -3.208660E-02   6.739140E-02   0.000000E+00   1.797693+308
     5036        815  -6.355080E-02  -3.145150E-02   7.002490E-02   0.000000E+00   1.797693+308
    13402        816  -6.355080E-02  -3.081650E-02   7.265850E-02   0.000000E+00   1.797693+308
     4796        817  -6.964680E-02  -3.473700E-02   5.640020E-02   0.000000E+00   1.797693+308
     8369        818  -7.256780E-02  -3.473700E-02   5.640020E-02   0.000000E+00   1.797693+308
     4295        819  -7.548880E-02  -3.473700E-02   5.640020E-02   0.000000E+00   1.797693+308
     4781        820  -7.840980E-02  -3.473700E-02   5.640020E-02   0.000000E+00   1.797693+308
     1144        821  -8.450580E-02  -3.018140E-02   7.529200E-02   0.000000E+00   1.797693+308
     4459        822  -8.450580E-02  -3.081650E-02   7.265850E-02   0.000000E+00   1.797693+308
     4979        823  -8.450580E-02  -3.145150E-02   7.002490E-02   0.000000E+00   1.797693+308
     4971        824  -8.450580E-02  -3.208660E-02   6.739140E-02   0.000000E+00   1.797693+308
    17972        825  -8.450580E-02  -3.272160E-02   6.475780E-02   3.201421E-06   1.797693+308
      624        826  -8.450580E-02  -3.335670E-02   6.212430E-02   4.328872E-02   1.797693+308
     8838        827  -9.212580E-02  -3.018140E-02   7.529200E-02   0.000000E+00   1.797693+308
     1159        828  -8.704580E-02  -3.018140E-02   7.529200E-02   0.000000E+00   1.797693+308
     8833        829  -8.958580E-02  -3.018140E-02   7.529200E-02   0.000000E+00   1.797693+308
    17971        830  -9.212580E-02  -3.275270E-02   6.462900E-02   7.439993E-02   1.797693+308
     4852        831  -9.212580E-02  -3.210990E-02   6.729480E-02   1.575552E-06   1.797693+308
     4771        832  -9.212580E-02  -3.146710E-02   6.996050E-02   0.000000E+00   1.797693+308
    20163        833  -9.212580E-02  -3.082430E-02   7.262630E-02   0.000000E+00   1.797693+308
    17949        834  -1.042300E-01  -3.414080E-02   5.887260E-02   0.000000E+00   1.797693+308
     8809        835  -9.827720E-02  -3.414080E-02   5.887260E-02   0.000000E+00   1.797693+308
     8817        836  -1.012540E-01  -3.414080E-02   5.887260E-02   0.000000E+00   1.797693+308
     7092        837  -1.174380E-01  -3.639020E-02   4.954430E-02   0.000000E+00   1.797693+308
     7085        838  -1.152370E-01  -3.601530E-02   5.109900E-02   0.000000E+00   1.797693+308
    10992        839  -1.130360E-01  -3.564040E-02   5.265370E-02   0.000000E+00   1.797693+308
    10990        840  -1.108340E-01  -3.526550E-02   5.420850E-02   0.000000E+00   1.797693+308
     6319        841  -1.086330E-01  -3.489060E-02   5.576320E-02   0.000000E+00   1.797693+308
     6326        842  -1.064310E-01  -3.451570E-02   5.731790E-02   0.000000E+00   1.797693+308
    17518        843  -5.593080E-02   2.098370E-03   8.067760E-02   0.000000E+00   1.797693+308
     4919        844  -5.593080E-02   3.628500E-03   7.827600E-02   0.000000E+00   1.797693+308
     4906        845  -5.593080E-02   5.158620E-03   7.587430E-02   0.000000E+00   1.797693+308
     4870        846  -5.593080E-02   6.688750E-03   7.347260E-02   0.000000E+00   1.797693+308
    18027        847  -5.593080E-02   8.218870E-03   7.107090E-02   0.000000E+00   1.797693+308
     8430        848  -5.593080E-02   9.749000E-03   6.866930E-02   0.000000E+00   1.797693+308
     8105        849  -5.593080E-02   1.127910E-02   6.626760E-02   0.000000E+00   1.797693+308
     8108        850  -5.593080E-02   1.280930E-02   6.386590E-02   0.000000E+00   1.797693+308
     5052        851  -5.593080E-02   1.433940E-02   6.146430E-02   0.000000E+00   1.797693+308
     5053        852  -5.593080E-02   1.586950E-02   5.906260E-02   0.000000E+00   1.797693+308
     9234        853  -5.593080E-02   1.739960E-02   5.666090E-02   0.000000E+00   1.797693+308
     9236        854  -5.593080E-02   1.892980E-02   5.425930E-02   0.000000E+00   1.797693+308
     4695        855  -5.593080E-02   2.045990E-02   5.185760E-02   0.000000E+00   1.797693+308
    16780        856  -5.593080E-02   2.199000E-02   4.945590E-02   0.000000E+00   1.797693+308
    16783        857  -5.593080E-02   2.352010E-02   4.705420E-02   0.000000E+00   1.797693+308
     3913        858  -5.114650E-02   2.765060E-02   4.057100E-02   0.000000E+00   1.797693+308
     5013        859  -3.807320E-02   4.236440E-02   1.747650E-02   0.000000E+00   1.797693+308
     7288        860  -3.926170E-02   4.102680E-02   1.957600E-02   0.000000E+00   1.797693+308
     7286        861  -4.045020E-02   3.968920E-02   2.167550E-02   0.000000E+00   1.797693+308
     5552        862  -4.163860E-02   3.835160E-02   2.377500E-02   0.000000E+00   1.797693+308
     5554        863  -4.282710E-02   3.701390E-02   2.587450E-02   0.000000E+00   1.797693+308
    11891        864  -4.401560E-02   3.567630E-02   2.797400E-02   0.000000E+00   1.797693+308
    11881        865  -4.520410E-02   3.433870E-02   3.007350E-02   0.000000E+00   1.797693+308
     2362        866  -4.639260E-02   3.300110E-02   3.217300E-02   0.000000E+00   1.797693+308
     2358        867  -4.758110E-02   3.166350E-02   3.427250E-02   0.000000E+00   1.797693+308
     6022        868  -4.876960E-02   3.032590E-02   3.637200E-02   0.000000E+00   1.797693+308
    17692        869  -4.995810E-02   2.898830E-02   3.847150E-02   0.000000E+00   1.797693+308
     6860        870  -1.147320E-01   4.770890E-02   9.087830E-03   0.000000E+00   1.797693+308
     7297        871  -4.102160E-02   4.257000E-02   1.715380E-02   0.000000E+00   1.797693+308
     8462        872  -4.397000E-02   4.277550E-02   1.683120E-02   0.000000E+00   1.797693+308
     8468        873  -4.691840E-02   4.298110E-02   1.650860E-02   0.000000E+00   1.797693+308
     6152        874  -4.986690E-02   4.318660E-02   1.618590E-02   0.000000E+00   1.797693+308
     5981        875  -5.281530E-02   4.339220E-02   1.586330E-02   0.000000E+00   1.797693+308
     5979        876  -5.576370E-02   4.359770E-02   1.554060E-02   0.000000E+00   1.797693+308
     5986        877  -5.871210E-02   4.380330E-02   1.521800E-02   0.000000E+00   1.797693+308
     5986        878  -6.166050E-02   4.400890E-02   1.489540E-02   0.000000E+00   1.797693+308
     6225        879  -6.460890E-02   4.421440E-02   1.457270E-02   0.000000E+00   1.797693+308
     6226        880  -6.755740E-02   4.442000E-02   1.425010E-02   0.000000E+00   1.797693+308
     5755        881  -7.050580E-02   4.462550E-02   1.392740E-02   0.000000E+00   1.797693+308
     5756        882  -7.345420E-02   4.483110E-02   1.360480E-02   0.000000E+00   1.797693+308
     8932        883  -7.640260E-02   4.503660E-02   1.328220E-02   0.000000E+00   1.797693+308
     8923        884  -7.935100E-02   4.524220E-02   1.295950E-02   0.000000E+00   1.797693+308
     5917        885  -8.229950E-02   4.544780E-02   1.263690E-02   0.000000E+00   1.797693+308
     5908        886  -8.524790E-02   4.565330E-02   1.231420E-02   0.000000E+00   1.797693+308
     5909        887  -8.819630E-02   4.585890E-02   1.199160E-02   0.000000E+00   1.797693+308
     8734        888  -9.114470E-02   4.606440E-02   1.166900E-02   0.000000E+00   1.797693+308
     8739        889  -9.409310E-02   4.627000E-02   1.134630E-02   0.000000E+00   1.797693+308
     5171        890  -9.704150E-02   4.647550E-02   1.102370E-02   0.000000E+00   1.797693+308
     5404        891  -9.999000E-02   4.668110E-02   1.070100E-02   0.000000E+00   1.797693+308
     5402        892  -1.029380E-01   4.688670E-02   1.037840E-02   0.000000E+00   1.797693+308
     5406        893  -1.058870E-01   4.709220E-02   1.005580E-02   0.000000E+00   1.797693+308
     7265        894  -1.088350E-01   4.729780E-02   9.733110E-03   0.000000E+00   1.797693+308
    17849        895  -1.117840E-01   4.750330E-02   9.410470E-03   0.000000E+00   1.797693+308
    10732        896  -9.691010E-02   2.765060E-02   4.057100E-02   0.000000E+00   1.797693+308
      487        897  -9.818310E-02   2.908340E-02   3.832220E-02   0.000000E+00   1.797693+308
      485        898  -9.945610E-02   3.051610E-02   3.607340E-02   0.000000E+00   1.797693+308
      494        899  -1.007290E-01   3.194880E-02   3.382460E-02   0.000000E+00   1.797693+308
      806        900  -1.020020E-01   3.338160E-02   3.157580E-02   0.000000E+00   1.797693+308
     5814        901  -1.032750E-01   3.481430E-02   2.932700E-02   0.000000E+00   1.797693+308
    11646        902  -1.045480E-01   3.624700E-02   2.707820E-02   0.000000E+00   1.797693+308
    11644        903  -1.058210E-01   3.767980E-02   2.482940E-02   0.000000E+00   1.797693+308
     6924        904  -1.070940E-01   3.911250E-02   2.258060E-02   0.000000E+00   1.797693+308
     6926        905  -1.083670E-01   4.054520E-02   2.033180E-02   0.000000E+00   1.797693+308
    12063        906  -1.096400E-01   4.197800E-02   1.808300E-02   0.000000E+00   1.797693+308
    10922        907  -1.109130E-01   4.341070E-02   1.583420E-02   0.000000E+00   1.797693+308
     7267        908  -1.121860E-01   4.484340E-02   1.358540E-02   0.000000E+00   1.797693+308
     7269        909  -1.134590E-01   4.627610E-02   1.133660E-02   0.000000E+00   1.797693+308
     3875        910  -9.212580E-02   2.098370E-03   8.067760E-02   0.000000E+00   1.797693+308
    19266        911  -9.212580E-02   2.352010E-02   4.705420E-02   0.000000E+00   1.797693+308
    19266        912  -9.212580E-02   2.199000E-02   4.945590E-02   0.000000E+00   1.797693+308
     4899        913  -9.212580E-02   2.045990E-02   5.185760E-02   0.000000E+00   1.797693+308
     7773        914  -9.212580E-02   1.892980E-02   5.425930E-02   0.000000E+00   1.797693+308
     7771        915  -9.212580E-02   1.739960E-02   5.666090E-02   0.000000E+00   1.797693+308
    17541        916  -9.212580E-02   1.586950E-02   5.906260E-02   0.000000E+00   1.797693+308
     4754        917  -9.212580E-02   1.433940E-02   6.146430E-02   0.000000E+00   1.797693+308
     7500        918  -9.212580E-02   1.280930E-02   6.386590E-02   0.000000E+00   1.797693+308
     7500        919  -9.212580E-02   1.127910E-02   6.626760E-02   0.000000E+00   1.797693+308
     4745        920  -9.212580E-02   9.749000E-03   6.866930E-02   0.000000E+00   1.797693+308
     4867        921  -9.212580E-02   8.218870E-03   7.107090E-02   0.000000E+00   1.797693+308
     4738        922  -9.212580E-02   6.688750E-03   7.347260E-02   0.000000E+00   1.797693+308
    17914        923  -9.212580E-02   5.158620E-03   7.587430E-02   0.000000E+00   1.797693+308
     4739        924  -9.212580E-02   3.628500E-03   7.827600E-02   0.000000E+00   1.797693+308
     4963        925  -8.450580E-02   2.098370E-03   8.067760E-02   0.000000E+00   1.797693+308
     4994        926  -8.704580E-02   2.098370E-03   8.067760E-02   0.000000E+00   1.797693+308
     3877        927  -8.958580E-02   2.098370E-03   8.067760E-02   0.000000E+00   1.797693+308
     6644        928  -8.450580E-02   3.662880E-03   7.822200E-02   0.000000E+00   1.797693+308
     7470        929  -8.450580E-02   5.227390E-03   7.576630E-02   0.000000E+00   1.797693+308
     7478        930  -8.450580E-02   6.791910E-03   7.331070E-02   0.000000E+00   1.797693+308
     4868        931  -8.450580E-02   8.356420E-03   7.085510E-02   0.000000E+00   1.797693+308
     4803        932  -8.450580E-02   9.920930E-03   6.839940E-02   0.000000E+00   1.797693+308
     4803        933  -8.450580E-02   1.148540E-02   6.594380E-02   0.000000E+00   1.797693+308
     7490        934  -8.450580E-02   1.305000E-02   6.348810E-02   0.000000E+00   1.797693+308
     5131        935  -8.450580E-02   1.461450E-02   6.103250E-02   0.000000E+00   1.797693+308
    17539        936  -8.450580E-02   1.617900E-02   5.857680E-02   0.000000E+00   1.797693+308
     7779        937  -8.450580E-02   1.774350E-02   5.612120E-02   0.000000E+00   1.797693+308
     4998        938  -8.450580E-02   1.930800E-02   5.366560E-02   0.000000E+00   1.797693+308
     2784        939  -8.450580E-02   2.087250E-02   5.120990E-02   0.000000E+00   1.797693+308
     4935        940  -8.450580E-02   2.243700E-02   4.875430E-02   0.000000E+00   1.797693+308
     6333        941  -8.450580E-02   2.400150E-02   4.629860E-02   0.000000E+00   1.797693+308
     7207        942  -8.450580E-02   2.556600E-02   4.384300E-02   0.000000E+00   1.797693+308
     4347        943  -7.840980E-02   2.973090E-02   3.730580E-02   0.000000E+00   1.797693+308
    20150        944  -7.548880E-02   2.973090E-02   3.730580E-02   0.000000E+00   1.797693+308
     6427        945  -7.256780E-02   2.973090E-02   3.730580E-02   0.000000E+00   1.797693+308
     6424        946  -6.964680E-02   2.973090E-02   3.730580E-02   0.000000E+00   1.797693+308
     4905        947  -6.355080E-02   2.098370E-03   8.067760E-02   0.000000E+00   1.797693+308
     7213        948  -6.355080E-02   2.556600E-02   4.384300E-02   0.000000E+00   1.797693+308
     7218        949  -6.355080E-02   2.400150E-02   4.629860E-02   0.000000E+00   1.797693+308
     7218        950  -6.355080E-02   2.243700E-02   4.875430E-02   0.000000E+00   1.797693+308
     4694        951  -6.355080E-02   2.087250E-02   5.120990E-02   0.000000E+00   1.797693+308
    18115        952  -6.355080E-02   1.930800E-02   5.366560E-02   0.000000E+00   1.797693+308
    18119        953  -6.355080E-02   1.774350E-02   5.612120E-02   0.000000E+00   1.797693+308
     4788        954  -6.355080E-02   1.617900E-02   5.857680E-02   0.000000E+00   1.797693+308
     4920        955  -6.355080E-02   1.461450E-02   6.103250E-02   0.000000E+00   1.797693+308
    17992        956  -6.355080E-02   1.305000E-02   6.348810E-02   0.000000E+00   1.797693+308
     8102        957  -6.355080E-02   1.148540E-02   6.594380E-02   0.000000E+00   1.797693+308
    18030        958  -6.355080E-02   9.920930E-03   6.839940E-02   0.000000E+00   1.797693+308
     8433        959  -6.355080E-02   8.356420E-03   7.085510E-02   0.000000E+00   1.797693+308
     4782        960  -6.355080E-02   6.791910E-03   7.331070E-02   0.000000E+00   1.797693+308
     4800        961  -6.355080E-02   5.227390E-03   7.576630E-02   0.000000E+00   1.797693+308
     4904        962  -6.355080E-02   3.662880E-03   7.822200E-02   0.000000E+00   1.797693+308
     5083        963  -5.847080E-02   2.098370E-03   8.067760E-02   0.000000E+00   1.797693+308
     5086        964  -6.101080E-02   2.098370E-03   8.067760E-02   0.000000E+00   1.797693+308
     1155        965  -8.450580E-02  -2.924830E-02   7.810680E-02   0.000000E+00   1.797693+308
     4982        966  -8.450580E-02  -2.786030E-02   8.072740E-02   0.000000E+00   1.797693+308
     5252        967  -8.450580E-02  -2.605610E-02   8.308080E-02   0.000000E+00   1.797693+308
     5249        968  -8.450580E-02  -2.388580E-02   8.510160E-02   0.000000E+00   1.797693+308
     4983        969  -8.450580E-02  -2.140980E-02   8.673360E-02   0.000000E+00   1.797693+308
      357        970  -8.450580E-02  -1.869700E-02   8.793140E-02   0.000000E+00   1.797693+308
      352        971  -8.450580E-02  -1.582290E-02   8.866160E-02   0.000000E+00   1.797693+308
     4842        972  -8.450580E-02  -1.286730E-02   8.890400E-02   0.000000E+00   1.797693+308
     4863        973  -8.450580E-02  -9.912640E-03   8.865180E-02   0.000000E+00   1.797693+308
     6366        974  -8.450580E-02  -7.040950E-03   8.791200E-02   0.000000E+00   1.797693+308
     6366        975  -8.450580E-02  -4.332160E-03   8.670520E-02   0.000000E+00   1.797693+308
     1394        976  -8.450580E-02  -1.861620E-03   8.506500E-02   0.000000E+00   1.797693+308
    19598        977  -8.450580E-02   3.019550E-04   8.303700E-02   0.000000E+00   1.797693+308
    13955        978  -9.212580E-02  -2.924830E-02   7.810680E-02   0.000000E+00   1.797693+308
    13951        979  -9.212580E-02  -2.786030E-02   8.072740E-02   0.000000E+00   1.797693+308
    13959        980  -9.212580E-02  -2.605610E-02   8.308080E-02   0.000000E+00   1.797693+308
     7974        981  -9.212580E-02  -2.388580E-02   8.510160E-02   0.000000E+00   1.797693+308
     7424        982  -9.212580E-02  -2.140980E-02   8.673360E-02   0.000000E+00   1.797693+308
     5114        983  -9.212580E-02  -1.869700E-02   8.793140E-02   0.000000E+00   1.797693+308
     4864        984  -9.212580E-02  -1.582290E-02   8.866160E-02   0.000000E+00   1.797693+308
     7162        985  -9.212580E-02  -1.286730E-02   8.890400E-02   0.000000E+00   1.797693+308
     4775        986  -9.212580E-02  -9.912640E-03   8.865180E-02   0.000000E+00   1.797693+308
     5419        987  -9.212580E-02  -7.040950E-03   8.791200E-02   0.000000E+00   1.797693+308
     5419        988  -9.212580E-02  -4.332160E-03   8.670520E-02   0.000000E+00   1.797693+308
     4925        989  -9.212580E-02  -1.861620E-03   8.506500E-02   0.000000E+00   1.797693+308
     3874        990  -9.212580E-02   3.019550E-04   8.303700E-02   0.000000E+00   1.797693+308
    17905        991   1.524000E-02   3.235760E-05  -2.862600E-05   0.000000E+00   1.797693+308
     4749        992   1.524000E-02  -2.850420E-02   2.521700E-02   0.000000E+00   1.797693+308
     7442        993   1.524000E-02  -2.162760E-03   1.913340E-03   0.000000E+00   1.797693+308
     7444        994   1.524000E-02  -4.357880E-03   3.855310E-03   0.000000E+00   1.797693+308
    17999        995   1.524000E-02  -6.553000E-03   5.797280E-03   0.000000E+00   1.797693+308
     5018        996   1.524000E-02  -8.748120E-03   7.739250E-03   0.000000E+00   1.797693+308
     4750        997   1.524000E-02  -1.094320E-02   9.681220E-03   0.000000E+00   1.797693+308
     8161        998   1.524000E-02  -1.313840E-02   1.162320E-02   0.000000E+00   1.797693+308
     1093        999   1.524000E-02  -1.533350E-02   1.356520E-02   0.000000E+00   1.797693+308
     1093       1000   1.524000E-02  -1.752860E-02   1.550710E-02   0.000000E+00   1.797693+308
     1104       1001   1.524000E-02  -1.972370E-02   1.744910E-02   0.000000E+00   1.797693+308
     6043       1002   1.524000E-02  -2.191880E-02   1.939110E-02   0.000000E+00   1.797693+308
     6045       1003   1.524000E-02  -2.411390E-02   2.133300E-02   0.000000E+00   1.797693+308
     8232       1004   1.524000E-02  -2.630910E-02   2.327500E-02   0.000000E+00   1.797693+308
     8341       1005   1.524000E-02   1.544650E-02   1.739490E-02   0.000000E+00   1.797693+308
     8338       1006   1.524000E-02   1.351970E-02   1.521690E-02   0.000000E+00   1.797693+308
     5681       1007   1.524000E-02   1.159300E-02   1.303900E-02   0.000000E+00   1.797693+308
     9113       1008   1.524000E-02   9.666200E-03   1.086110E-02   0.000000E+00   1.797693+308
      423       1009   1.524000E-02   7.739430E-03   8.683120E-03   0.000000E+00   1.797693+308
      423       1010   1.524000E-02   5.812670E-03   6.505190E-03   0.000000E+00   1.797693+308
    19748       1011   1.524000E-02   3.885900E-03   4.327250E-03   0.000000E+00   1.797693+308
    19746       1012   1.524000E-02   1.959130E-03   2.149310E-03   0.000000E+00   1.797693+308
     1212       1013   1.524000E-02  -1.309000E-02   4.264050E-02   0.000000E+00   1.797693+308
     7606       1014   1.524000E-02  -1.089490E-02   4.069850E-02   0.000000E+00   1.797693+308
     7607       1015   1.524000E-02  -8.699790E-03   3.875650E-02   0.000000E+00   1.797693+308
     4916       1016   1.524000E-02  -6.504670E-03   3.681460E-02   0.000000E+00   1.797693+308
     5026       1017   1.524000E-02  -4.309550E-03   3.487260E-02   0.000000E+00   1.797693+308
     8556       1018   1.524000E-02  -2.114440E-03   3.293060E-02   0.000000E+00   1.797693+308
    17637       1019   1.524000E-02   8.068200E-05   3.098870E-02   0.000000E+00   1.797693+308
    17636       1020   1.524000E-02   2.275800E-03   2.904670E-02   0.000000E+00   1.797693+308
     6709       1021   1.524000E-02   4.470920E-03   2.710470E-02   0.000000E+00   1.797693+308
     2962       1022   1.524000E-02   6.666040E-03   2.516270E-02   0.000000E+00   1.797693+308
    19883       1023   1.524000E-02   8.861160E-03   2.322080E-02   0.000000E+00   1.797693+308
     4888       1024   1.524000E-02   1.105630E-02   2.127880E-02   0.000000E+00   1.797693+308
     8338       1025   1.524000E-02   1.325140E-02   1.933680E-02   0.000000E+00   1.797693+308
     7609       1026   1.524000E-02  -1.501680E-02   4.046250E-02   0.000000E+00   1.797693+308
     7855       1027   1.524000E-02  -1.694360E-02   3.828460E-02   0.000000E+00   1.797693+308
     7853       1028   1.524000E-02  -1.887030E-02   3.610670E-02   0.000000E+00   1.797693+308
    13467       1029   1.524000E-02  -2.079710E-02   3.392870E-02   0.000000E+00   1.797693+308
     6548       1030   1.524000E-02  -2.272390E-02   3.175080E-02   0.000000E+00   1.797693+308
     8239       1031   1.524000E-02  -2.465060E-02   2.957280E-02   0.000000E+00   1.797693+308
     4749       1032   1.524000E-02  -2.657740E-02   2.739490E-02   0.000000E+00   1.797693+308
    17737       1033  -5.593080E-02  -2.924830E-02   7.810680E-02   0.000000E+00   1.797693+308
     4718       1034  -5.593080E-02  -2.786030E-02   8.072740E-02   0.000000E+00   1.797693+308
     4718       1035  -5.593080E-02  -2.605610E-02   8.308080E-02   0.000000E+00   1.797693+308
     5040       1036  -5.593080E-02  -2.388580E-02   8.510160E-02   0.000000E+00   1.797693+308
      672       1037  -5.593080E-02  -2.140980E-02   8.673360E-02   0.000000E+00   1.797693+308
      677       1038  -5.593080E-02  -1.869700E-02   8.793140E-02   0.000000E+00   1.797693+308
     4387       1039  -5.593080E-02  -1.582290E-02   8.866160E-02   0.000000E+00   1.797693+308
      242       1040  -5.593080E-02  -1.286730E-02   8.890400E-02   0.000000E+00   1.797693+308
      232       1041  -5.593080E-02  -9.912640E-03   8.865180E-02   0.000000E+00   1.797693+308
     8408       1042  -5.593080E-02  -7.040950E-03   8.791200E-02   0.000000E+00   1.797693+308
     8408       1043  -5.593080E-02  -4.332160E-03   8.670520E-02   0.000000E+00   1.797693+308
     5049       1044  -5.593080E-02  -1.861620E-03   8.506500E-02   0.000000E+00   1.797693+308
     4918       1045  -5.593080E-02   3.019550E-04   8.303700E-02   0.000000E+00   1.797693+308
    17440       1046  -6.355080E-02   3.019550E-04   8.303700E-02   0.000000E+00   1.797693+308
     4741       1047  -6.355080E-02  -1.861620E-03   8.506500E-02   0.000000E+00   1.797693+308
     6613       1048  -6.355080E-02  -4.332160E-03   8.670520E-02   0.000000E+00   1.797693+308
    17821       1049  -6.355080E-02  -7.040950E-03   8.791200E-02   0.000000E+00   1.797693+308
     4993       1050  -6.355080E-02  -9.912640E-03   8.865180E-02   0.000000E+00   1.797693+308
    17514       1051  -6.355080E-02  -1.286730E-02   8.890400E-02   0.000000E+00   1.797693+308
     4908       1052  -6.355080E-02  -1.582290E-02   8.866160E-02   0.000000E+00   1.797693+308
    17633       1053  -6.355080E-02  -1.869700E-02   8.793140E-02   0.000000E+00   1.797693+308
     4726       1054  -6.355080E-02  -2.140980E-02   8.673360E-02   0.000000E+00   1.797693+308
    17478       1055  -6.355080E-02  -2.388580E-02   8.510160E-02   0.000000E+00   1.797693+308
     5038       1056  -6.355080E-02  -2.605610E-02   8.308080E-02   0.000000E+00   1.797693+308
     3805       1057  -6.355080E-02  -2.786030E-02   8.072740E-02   0.000000E+00   1.797693+308
    20066       1058  -6.355080E-02  -2.924830E-02   7.810680E-02   0.000000E+00   1.797693+308
     4212       1059  -1.057920E-02  -2.548770E-02   5.630970E-02   0.000000E+00   1.797693+308
     4728       1060  -4.066270E-02  -3.341970E-02   5.865910E-02   0.000000E+00   1.797693+308
     3781       1061  -3.792780E-02  -3.269860E-02   5.844550E-02   0.000000E+00   1.797693+308
     3792       1062  -3.519300E-02  -3.197750E-02   5.823190E-02   0.000000E+00   1.797693+308
     5501       1063  -3.245810E-02  -3.125640E-02   5.801830E-02   0.000000E+00   1.797693+308
     4901       1064  -2.972330E-02  -3.053530E-02   5.780480E-02   0.000000E+00   1.797693+308
     2252       1065  -2.698840E-02  -2.981420E-02   5.759120E-02   0.000000E+00   1.797693+308
     7391       1066  -2.425350E-02  -2.909310E-02   5.737760E-02   0.000000E+00   1.797693+308
     7394       1067  -2.151870E-02  -2.837200E-02   5.716400E-02   0.000000E+00   1.797693+308
     6303       1068  -1.878380E-02  -2.765100E-02   5.695050E-02   0.000000E+00   1.797693+308
     4140       1069  -1.604900E-02  -2.692990E-02   5.673690E-02   0.000000E+00   1.797693+308
     4141       1070  -1.331410E-02  -2.620880E-02   5.652330E-02   0.000000E+00   1.797693+308
     3921       1071  -4.938270E-02   2.534030E-02   4.125530E-02   0.000000E+00   1.797693+308
     3908       1072  -4.761890E-02   2.302990E-02   4.193960E-02   0.000000E+00   1.797693+308
    12766       1073  -4.585520E-02   2.071960E-02   4.262390E-02   0.000000E+00   1.797693+308
    12765       1074  -4.409140E-02   1.840920E-02   4.330820E-02   0.000000E+00   1.797693+308
     7253       1075  -4.232760E-02   1.609880E-02   4.399250E-02   0.000000E+00   1.797693+308
     7250       1076  -4.056380E-02   1.378850E-02   4.467680E-02   0.000000E+00   1.797693+308
     7255       1077  -3.880000E-02   1.147810E-02   4.536110E-02   0.000000E+00   1.797693+308
    14235       1078  -3.703620E-02   9.167740E-03   4.604540E-02   0.000000E+00   1.797693+308
     6663       1079  -3.527240E-02   6.857380E-03   4.672970E-02   0.000000E+00   1.797693+308
     1885       1080  -3.350860E-02   4.547020E-03   4.741400E-02   0.000000E+00   1.797693+308
    19665       1081  -3.174480E-02   2.236660E-03   4.809820E-02   0.000000E+00   1.797693+308
     2076       1082  -2.998100E-02  -7.370390E-05   4.878250E-02   0.000000E+00   1.797693+308
     7344       1083  -2.821720E-02  -2.384070E-03   4.946680E-02   0.000000E+00   1.797693+308
     7342       1084  -2.645340E-02  -4.694430E-03   5.015110E-02   0.000000E+00   1.797693+308
     9308       1085  -2.468960E-02  -7.004790E-03   5.083540E-02   0.000000E+00   1.797693+308
     9308       1086  -2.292580E-02  -9.315150E-03   5.151970E-02   0.000000E+00   1.797693+308
     9302       1087  -2.116200E-02  -1.162550E-02   5.220400E-02   0.000000E+00   1.797693+308
     9306       1088  -1.939820E-02  -1.393590E-02   5.288830E-02   0.000000E+00   1.797693+308
     6686       1089  -1.763440E-02  -1.624620E-02   5.357260E-02   0.000000E+00   1.797693+308
    16814       1090  -1.587060E-02  -1.855660E-02   5.425690E-02   0.000000E+00   1.797693+308
    16809       1091  -1.410680E-02  -2.086700E-02   5.494120E-02   0.000000E+00   1.797693+308
     1659       1092  -1.234300E-02  -2.317730E-02   5.562540E-02   0.000000E+00   1.797693+308
     4966       1093  -1.354890E-01  -2.288330E-02   5.553840E-02   0.000000E+00   1.797693+308
     6436       1094  -1.337350E-01  -2.058630E-02   5.485800E-02   0.000000E+00   1.797693+308
     8780       1095  -1.319820E-01  -1.828930E-02   5.417770E-02   0.000000E+00   1.797693+308
     8774       1096  -1.302280E-01  -1.599230E-02   5.349740E-02   0.000000E+00   1.797693+308
     8772       1097  -1.284750E-01  -1.369530E-02   5.281700E-02   0.000000E+00   1.797693+308
    10427       1098  -1.267210E-01  -1.139830E-02   5.213670E-02   0.000000E+00   1.797693+308
    10425       1099  -1.249680E-01  -9.101290E-03   5.145640E-02   0.000000E+00   1.797693+308
     5730       1100  -1.232140E-01  -6.804300E-03   5.077600E-02   0.000000E+00   1.797693+308
     5732       1101  -1.214600E-01  -4.507300E-03   5.009570E-02   0.000000E+00   1.797693+308
     5735       1102  -1.197070E-01  -2.210310E-03   4.941540E-02   0.000000E+00   1.797693+308
     5136       1103  -1.179530E-01   8.668810E-05   4.873500E-02   0.000000E+00   1.797693+308
     5139       1104  -1.162000E-01   2.383680E-03   4.805470E-02   0.000000E+00   1.797693+308
     5138       1105  -1.144460E-01   4.680680E-03   4.737440E-02   0.000000E+00   1.797693+308
     6773       1106  -1.126920E-01   6.977680E-03   4.669400E-02   0.000000E+00   1.797693+308
     3036       1107  -1.109390E-01   9.274670E-03   4.601370E-02   0.000000E+00   1.797693+308
     3028       1108  -1.091850E-01   1.157170E-02   4.533340E-02   0.000000E+00   1.797693+308
    16739       1109  -1.074320E-01   1.386870E-02   4.465300E-02   0.000000E+00   1.797693+308
     7195       1110  -1.056780E-01   1.616570E-02   4.397270E-02   0.000000E+00   1.797693+308
     7199       1111  -1.039240E-01   1.846270E-02   4.329240E-02   0.000000E+00   1.797693+308
    10746       1112  -1.021710E-01   2.075960E-02   4.261200E-02   0.000000E+00   1.797693+308
     8028       1113  -1.004170E-01   2.305660E-02   4.193170E-02   0.000000E+00   1.797693+308
    18351       1114  -9.866370E-02   2.535360E-02   4.125140E-02   0.000000E+00   1.797693+308
     6449       1115  -1.328840E-01  -2.382140E-02   5.581620E-02   0.000000E+00   1.797693+308
     4719       1116  -1.302790E-01  -2.475950E-02   5.609410E-02   0.000000E+00   1.797693+308
     7058       1117  -1.276740E-01  -2.569760E-02   5.637190E-02   0.000000E+00   1.797693+308
     7057       1118  -1.250690E-01  -2.663580E-02   5.664980E-02   0.000000E+00   1.797693+308
     7053       1119  -1.224650E-01  -2.757390E-02   5.692760E-02   0.000000E+00   1.797693+308
     7950       1120  -1.198600E-01  -2.851200E-02   5.720550E-02   0.000000E+00   1.797693+308
     7953       1121  -1.172550E-01  -2.945020E-02   5.748340E-02   0.000000E+00   1.797693+308
    14715       1122  -1.146500E-01  -3.038830E-02   5.776120E-02   0.000000E+00   1.797693+308
     6320       1123  -1.120450E-01  -3.132640E-02   5.803910E-02   0.000000E+00   1.797693+308
     6314       1124  -1.094400E-01  -3.226450E-02   5.831690E-02   0.000000E+00   1.797693+308
     6323       1125  -1.068350E-01  -3.320270E-02   5.859480E-02   0.000000E+00   1.797693+308
     5519       1126   3.685450E-03  -3.957980E-02   3.501530E-02   0.000000E+00   1.797693+308
    19222       1127   7.926190E-04  -4.011970E-02   3.549300E-02   0.000000E+00   1.797693+308
     4911       1128  -2.100210E-03  -4.065970E-02   3.597070E-02   0.000000E+00   1.797693+308
     5204       1129  -4.993040E-03  -4.119970E-02   3.644840E-02   0.000000E+00   1.797693+308
     8513       1130  -7.885870E-03  -4.173970E-02   3.692610E-02   0.000000E+00   1.797693+308
    17521       1131  -1.077870E-02  -4.227970E-02   3.740380E-02   0.000000E+00   1.797693+308
     4896       1132  -1.367150E-02  -4.281970E-02   3.788150E-02   0.000000E+00   1.797693+308
     7102       1133  -1.656440E-02  -4.335960E-02   3.835920E-02   0.000000E+00   1.797693+308
     7093       1134  -1.945720E-02  -4.389960E-02   3.883690E-02   0.000000E+00   1.797693+308
     7069       1135   3.685450E-03  -2.416560E-02   5.243880E-02   0.000000E+00   1.797693+308
     7063       1136   3.685450E-03  -2.609240E-02   5.026080E-02   0.000000E+00   1.797693+308
     5257       1137   3.685450E-03  -2.801910E-02   4.808290E-02   0.000000E+00   1.797693+308
    17788       1138   3.685450E-03  -2.994590E-02   4.590500E-02   0.000000E+00   1.797693+308
     4614       1139   3.685450E-03  -3.187270E-02   4.372700E-02   0.000000E+00   1.797693+308
     9280       1140   3.685450E-03  -3.379950E-02   4.154910E-02   0.000000E+00   1.797693+308
     9274       1141   3.685450E-03  -3.572620E-02   3.937110E-02   0.000000E+00   1.797693+308
    19222       1142   3.685450E-03  -3.765300E-02   3.719320E-02   0.000000E+00   1.797693+308
     5061       1143  -3.671900E-03  -2.553890E-02   5.365370E-02   0.000000E+00   1.797693+308
     7072       1144  -1.219450E-03  -2.508120E-02   5.324870E-02   0.000000E+00   1.797693+308
     7072       1145   1.233000E-03  -2.462340E-02   5.284380E-02   0.000000E+00   1.797693+308
     5051       1146  -1.002190E-02  -2.559690E-02   5.597670E-02   0.000000E+00   1.797693+308
     5183       1147  -8.009250E-03  -2.584120E-02   5.494350E-02   0.000000E+00   1.797693+308
     5058       1148  -5.871940E-03  -2.582110E-02   5.416230E-02   0.000000E+00   1.797693+308
     6269       1149  -1.632970E-01  -2.513690E-02   2.223800E-02   0.000000E+00   1.797693+308
     7676       1150  -1.632970E-01   1.386310E-02  -1.226430E-02   0.000000E+00   1.797693+308
     6264       1151  -1.632970E-01  -2.297020E-02   2.032120E-02   0.000000E+00   1.797693+308
     8571       1152  -1.632970E-01  -2.080350E-02   1.840440E-02   0.000000E+00   1.797693+308
     8567       1153  -1.632970E-01  -1.863690E-02   1.648760E-02   0.000000E+00   1.797693+308
     6081       1154  -1.632970E-01  -1.647020E-02   1.457080E-02   0.000000E+00   1.797693+308
     6077       1155  -1.632970E-01  -1.430360E-02   1.265400E-02   0.000000E+00   1.797693+308
     6077       1156  -1.632970E-01  -1.213690E-02   1.073720E-02   0.000000E+00   1.797693+308
     4924       1157  -1.632970E-01  -9.970230E-03   8.820420E-03   0.000000E+00   1.797693+308
     4708       1158  -1.632970E-01  -7.803560E-03   6.903630E-03   0.000000E+00   1.797693+308
     4923       1159  -1.632970E-01  -5.636900E-03   4.986830E-03   0.000000E+00   1.797693+308
     4922       1160  -1.632970E-01  -3.470240E-03   3.070040E-03   0.000000E+00   1.797693+308
    17567       1161  -1.632970E-01  -1.303580E-03   1.153240E-03   0.000000E+00   1.797693+308
     4809       1162  -1.632970E-01   8.630880E-04  -7.635530E-04   0.000000E+00   1.797693+308
     6815       1163  -1.632970E-01   3.029750E-03  -2.680350E-03   0.000000E+00   1.797693+308
     4929       1164  -1.632970E-01   5.196410E-03  -4.597140E-03   0.000000E+00   1.797693+308
     4760       1165  -1.632970E-01   7.363080E-03  -6.513940E-03   0.000000E+00   1.797693+308
     5706       1166  -1.632970E-01   9.529740E-03  -8.430730E-03   0.000000E+00   1.797693+308
     5704       1167  -1.632970E-01   1.169640E-02  -1.034750E-02   0.000000E+00   1.797693+308
     7988       1168  -1.632970E-01  -9.722720E-03   3.966150E-02   0.000000E+00   1.797693+308
     7985       1169  -1.632970E-01  -1.164950E-02   3.748360E-02   0.000000E+00   1.797693+308
     7646       1170  -1.632970E-01  -1.357630E-02   3.530560E-02   0.000000E+00   1.797693+308
    13155       1171  -1.632970E-01  -1.550300E-02   3.312770E-02   0.000000E+00   1.797693+308
    13155       1172  -1.632970E-01  -1.742980E-02   3.094970E-02   0.000000E+00   1.797693+308
     6521       1173  -1.632970E-01  -1.935660E-02   2.877180E-02   0.000000E+00   1.797693+308
     6262       1174  -1.632970E-01  -2.128330E-02   2.659390E-02   0.000000E+00   1.797693+308
     6264       1175  -1.632970E-01  -2.321010E-02   2.441590E-02   0.000000E+00   1.797693+308
     6122       1176  -1.632970E-01   2.927720E-02   5.159180E-03   0.000000E+00   1.797693+308
     6116       1177  -1.632970E-01   2.711060E-02   7.075970E-03   0.000000E+00   1.797693+308
     6110       1178  -1.632970E-01   2.494390E-02   8.992770E-03   0.000000E+00   1.797693+308
     4828       1179  -1.632970E-01   2.277720E-02   1.090960E-02   0.000000E+00   1.797693+308
     8643       1180  -1.632970E-01   2.061060E-02   1.282640E-02   0.000000E+00   1.797693+308
     8637       1181  -1.632970E-01   1.844390E-02   1.474320E-02   0.000000E+00   1.797693+308
     6752       1182  -1.632970E-01   1.627720E-02   1.665990E-02   0.000000E+00   1.797693+308
    17839       1183  -1.632970E-01   1.411060E-02   1.857670E-02   0.000000E+00   1.797693+308
     6949       1184  -1.632970E-01   1.194390E-02   2.049350E-02   0.000000E+00   1.797693+308
     6952       1185  -1.632970E-01   9.777250E-03   2.241030E-02   0.000000E+00   1.797693+308
     6959       1186  -1.632970E-01   7.610590E-03   2.432710E-02   0.000000E+00   1.797693+308
     4767       1187  -1.632970E-01   5.443930E-03   2.624390E-02   0.000000E+00   1.797693+308
     6125       1188  -1.632970E-01   3.277260E-03   2.816070E-02   0.000000E+00   1.797693+308
     5851       1189  -1.632970E-01   1.110600E-03   3.007750E-02   0.000000E+00   1.797693+308
     5853       1190  -1.632970E-01  -1.056060E-03   3.199430E-02   0.000000E+00   1.797693+308
     4820       1191  -1.632970E-01  -3.222730E-03   3.391110E-02   0.000000E+00   1.797693+308
     7993       1192  -1.632970E-01  -5.389390E-03   3.582790E-02   0.000000E+00   1.797693+308
     7988       1193  -1.632970E-01  -7.556050E-03   3.774470E-02   0.000000E+00   1.797693+308
     4819       1194  -1.632970E-01   2.735050E-02   2.981240E-03   0.000000E+00   1.797693+308
     7805       1195  -1.632970E-01   2.542370E-02   8.033020E-04   0.000000E+00   1.797693+308
     1341       1196  -1.632970E-01   2.349690E-02  -1.374640E-03   0.000000E+00   1.797693+308
     7828       1197  -1.632970E-01   2.157010E-02  -3.552570E-03   0.000000E+00   1.797693+308
     7822       1198  -1.632970E-01   1.964340E-02  -5.730510E-03   0.000000E+00   1.797693+308
     7822       1199  -1.632970E-01   1.771660E-02  -7.908450E-03   0.000000E+00   1.797693+308
     5707       1200  -1.632970E-01   1.578980E-02  -1.008640E-02   0.000000E+00   1.797693+308
     6913       1201  -1.461700E-01   2.518970E-02  -2.228470E-02   0.000000E+00   1.797693+308
    11571       1202   1.886180E-03   1.135900E-02  -1.004900E-02   0.000000E+00   1.797693+308
     6921       1203  -1.432090E-01   2.491310E-02  -2.204000E-02   0.000000E+00   1.797693+308
     8717       1204  -1.402480E-01   2.463640E-02  -2.179530E-02   0.000000E+00   1.797693+308
     8713       1205  -1.372870E-01   2.435980E-02  -2.155060E-02   0.000000E+00   1.797693+308
     4945       1206  -1.343260E-01   2.408320E-02  -2.130580E-02   0.000000E+00   1.797693+308
     7851       1207  -1.313650E-01   2.380660E-02  -2.106110E-02   0.000000E+00   1.797693+308
     4735       1208  -1.284040E-01   2.353000E-02  -2.081640E-02   0.000000E+00   1.797693+308
     1081       1209  -1.254420E-01   2.325340E-02  -2.057170E-02   0.000000E+00   1.797693+308
    19552       1210  -1.224810E-01   2.297680E-02  -2.032700E-02   0.000000E+00   1.797693+308
     4947       1211  -1.195200E-01   2.270010E-02  -2.008230E-02   0.000000E+00   1.797693+308
     7453       1212  -1.165590E-01   2.242350E-02  -1.983760E-02   0.000000E+00   1.797693+308
     7457       1213  -1.135980E-01   2.214690E-02  -1.959280E-02   0.000000E+00   1.797693+308
     4814       1214  -1.106370E-01   2.187030E-02  -1.934810E-02   0.000000E+00   1.797693+308
     5345       1215  -1.076760E-01   2.159370E-02  -1.910340E-02   0.000000E+00   1.797693+308
     5347       1216  -1.047150E-01   2.131710E-02  -1.885870E-02   0.000000E+00   1.797693+308
     4953       1217  -1.017530E-01   2.104050E-02  -1.861400E-02   0.000000E+00   1.797693+308
     4834       1218  -9.879230E-02   2.076380E-02  -1.836930E-02   0.000000E+00   1.797693+308
     4943       1219  -9.583120E-02   2.048720E-02  -1.812460E-02   0.000000E+00   1.797693+308
     4955       1220  -9.287000E-02   2.021060E-02  -1.787980E-02   0.000000E+00   1.797693+308
     6003       1221  -8.990890E-02   1.993400E-02  -1.763510E-02   0.000000E+00   1.797693+308
     6008       1222  -8.694780E-02   1.965740E-02  -1.739040E-02   0.000000E+00   1.797693+308
    12435       1223  -8.398660E-02   1.938080E-02  -1.714570E-02   0.000000E+00   1.797693+308
    12432       1224  -8.102550E-02   1.910420E-02  -1.690100E-02   0.000000E+00   1.797693+308
     4936       1225  -7.806440E-02   1.882750E-02  -1.665630E-02   0.000000E+00   1.797693+308
     1522       1226  -7.510330E-02   1.855090E-02  -1.641160E-02   0.000000E+00   1.797693+308
    19516       1227  -7.214210E-02   1.827430E-02  -1.616690E-02   0.000000E+00   1.797693+308
      829       1228  -6.918100E-02   1.799770E-02  -1.592210E-02   0.000000E+00   1.797693+308
      828       1229  -6.621990E-02   1.772110E-02  -1.567740E-02   0.000000E+00   1.797693+308
     4200       1230  -6.325870E-02   1.744450E-02  -1.543270E-02   0.000000E+00   1.797693+308
     2259       1231  -6.029760E-02   1.716790E-02  -1.518800E-02   0.000000E+00   1.797693+308
     4878       1232  -5.733650E-02   1.689120E-02  -1.494330E-02   0.000000E+00   1.797693+308
     4822       1233  -5.437530E-02   1.661460E-02  -1.469860E-02   0.000000E+00   1.797693+308
     4877       1234  -5.141420E-02   1.633800E-02  -1.445390E-02   0.000000E+00   1.797693+308
     4717       1235  -4.845310E-02   1.606140E-02  -1.420910E-02   0.000000E+00   1.797693+308
     5001       1236  -4.549190E-02   1.578480E-02  -1.396440E-02   0.000000E+00   1.797693+308
     6468       1237  -4.253080E-02   1.550820E-02  -1.371970E-02   0.000000E+00   1.797693+308
     5003       1238  -3.956970E-02   1.523160E-02  -1.347500E-02   0.000000E+00   1.797693+308
     5005       1239  -3.660850E-02   1.495490E-02  -1.323030E-02   0.000000E+00   1.797693+308
    17356       1240  -3.364740E-02   1.467830E-02  -1.298560E-02   0.000000E+00   1.797693+308
    13322       1241  -3.068630E-02   1.440170E-02  -1.274090E-02   0.000000E+00   1.797693+308
     4705       1242  -2.772510E-02   1.412510E-02  -1.249610E-02   0.000000E+00   1.797693+308
     7245       1243  -2.476400E-02   1.384850E-02  -1.225140E-02   0.000000E+00   1.797693+308
     5008       1244  -2.180290E-02   1.357190E-02  -1.200670E-02   0.000000E+00   1.797693+308
    18096       1245  -1.884170E-02   1.329530E-02  -1.176200E-02   0.000000E+00   1.797693+308
     8942       1246  -1.588060E-02   1.301860E-02  -1.151730E-02   0.000000E+00   1.797693+308
     8945       1247  -1.291950E-02   1.274200E-02  -1.127260E-02   0.000000E+00   1.797693+308
     4793       1248  -9.958350E-03   1.246540E-02  -1.102790E-02   0.000000E+00   1.797693+308
     4712       1249  -6.997220E-03   1.218880E-02  -1.078310E-02   0.000000E+00   1.797693+308
     4786       1250  -4.036080E-03   1.191220E-02  -1.053840E-02   0.000000E+00   1.797693+308
     5028       1251  -1.074950E-03   1.163560E-02  -1.029370E-02   0.000000E+00   1.797693+308
     5722       1252  -1.461700E-01   4.060380E-02  -4.861200E-03   0.000000E+00   1.797693+308
     3942       1253  -1.461700E-01   3.867710E-02  -7.039140E-03   0.000000E+00   1.797693+308
     3955       1254  -1.461700E-01   3.675030E-02  -9.217070E-03   0.000000E+00   1.797693+308
     2878       1255  -1.461700E-01   3.482350E-02  -1.139500E-02   0.000000E+00   1.797693+308
     7794       1256  -1.461700E-01   3.289670E-02  -1.357290E-02   0.000000E+00   1.797693+308
    17446       1257  -1.461700E-01   3.097000E-02  -1.575090E-02   0.000000E+00   1.797693+308
    18668       1258  -1.461700E-01   2.904320E-02  -1.792880E-02   0.000000E+00   1.797693+308
    18666       1259  -1.461700E-01   2.711640E-02  -2.010680E-02   0.000000E+00   1.797693+308
     4940       1260  -1.443850E-01   4.043700E-02  -4.713620E-03   0.000000E+00   1.797693+308
     4734       1261  -1.380350E-01   4.097120E-02  -2.914480E-03   0.000000E+00   1.797693+308
     4829       1262  -1.400430E-01   4.053980E-02  -3.780200E-03   0.000000E+00   1.797693+308
     6142       1263  -1.421810E-01   4.036010E-02  -4.385740E-03   0.000000E+00   1.797693+308
    17847       1264  -1.170620E-01   4.703510E-02   7.887600E-03   0.000000E+00   1.797693+308
    19836       1265  -1.193930E-01   4.636130E-02   6.687370E-03   0.000000E+00   1.797693+308
     2681       1266  -1.217230E-01   4.568760E-02   5.487140E-03   0.000000E+00   1.797693+308
     4723       1267  -1.240530E-01   4.501380E-02   4.286910E-03   0.000000E+00   1.797693+308
     4951       1268  -1.263830E-01   4.434010E-02   3.086670E-03   0.000000E+00   1.797693+308
     4950       1269  -1.287140E-01   4.366630E-02   1.886440E-03   0.000000E+00   1.797693+308
     4691       1270  -1.310440E-01   4.299250E-02   6.862100E-04   0.000000E+00   1.797693+308
     4691       1271  -1.333740E-01   4.231880E-02  -5.140210E-04   0.000000E+00   1.797693+308
     4693       1272  -1.357040E-01   4.164500E-02  -1.714250E-03   0.000000E+00   1.797693+308
     3835       1273  -1.002190E-02   2.901290E-02   7.664750E-03   0.000000E+00   1.797693+308
     3840       1274  -1.257200E-02   3.022670E-02   8.556730E-03   0.000000E+00   1.797693+308
     4999       1275  -1.512210E-02   3.144050E-02   9.448700E-03   0.000000E+00   1.797693+308
     5010       1276  -1.767230E-02   3.265420E-02   1.034070E-02   0.000000E+00   1.797693+308
    17549       1277  -2.022240E-02   3.386800E-02   1.123270E-02   0.000000E+00   1.797693+308
    17547       1278  -2.277250E-02   3.508180E-02   1.212460E-02   0.000000E+00   1.797693+308
     5017       1279  -2.532260E-02   3.629550E-02   1.301660E-02   0.000000E+00   1.797693+308
     4872       1280  -2.787270E-02   3.750930E-02   1.390860E-02   0.000000E+00   1.797693+308
     4880       1281  -3.042280E-02   3.872310E-02   1.480060E-02   0.000000E+00   1.797693+308
     4707       1282  -3.297300E-02   3.993690E-02   1.569250E-02   0.000000E+00   1.797693+308
     8955       1283  -3.552310E-02   4.115060E-02   1.658450E-02   0.000000E+00   1.797693+308
    17995       1284  -3.671900E-03   2.729230E-02   6.915170E-03   0.000000E+00   1.797693+308
     5029       1285  -5.875540E-03   2.762710E-02   6.878820E-03   0.000000E+00   1.797693+308
     2852       1286  -8.013480E-03   2.820630E-02   7.131000E-03   0.000000E+00   1.797693+308
     5575       1287   1.886180E-03   2.677310E-02   7.374500E-03   0.000000E+00   1.797693+308
     8141       1288  -8.928620E-04   2.703270E-02   7.144830E-03   0.000000E+00   1.797693+308
     8153       1289   1.886180E-03   2.484630E-02   5.196560E-03   0.000000E+00   1.797693+308
     7279       1290   1.886180E-03   2.291960E-02   3.018620E-03   0.000000E+00   1.797693+308
     7284       1291   1.886180E-03   2.099280E-02   8.406850E-04   0.000000E+00   1.797693+308
      856       1292   1.886180E-03   1.906600E-02  -1.337250E-03   0.000000E+00   1.797693+308
      852       1293   1.886180E-03   1.713930E-02  -3.515190E-03   0.000000E+00   1.797693+308
     5873       1294   1.886180E-03   1.521250E-02  -5.693130E-03   0.000000E+00   1.797693+308
     5872       1295   1.886180E-03   1.328570E-02  -7.871060E-03   0.000000E+00   1.797693+308
    17863       1296  -1.529680E-01  -3.594230E-02   3.179730E-02   0.000000E+00   1.797693+308
    18054       1297  -1.224170E-01  -4.373150E-02   3.868820E-02   0.000000E+00   1.797693+308
    20018       1298  -1.251940E-01  -4.302340E-02   3.806180E-02   0.000000E+00   1.797693+308
     3519       1299  -1.279720E-01  -4.231530E-02   3.743530E-02   0.000000E+00   1.797693+308
     3513       1300  -1.307490E-01  -4.160720E-02   3.680890E-02   0.000000E+00   1.797693+308
     4838       1301  -1.335260E-01  -4.089910E-02   3.618240E-02   0.000000E+00   1.797693+308
     4962       1302  -1.363040E-01  -4.019100E-02   3.555600E-02   0.000000E+00   1.797693+308
     6065       1303  -1.390810E-01  -3.948290E-02   3.492950E-02   0.000000E+00   1.797693+308
     6069       1304  -1.418580E-01  -3.877480E-02   3.430310E-02   0.000000E+00   1.797693+308
     7895       1305  -1.446360E-01  -3.806660E-02   3.367670E-02   0.000000E+00   1.797693+308
     7002       1306  -1.474130E-01  -3.735850E-02   3.305020E-02   0.000000E+00   1.797693+308
     6993       1307  -1.501900E-01  -3.665040E-02   3.242380E-02   0.000000E+00   1.797693+308
    17614       1308  -1.380350E-01  -2.320810E-02   5.386340E-02   0.000000E+00   1.797693+308
     4783       1309  -1.367620E-01  -2.304570E-02   5.470090E-02   0.000000E+00   1.797693+308
     4865       1310  -1.443850E-01  -2.271650E-02   5.115680E-02   0.000000E+00   1.797693+308
     3697       1311  -1.421880E-01  -2.314830E-02   5.179690E-02   0.000000E+00   1.797693+308
    20046       1312  -1.400520E-01  -2.331490E-02   5.270630E-02   0.000000E+00   1.797693+308
     5776       1313  -1.529680E-01  -2.052820E-02   4.922080E-02   0.000000E+00   1.797693+308
     8802       1314  -1.508220E-01  -2.107530E-02   4.970480E-02   0.000000E+00   1.797693+308
     4964       1315  -1.486760E-01  -2.162230E-02   5.018880E-02   0.000000E+00   1.797693+308
     4964       1316  -1.465300E-01  -2.216940E-02   5.067280E-02   0.000000E+00   1.797693+308
     5775       1317  -1.529680E-01  -2.245490E-02   4.704290E-02   0.000000E+00   1.797693+308
    19920       1318  -1.529680E-01  -2.438170E-02   4.486490E-02   0.000000E+00   1.797693+308
     7131       1319  -1.529680E-01  -2.630850E-02   4.268700E-02   0.000000E+00   1.797693+308
     7129       1320  -1.529680E-01  -2.823530E-02   4.050910E-02   0.000000E+00   1.797693+308
    17868       1321  -1.529680E-01  -3.016200E-02   3.833110E-02   0.000000E+00   1.797693+308
     6998       1322  -1.529680E-01  -3.208880E-02   3.615320E-02   0.000000E+00   1.797693+308
    17863       1323  -1.529680E-01  -3.401560E-02   3.397530E-02   0.000000E+00   1.797693+308
     5065       1324  -3.671900E-03  -2.219490E-02   5.069530E-02   0.000000E+00   1.797693+308
     5061       1325  -3.671900E-03  -2.386690E-02   5.217450E-02   0.000000E+00   1.797693+308
    19253       1326  -1.002190E-02  -1.667300E-02   4.808190E-02   0.000000E+00   1.797693+308
     7623       1327  -1.002190E-02  -1.890390E-02   5.005560E-02   0.000000E+00   1.797693+308
    16808       1328  -1.002190E-02  -2.113490E-02   5.202930E-02   0.000000E+00   1.797693+308
     3445       1329  -1.002190E-02  -2.336590E-02   5.400300E-02   0.000000E+00   1.797693+308
     4890       1330  -1.002190E-02   1.194520E-02   2.276410E-02   0.000000E+00   1.797693+308
     5992       1331  -1.002190E-02   9.795910E-03   2.466560E-02   0.000000E+00   1.797693+308
     5991       1332  -1.002190E-02   7.646590E-03   2.656700E-02   0.000000E+00   1.797693+308
    11499       1333  -1.002190E-02   5.497270E-03   2.846850E-02   0.000000E+00   1.797693+308
    10858       1334  -1.002190E-02   3.347940E-03   3.036990E-02   0.000000E+00   1.797693+308
    10860       1335  -1.002190E-02   1.198620E-03   3.227140E-02   0.000000E+00   1.797693+308
    17924       1336  -1.002190E-02  -9.507020E-04   3.417280E-02   0.000000E+00   1.797693+308
    17485       1337  -1.002190E-02  -3.100020E-03   3.607430E-02   0.000000E+00   1.797693+308
     8548       1338  -1.002190E-02  -5.249350E-03   3.797570E-02   0.000000E+00   1.797693+308
     4914       1339  -1.002190E-02  -7.398670E-03   3.987720E-02   0.000000E+00   1.797693+308
     2846       1340  -1.002190E-02   2.700800E-02   9.438410E-03   0.000000E+00   1.797693+308
     9094       1341  -1.002190E-02   2.500320E-02   1.121210E-02   0.000000E+00   1.797693+308
     9096       1342  -1.002190E-02   2.299830E-02   1.298570E-02   0.000000E+00   1.797693+308
     8201       1343  -1.002190E-02   2.099340E-02   1.475940E-02   0.000000E+00   1.797693+308
     4709       1344  -3.671900E-03   6.051470E-03   2.570640E-02   0.000000E+00   1.797693+308
    14538       1345  -3.671900E-03   4.089240E-03   2.744240E-02   0.000000E+00   1.797693+308
    18333       1346  -3.671900E-03   2.127000E-03   2.917830E-02   0.000000E+00   1.797693+308
     7586       1347  -3.671900E-03   1.647660E-04   3.091430E-02   0.000000E+00   1.797693+308
     4264       1348  -3.671900E-03  -1.797470E-03   3.265020E-02   0.000000E+00   1.797693+308
     4264       1349  -3.671900E-03  -3.759700E-03   3.438620E-02   0.000000E+00   1.797693+308
     9107       1350  -3.671900E-03   2.505350E-02   8.895830E-03   0.000000E+00   1.797693+308
      476       1351   6.405090E-03  -2.344740E-02   5.180330E-02   0.000000E+00   1.797693+308
      561       1352   8.895390E-03  -2.235820E-02   5.083980E-02   0.000000E+00   1.797693+308
     5610       1353   1.106720E-02  -2.093730E-02   4.958280E-02   0.000000E+00   1.797693+308
    17930       1354   1.284270E-02  -1.923540E-02   4.807710E-02   0.000000E+00   1.797693+308
     7592       1355   1.415840E-02  -1.731340E-02   4.637680E-02   0.000000E+00   1.797693+308
     1199       1356   1.496720E-02  -1.524020E-02   4.454270E-02   0.000000E+00   1.797693+308
     9134       1357   1.499150E-02   1.749940E-02   1.557870E-02   0.000000E+00   1.797693+308
     9130       1358   1.425400E-02   1.948540E-02   1.382170E-02   0.000000E+00   1.797693+308
     8962       1359   1.305170E-02   2.133970E-02   1.218130E-02   0.000000E+00   1.797693+308
     8317       1360   1.142370E-02   2.300170E-02   1.071100E-02   0.000000E+00   1.797693+308
     8316       1361   9.423160E-03   2.441740E-02   9.458560E-03   0.000000E+00   1.797693+308
    17630       1362   7.115280E-03   2.554050E-02   8.465000E-03   0.000000E+00   1.797693+308
     5565       1363   4.575340E-03   2.633430E-02   7.762680E-03   0.000000E+00   1.797693+308
     8599       1364  -1.380350E-01  -1.309690E-02   4.491830E-02   0.000000E+00   1.797693+308
     8596       1365  -1.380350E-01  -1.511910E-02   4.670730E-02   0.000000E+00   1.797693+308
    17653       1366  -1.380350E-01  -1.714140E-02   4.849630E-02   0.000000E+00   1.797693+308
    13259       1367  -1.380350E-01  -1.916360E-02   5.028540E-02   0.000000E+00   1.797693+308
     5457       1368  -1.380350E-01  -2.118580E-02   5.207440E-02   0.000000E+00   1.797693+308
    17575       1369  -1.443850E-01  -1.900920E-02   4.787700E-02   0.000000E+00   1.797693+308
     4865       1370  -1.443850E-01  -2.086280E-02   4.951690E-02   0.000000E+00   1.797693+308
     7844       1371  -1.380350E-01   2.579360E-02   1.051280E-02   0.000000E+00   1.797693+308
     6978       1372  -1.380350E-01   2.366200E-02   1.239860E-02   0.000000E+00   1.797693+308
    11046       1373  -1.380350E-01   2.153040E-02   1.428430E-02   0.000000E+00   1.797693+308
    11045       1374  -1.380350E-01   1.939880E-02   1.617010E-02   0.000000E+00   1.797693+308
    11048       1375  -1.380350E-01   1.726720E-02   1.805590E-02   0.000000E+00   1.797693+308
    11101       1376  -1.380350E-01   1.513550E-02   1.994170E-02   0.000000E+00   1.797693+308
    11105       1377  -1.380350E-01   1.300390E-02   2.182750E-02   0.000000E+00   1.797693+308
    11106       1378  -1.380350E-01   1.087230E-02   2.371330E-02   0.000000E+00   1.797693+308
    18589       1379  -1.380350E-01   8.740670E-03   2.559910E-02   0.000000E+00   1.797693+308
    19083       1380  -1.380350E-01   6.609050E-03   2.748490E-02   0.000000E+00   1.797693+308
     5462       1381  -1.380350E-01   4.477430E-03   2.937070E-02   0.000000E+00   1.797693+308
     5463       1382  -1.380350E-01   2.345810E-03   3.125650E-02   0.000000E+00   1.797693+308
    17422       1383  -1.380350E-01   2.141840E-04   3.314230E-02   0.000000E+00   1.797693+308
     7747       1384  -1.380350E-01  -1.917440E-03   3.502810E-02   0.000000E+00   1.797693+308
     7752       1385  -1.380350E-01  -4.049060E-03   3.691390E-02   0.000000E+00   1.797693+308
    19566       1386  -1.380350E-01   3.893320E-02  -1.111520E-03   0.000000E+00   1.797693+308
     1221       1387  -1.380350E-01   3.689520E-02   6.914410E-04   0.000000E+00   1.797693+308
    17559       1388  -1.380350E-01   3.485720E-02   2.494400E-03   0.000000E+00   1.797693+308
     6977       1389  -1.443850E-01   1.964450E-02   1.368100E-02   0.000000E+00   1.797693+308
      661       1390  -1.443850E-01   1.744460E-02   1.562720E-02   0.000000E+00   1.797693+308
     6790       1391  -1.443850E-01   1.524470E-02   1.757340E-02   0.000000E+00   1.797693+308
    16134       1392  -1.443850E-01   1.304480E-02   1.951960E-02   0.000000E+00   1.797693+308
    11100       1393  -1.443850E-01   1.084490E-02   2.146590E-02   0.000000E+00   1.797693+308
    18588       1394  -1.443850E-01   8.644940E-03   2.341210E-02   0.000000E+00   1.797693+308
    12634       1395  -1.443850E-01   6.445020E-03   2.535830E-02   0.000000E+00   1.797693+308
    12634       1396  -1.443850E-01   4.245110E-03   2.730450E-02   0.000000E+00   1.797693+308
     5464       1397  -1.443850E-01   2.045200E-03   2.925070E-02   0.000000E+00   1.797693+308
     8674       1398  -1.443850E-01  -1.547140E-04   3.119690E-02   0.000000E+00   1.797693+308
     6146       1399  -1.443850E-01   3.854120E-02  -3.036410E-03   0.000000E+00   1.797693+308
     5721       1400  -1.490350E-01   4.066800E-02  -4.918010E-03   0.000000E+00   1.797693+308
     7693       1401  -1.518650E-01   4.032950E-02  -4.618500E-03   0.000000E+00   1.797693+308
     7686       1402  -1.545600E-01   3.960010E-02  -3.973240E-03   0.000000E+00   1.797693+308
     6095       1403  -1.570250E-01   3.850570E-02  -3.005070E-03   0.000000E+00   1.797693+308
     6094       1404  -1.591730E-01   3.708500E-02  -1.748220E-03   0.000000E+00   1.797693+308
     6096       1405  -1.609280E-01   3.538830E-02  -2.471170E-04   0.000000E+00   1.797693+308
     6827       1406  -1.622280E-01   3.347540E-02   1.445150E-03   0.000000E+00   1.797693+308
     6828       1407  -1.630270E-01   3.141410E-02   3.268740E-03   0.000000E+00   1.797693+308
     7029       1408  -1.630570E-01  -1.173840E-02   4.144480E-02   0.000000E+00   1.797693+308
     1033       1409  -1.623460E-01  -1.369080E-02   4.317200E-02   0.000000E+00   1.797693+308
     5481       1410  -1.611860E-01  -1.551850E-02   4.478880E-02   0.000000E+00   1.797693+308
      924       1411  -1.596130E-01  -1.716390E-02   4.624450E-02   0.000000E+00   1.797693+308
      933       1412  -1.576770E-01  -1.857550E-02   4.749330E-02   0.000000E+00   1.797693+308
     5773       1413  -1.554380E-01  -1.970880E-02   4.849590E-02   0.000000E+00   1.797693+308
     4884       1414   1.496720E-02  -3.065440E-02   2.711920E-02   0.000000E+00   1.797693+308
     4807       1415   1.415840E-02  -3.272750E-02   2.895330E-02   0.000000E+00   1.797693+308
     7549       1416   1.284270E-02  -3.464950E-02   3.065360E-02   0.000000E+00   1.797693+308
     7544       1417   1.106720E-02  -3.635140E-02   3.215930E-02   0.000000E+00   1.797693+308
     7542       1418   8.895390E-03  -3.777240E-02   3.341630E-02   0.000000E+00   1.797693+308
     5521       1419   6.405090E-03  -3.886150E-02   3.437980E-02   0.000000E+00   1.797693+308
    11555       1420   4.575340E-03   1.092020E-02  -9.660820E-03   0.000000E+00   1.797693+308
     4792       1421   7.115280E-03   1.012630E-02  -8.958500E-03   0.000000E+00   1.797693+308
     9075       1422   9.423160E-03   9.003230E-03  -7.964940E-03   0.000000E+00   1.797693+308
     3454       1423   1.142370E-02   7.587580E-03  -6.712550E-03   0.000000E+00   1.797693+308
     3458       1424   1.305170E-02   5.925520E-03  -5.242170E-03   0.000000E+00   1.797693+308
     5559       1425   1.425400E-02   4.071270E-03  -3.601750E-03   0.000000E+00   1.797693+308
    17626       1426   1.499150E-02   2.085290E-03  -1.844810E-03   0.000000E+00   1.797693+308
     7671       1427  -1.630270E-01   1.599990E-02  -1.415480E-02   0.000000E+00   1.797693+308
     6971       1428  -1.622280E-01   1.806120E-02  -1.597840E-02   0.000000E+00   1.797693+308
     6960       1429  -1.609280E-01   1.997410E-02  -1.767060E-02   0.000000E+00   1.797693+308
    17412       1430  -1.591730E-01   2.167090E-02  -1.917170E-02   0.000000E+00   1.797693+308
     6801       1431  -1.570250E-01   2.309160E-02  -2.042860E-02   0.000000E+00   1.797693+308
     6796       1432  -1.545600E-01   2.418600E-02  -2.139670E-02   0.000000E+00   1.797693+308
     6806       1433  -1.518650E-01   2.491530E-02  -2.204200E-02   0.000000E+00   1.797693+308
     6917       1434  -1.490350E-01   2.525390E-02  -2.234150E-02   0.000000E+00   1.797693+308
    19499       1435  -1.554380E-01  -3.512290E-02   3.107240E-02   0.000000E+00   1.797693+308
      693       1436  -1.576770E-01  -3.398960E-02   3.006980E-02   0.000000E+00   1.797693+308
     5747       1437  -1.596130E-01  -3.257810E-02   2.882100E-02   0.000000E+00   1.797693+308
     5743       1438  -1.611860E-01  -3.093260E-02   2.736530E-02   0.000000E+00   1.797693+308
     5749       1439  -1.623460E-01  -2.910500E-02   2.574850E-02   0.000000E+00   1.797693+308
     6269       1440  -1.630570E-01  -2.715260E-02   2.402130E-02   0.000000E+00   1.797693+308
     4216       1441  -1.194670E-02  -2.584820E-02   5.641650E-02   0.000000E+00   1.797693+308
     4211       1442  -1.146110E-02  -2.433250E-02   5.596760E-02   0.000000E+00   1.797693+308
     5062       1443  -9.035160E-03  -2.575230E-02   5.542980E-02   0.000000E+00   1.797693+308
     4211       1444  -1.002190E-02  -2.448140E-02   5.498990E-02   0.000000E+00   1.797693+308
     5869       1445  -2.098560E-03   1.288510E-02   9.606050E-05   0.000000E+00   1.797693+308
     8274       1446   3.484330E-03   1.249070E-02   3.675470E-04   0.000000E+00   1.797693+308
     7326       1447   7.777860E-03   1.007640E-02   2.503540E-03   0.000000E+00   1.797693+308
     5562       1448   9.717980E-03   6.413060E-03   5.760640E-03   0.000000E+00   1.797693+308
     9041       1449   8.824510E-03   2.526320E-03   9.212590E-03   0.000000E+00   1.797693+308
    20188       1450   5.356300E-03  -4.483090E-04   1.185640E-02   0.000000E+00   1.797693+308
    13784       1451   3.200410E-04  -1.640210E-03   1.292050E-02   0.000000E+00   1.797693+308
    20287       1452  -4.817450E-03  -6.968760E-04   1.209550E-02   0.000000E+00   1.797693+308
     9003       1453  -8.298460E-03   1.830350E-03   9.790570E-03   0.000000E+00   1.797693+308
    11253       1454  -9.603080E-03   5.618530E-03   6.268390E-03   0.000000E+00   1.797693+308
    11232       1455  -8.284210E-03   9.544630E-03   2.986490E-03   0.000000E+00   1.797693+308
     9088       1456  -5.840540E-03   1.122240E-02   1.264210E-03   0.000000E+00   1.797693+308
    18503       1457  -2.098560E-03  -1.565150E-02   2.534170E-02   1.000000E+00   7.576020E+04
     8257       1458   3.484330E-03  -1.604580E-02   2.561310E-02   8.312036E-07   1.797693+308
     2927       1459   7.777860E-03  -1.846010E-02   2.774910E-02   0.000000E+00   1.797693+308
    17800       1460   9.717980E-03  -2.212350E-02   3.100620E-02   0.000000E+00   1.797693+308
    19623       1461   8.824510E-03  -2.601020E-02   3.445820E-02   0.000000E+00   1.797693+308
    19554       1462   5.356300E-03  -2.898480E-02   3.710200E-02   0.000000E+00   1.797693+308
     4599       1463   3.200410E-04  -3.017670E-02   3.816610E-02   0.000000E+00   1.797693+308
    12685       1464  -4.817450E-03  -2.923340E-02   3.734100E-02   1.000000E+00   1.800015E+04
    20263       1465  -8.298460E-03  -2.670620E-02   3.503620E-02   1.000000E+00   4.841879E+02
    12474       1466  -9.603080E-03  -2.291800E-02   3.151400E-02   1.000000E+00   1.172158E+02
    12474       1467  -8.284210E-03  -1.899190E-02   2.823210E-02   1.000000E+00   2.591760E+02
     3855       1468  -5.840540E-03  -1.731410E-02   2.650980E-02   1.000000E+00   2.162184E+03
    11429       1469  -1.459070E-01   1.237570E-02   4.225550E-04   0.000000E+00   1.797693+308
    14627       1470  -1.518390E-01   1.275430E-02   1.973600E-04   0.000000E+00   1.797693+308
    11581       1471  -1.558340E-01   1.508700E-02  -1.929190E-03   0.000000E+00   1.797693+308
     5098       1472  -1.577750E-01   1.876650E-02  -5.168120E-03   0.000000E+00   1.797693+308
     8626       1473  -1.568810E-01   2.266650E-02  -8.604990E-03   0.000000E+00   1.797693+308
    13585       1474  -1.534130E-01   2.565330E-02  -1.123510E-02   0.000000E+00   1.797693+308
     6936       1475  -1.483770E-01   2.685480E-02  -1.228830E-02   0.000000E+00   1.797693+308
     4116       1476  -1.432390E-01   2.592090E-02  -1.145260E-02   0.000000E+00   1.797693+308
     4127       1477  -1.399640E-01   2.339200E-02  -9.391400E-03   0.000000E+00   1.797693+308
    17935       1478  -1.382790E-01   1.946840E-02  -5.776510E-03   0.000000E+00   1.797693+308
     6086       1479  -1.398820E-01   1.563600E-02  -2.596030E-03   0.000000E+00   1.797693+308
     8673       1480  -1.432790E-01   1.317310E-02  -4.285130E-04   0.000000E+00   1.797693+308
    10778       1481  -1.459070E-01  -2.662420E-02   3.492490E-02   2.128043E-05   1.797693+308
     7042       1482  -1.518390E-01  -2.624560E-02   3.469970E-02   0.000000E+00   1.797693+308
     6770       1483  -1.558340E-01  -2.391290E-02   3.257310E-02   0.000000E+00   1.797693+308
     5313       1484  -1.577750E-01  -2.023350E-02   2.933420E-02   0.000000E+00   1.797693+308
     5323       1485  -1.568810E-01  -1.633340E-02   2.589730E-02   0.000000E+00   1.797693+308
    20257       1486  -1.534130E-01  -1.334660E-02   2.326720E-02   0.000000E+00   1.797693+308
     6180       1487  -1.483770E-01  -1.214520E-02   2.221400E-02   3.507818E-01   1.797693+308
    17660       1488  -1.432390E-01  -1.307900E-02   2.304970E-02   1.000000E+00   2.132152E+03
    10527       1489  -1.399640E-01  -1.560790E-02   2.511090E-02   1.000000E+00   7.124077E+01
    10527       1490  -1.382790E-01  -1.953160E-02   2.872580E-02   1.000000E+00   1.522922E+01
    11108       1491  -1.398820E-01  -2.336390E-02   3.190630E-02   1.000000E+00   4.219868E+01
    11113       1492  -1.432790E-01  -2.582680E-02   3.407380E-02   1.000000E+00   3.163721E+03
    17503       1493  -1.028250E-02   1.320700E-02   1.842990E-02   0.000000E+00   1.797693+308
    10893       1494  -1.037090E-02   1.626390E-02   1.553750E-02   0.000000E+00   1.797693+308
     6000       1495  -4.956910E-03   6.698410E-03   2.161140E-02   0.000000E+00   1.797693+308
     9105       1496  -4.956950E-03   2.063350E-02   9.283410E-03   0.000000E+00   1.797693+308
     4890       1497  -9.062080E-03   1.065690E-02   2.017230E-02   0.000000E+00   1.797693+308
     9098       1498  -8.083810E-03   1.850920E-02   1.071230E-02   0.000000E+00   1.797693+308
     5933       1499  -1.541190E-03   1.608490E-02   2.444110E-03   0.000000E+00   1.797693+308
     5363       1500   3.769240E-03   1.598900E-02   3.216550E-03   0.000000E+00   1.797693+308
    13793       1501   8.335330E-03   1.344880E-02   5.463790E-03   0.000000E+00   1.797693+308
    19599       1502   1.047450E-02   9.501530E-03   8.955860E-03   0.000000E+00   1.797693+308
     8335       1503   9.563890E-03   5.296420E-03   1.267600E-02   0.000000E+00   1.797693+308
    10636       1504   5.868650E-03   2.057860E-03   1.554110E-02   0.000000E+00   1.797693+308
    10647       1505   4.646910E-04   7.287940E-04   1.671690E-02   0.000000E+00   1.797693+308
     1982       1506  -4.131920E-03   1.755560E-03   1.661980E-02   0.000000E+00   1.797693+308
    19715       1507  -7.083680E-03   2.745120E-03   1.488390E-02   0.000000E+00   1.797693+308
    11206       1508  -1.021590E-02   6.670580E-03   1.146030E-02   0.000000E+00   1.797693+308
    17049       1509  -1.006650E-02   1.092710E-02   7.632450E-03   0.000000E+00   1.797693+308
     6514       1510  -6.746640E-03   1.432960E-02   3.974360E-03   0.000000E+00   1.797693+308
     8137       1511   6.009150E-04   2.159210E-02   8.524090E-03   0.000000E+00   1.797693+308
     8322       1512   6.332250E-03   2.011820E-02   1.002250E-02   0.000000E+00   1.797693+308
     8967       1513   9.806170E-03   1.669930E-02   1.304050E-02   0.000000E+00   1.797693+308
    17475       1514   1.038020E-02   1.242880E-02   1.681680E-02   0.000000E+00   1.797693+308
     4874       1515   7.903930E-03   8.561310E-03   2.020300E-02   0.000000E+00   1.797693+308
     5537       1516   4.133150E-04   5.469280E-03   2.207860E-02   0.000000E+00   1.797693+308
     5994       1517  -7.940390E-03   8.340740E-03   1.989100E-02   0.000000E+00   1.797693+308
     8204       1518  -9.715710E-03   1.678550E-02   1.280290E-02   0.000000E+00   1.797693+308
     8311       1519  -4.655450E-03   1.642410E-02   4.292180E-03   0.000000E+00   1.797693+308
      847       1520   7.231990E-04   1.702100E-02   3.368770E-03   0.000000E+00   1.797693+308
     8292       1521   6.108570E-03   1.560130E-02   4.670030E-03   0.000000E+00   1.797693+308
    13788       1522   9.682810E-03   1.228740E-02   7.601730E-03   0.000000E+00   1.797693+308
     9112       1523   1.043780E-02   8.065030E-03   1.133720E-02   0.000000E+00   1.797693+308
     3719       1524   8.153690E-03   4.163560E-03   1.478870E-02   0.000000E+00   1.797693+308
     6526       1525   3.495550E-03   1.718940E-03   1.695140E-02   0.000000E+00   1.797693+308
    11196       1526  -1.794300E-03   1.464250E-03   1.733150E-02   0.000000E+00   1.797693+308
     5918       1527  -8.632360E-03   4.812370E-03   1.456950E-02   0.000000E+00   1.797693+308
    18422       1528  -1.054070E-02   9.213460E-03   1.030080E-02   0.000000E+00   1.797693+308
     6512       1529  -8.789470E-03   1.374910E-02   6.759660E-03   0.000000E+00   1.797693+308
     8215       1530   4.130620E-03   5.763030E-03   2.115050E-02   0.000000E+00   1.797693+308
    12676       1531  -1.053670E-02   1.331530E-02   1.459680E-02   0.000000E+00   1.797693+308
     9100       1532  -5.709240E-03   1.838430E-02   7.407720E-03   0.000000E+00   1.797693+308
     5996       1533  -6.484690E-03   5.792570E-03   1.908970E-02   0.000000E+00   1.797693+308
    10594       1534  -9.906240E-03   1.059190E-02   1.740970E-02   0.000000E+00   1.797693+308
    10346       1535  -9.033420E-03   1.563920E-02   9.479360E-03   0.000000E+00   1.797693+308
     5958       1536  -2.139960E-03   1.831990E-02   5.130750E-03   0.000000E+00   1.797693+308
    13535       1537   1.547530E-03   1.838310E-02   5.043320E-03   0.000000E+00   1.797693+308
     6734       1538   4.630630E-03   1.767070E-02   5.682910E-03   0.000000E+00   1.797693+308
    19777       1539   7.083430E-03   1.642160E-02   6.780960E-03   0.000000E+00   1.797693+308
    19781       1540   8.914670E-03   1.480960E-02   8.250730E-03   0.000000E+00   1.797693+308
    13802       1541   1.011720E-02   1.279470E-02   9.996970E-03   0.000000E+00   1.797693+308
    17814       1542   1.053960E-02   1.073550E-02   1.187710E-02   0.000000E+00   1.797693+308
     5940       1543   1.019850E-02   8.591140E-03   1.373330E-02   0.000000E+00   1.797693+308
    17683       1544   9.114760E-03   6.587290E-03   1.543680E-02   0.000000E+00   1.797693+308
     3711       1545   7.495740E-03   5.011620E-03   1.685000E-02   0.000000E+00   1.797693+308
    17796       1546   5.424200E-03   3.846740E-03   1.798880E-02   0.000000E+00   1.797693+308
     6525       1547   2.754510E-03   3.453720E-03   1.925970E-02   0.000000E+00   1.797693+308
     5535       1548   2.378810E-04   2.887260E-03   1.916810E-02   0.000000E+00   1.797693+308
    11197       1549  -2.248290E-03   3.226330E-03   1.918940E-02   0.000000E+00   1.797693+308
    16195       1550  -5.513490E-03   3.491450E-03   1.750550E-02   0.000000E+00   1.797693+308
    10589       1551  -9.589960E-03   7.654870E-03   1.525630E-02   0.000000E+00   1.797693+308
    12673       1552  -1.032470E-02   8.912250E-03   1.328020E-02   0.000000E+00   1.797693+308
    18374       1553  -1.049670E-02   1.158490E-02   1.163870E-02   0.000000E+00   1.797693+308
    10350       1554  -7.521870E-03   1.608250E-02   7.033880E-03   0.000000E+00   1.797693+308
     8142       1555  -2.820340E-03   2.004250E-02   7.326640E-03   0.000000E+00   1.797693+308
     5577       1556   3.328540E-03   1.982340E-02   7.312900E-03   0.000000E+00   1.797693+308
     8325       1557   8.088140E-03   1.748530E-02   9.562700E-03   0.000000E+00   1.797693+308
     9125       1558   1.042790E-02   1.357350E-02   1.301850E-02   0.000000E+00   1.797693+308
     5031       1559   9.674640E-03   9.227350E-03   1.674620E-02   0.000000E+00   1.797693+308
     8219       1560   6.436280E-03   5.952250E-03   1.932680E-02   0.000000E+00   1.797693+308
     4687       1561  -3.405660E-03   4.766320E-03   2.044300E-02   0.000000E+00   1.797693+308
    16198       1562  -8.531170E-03   7.388820E-03   1.769590E-02   0.000000E+00   1.797693+308
    10892       1563  -1.010470E-02   1.430140E-02   1.163630E-02   0.000000E+00   1.797693+308
    16191       1564  -7.956150E-03   5.636790E-03   1.680720E-02   0.000000E+00   1.797693+308
     8139       1565  -2.572390E-05   1.981190E-02   6.486040E-03   0.000000E+00   1.797693+308
     6735       1566   5.864620E-03   1.855910E-02   7.759310E-03   0.000000E+00   1.797693+308
     8963       1567   9.597670E-03   1.526950E-02   1.068200E-02   0.000000E+00   1.797693+308
     8342       1568   1.044830E-02   1.092240E-02   1.445180E-02   0.000000E+00   1.797693+308
     8213       1569   8.259550E-03   6.988100E-03   1.778320E-02   0.000000E+00   1.797693+308
     8080       1570  -1.028250E-02  -1.532950E-02   4.367540E-02   0.000000E+00   1.797693+308
     7569       1571  -1.037090E-02  -1.227260E-02   4.078310E-02   0.000000E+00   1.797693+308
     1837       1572  -4.956910E-03  -2.183810E-02   4.685700E-02   0.000000E+00   1.797693+308
     8545       1573  -4.956950E-03  -7.903050E-03   3.452900E-02   0.000000E+00   1.797693+308
     7621       1574  -9.062080E-03  -1.787960E-02   4.541790E-02   0.000000E+00   1.797693+308
     4914       1575  -8.083810E-03  -1.002730E-02   3.595790E-02   0.000000E+00   1.797693+308
    17623       1576  -1.541190E-03  -1.245160E-02   2.768970E-02   0.000000E+00   1.797693+308
    12195       1577   3.769240E-03  -1.254750E-02   2.846210E-02   0.000000E+00   1.797693+308
    10944       1578   8.335330E-03  -1.508770E-02   3.070940E-02   0.000000E+00   1.797693+308
     2638       1579   1.047450E-02  -1.903500E-02   3.420150E-02   0.000000E+00   1.797693+308
     1791       1580   9.563890E-03  -2.324010E-02   3.792160E-02   0.000000E+00   1.797693+308
     7600       1581   5.868650E-03  -2.647870E-02   4.078670E-02   0.000000E+00   1.797693+308
     4615       1582   4.646910E-04  -2.780770E-02   4.196250E-02   0.000000E+00   1.797693+308
     9287       1583  -4.131920E-03  -2.678100E-02   4.186540E-02   0.000000E+00   1.797693+308
     9285       1584  -7.083680E-03  -2.579140E-02   4.012950E-02   0.000000E+00   1.797693+308
    12691       1585  -1.021590E-02  -2.186600E-02   3.670590E-02   0.000000E+00   1.797693+308
    11599       1586  -1.006650E-02  -1.760940E-02   3.287800E-02   0.000000E+00   1.797693+308
    12477       1587  -6.746640E-03  -1.420690E-02   2.922000E-02   0.000000E+00   1.797693+308
     6025       1588   6.009150E-04  -6.944450E-03   3.376970E-02   0.000000E+00   1.797693+308
     9048       1589   6.332250E-03  -8.418370E-03   3.526810E-02   0.000000E+00   1.797693+308
     9329       1590   9.806170E-03  -1.183720E-02   3.828610E-02   0.000000E+00   1.797693+308
     7587       1591   1.038020E-02  -1.610780E-02   4.206240E-02   0.000000E+00   1.797693+308
     5609       1592   7.887830E-03  -1.997220E-02   4.547950E-02   0.000000E+00   1.797693+308
     8527       1593   3.064070E-03  -2.232260E-02   4.749120E-02   0.000000E+00   1.797693+308
     1837       1594  -7.952860E-03  -2.020360E-02   4.510610E-02   0.000000E+00   1.797693+308
     7576       1595  -9.715710E-03  -1.175100E-02   3.804850E-02   0.000000E+00   1.797693+308
    14638       1596  -4.655450E-03  -1.211240E-02   2.953780E-02   0.000000E+00   1.797693+308
     5533       1597   7.231990E-04  -1.151550E-02   2.861440E-02   0.000000E+00   1.797693+308
    10942       1598   6.108570E-03  -1.293530E-02   2.991560E-02   0.000000E+00   1.797693+308
     6693       1599   9.682810E-03  -1.624910E-02   3.284730E-02   0.000000E+00   1.797693+308
     5512       1600   1.043780E-02  -2.047150E-02   3.658270E-02   0.000000E+00   1.797693+308
     1786       1601   8.153690E-03  -2.437300E-02   4.003430E-02   0.000000E+00   1.797693+308
     7597       1602   3.495550E-03  -2.681760E-02   4.219700E-02   0.000000E+00   1.797693+308
     6696       1603  -1.819050E-03  -2.706870E-02   4.257470E-02   0.000000E+00   1.797693+308
    12693       1604  -8.732350E-03  -2.375480E-02   3.956120E-02   0.000000E+00   1.797693+308
    11597       1605  -1.054070E-02  -1.932310E-02   3.554640E-02   0.000000E+00   1.797693+308
    12482       1606  -8.789470E-03  -1.478750E-02   3.200530E-02   0.000000E+00   1.797693+308
     5065       1607  -1.426220E-03  -2.312980E-02   4.711940E-02   0.000000E+00   1.797693+308
     5848       1608  -1.053670E-02  -1.522120E-02   3.984240E-02   0.000000E+00   1.797693+308
     8544       1609  -5.709240E-03  -1.015230E-02   3.265330E-02   0.000000E+00   1.797693+308
     9286       1610  -6.919600E-03  -2.263580E-02   4.391660E-02   0.000000E+00   1.797693+308
    10841       1611  -9.906240E-03  -1.794470E-02   4.265530E-02   0.000000E+00   1.797693+308
      513       1612  -9.033420E-03  -1.289740E-02   3.472490E-02   0.000000E+00   1.797693+308
    10857       1613  -2.139960E-03  -1.021660E-02   3.037630E-02   0.000000E+00   1.797693+308
    12471       1614   1.547530E-03  -1.015340E-02   3.028890E-02   0.000000E+00   1.797693+308
    10949       1615   4.630630E-03  -1.086580E-02   3.092850E-02   0.000000E+00   1.797693+308
    10949       1616   7.083430E-03  -1.211500E-02   3.202660E-02   0.000000E+00   1.797693+308
    13522       1617   8.914670E-03  -1.372700E-02   3.349630E-02   0.000000E+00   1.797693+308
     1801       1618   1.011720E-02  -1.574190E-02   3.524260E-02   0.000000E+00   1.797693+308
    13722       1619   1.053960E-02  -1.781020E-02   3.711150E-02   0.000000E+00   1.797693+308
     8399       1620   1.017910E-02  -2.000950E-02   3.901720E-02   0.000000E+00   1.797693+308
     9318       1621   9.092630E-03  -2.192260E-02   4.076970E-02   0.000000E+00   1.797693+308
     9311       1622   7.292650E-03  -2.364840E-02   4.225780E-02   0.000000E+00   1.797693+308
    18143       1623   5.022890E-03  -2.491630E-02   4.332400E-02   0.000000E+00   1.797693+308
     6495       1624   2.480820E-03  -2.567900E-02   4.393730E-02   0.000000E+00   1.797693+308
     6496       1625   9.799000E-05  -2.599260E-02   4.402900E-02   0.000000E+00   1.797693+308
     6486       1626  -2.486830E-03  -2.506350E-02   4.463090E-02   0.000000E+00   1.797693+308
    12689       1627  -9.589960E-03  -2.088170E-02   4.050190E-02   0.000000E+00   1.797693+308
     3192       1628  -1.032470E-02  -1.962430E-02   3.852580E-02   0.000000E+00   1.797693+308
     3186       1629  -1.049670E-02  -1.695160E-02   3.688430E-02   0.000000E+00   1.797693+308
    10544       1630  -7.521870E-03  -1.245410E-02   3.227950E-02   0.000000E+00   1.797693+308
     5067       1631  -2.820340E-03  -8.494040E-03   3.257220E-02   0.000000E+00   1.797693+308
     9051       1632   3.328540E-03  -8.713160E-03   3.255850E-02   0.000000E+00   1.797693+308
     9324       1633   8.088140E-03  -1.105130E-02   3.480830E-02   0.000000E+00   1.797693+308
     1810       1634   1.042790E-02  -1.496310E-02   3.826410E-02   0.000000E+00   1.797693+308
    17928       1635   9.697040E-03  -1.921410E-02   4.202060E-02   0.000000E+00   1.797693+308
      548       1636   6.126290E-03  -2.257370E-02   4.493160E-02   0.000000E+00   1.797693+308
     6487       1637   1.024040E-03  -2.419770E-02   4.598330E-02   0.000000E+00   1.797693+308
      522       1638  -1.010470E-02  -1.423510E-02   3.688190E-02   0.000000E+00   1.797693+308
    11912       1639  -2.572390E-05  -8.724620E-03   3.173160E-02   0.000000E+00   1.797693+308
    10946       1640   5.864620E-03  -9.977490E-03   3.300490E-02   0.000000E+00   1.797693+308
     5300       1641   9.597670E-03  -1.326700E-02   3.592760E-02   0.000000E+00   1.797693+308
    17926       1642   1.046220E-02  -1.749670E-02   3.966610E-02   0.000000E+00   1.797693+308
     5606       1643   8.177540E-03  -2.155520E-02   4.317530E-02   0.000000E+00   1.797693+308
     8526       1644   3.606080E-03  -2.406640E-02   4.524720E-02   0.000000E+00   1.797693+308
    10861       1645  -1.035270E-02  -1.811780E-02   4.001610E-02   0.000000E+00   1.797693+308
    17452       1646  -1.377740E-01   3.051280E-02   3.119820E-03   0.000000E+00   1.797693+308
    10792       1647  -1.376860E-01   2.726940E-02   5.801270E-03   0.000000E+00   1.797693+308
     1225       1648  -1.431000E-01   3.446420E-02  -2.952310E-03   0.000000E+00   1.797693+308
     6975       1649  -1.431000E-01   2.052910E-02   9.375720E-03   0.000000E+00   1.797693+308
    17559       1650  -1.389850E-01   3.252260E-02   7.905220E-04   0.000000E+00   1.797693+308
     7843       1651  -1.399600E-01   2.226270E-02   7.482340E-03   0.000000E+00   1.797693+308
    10812       1652  -1.465150E-01   1.429420E-02   4.025710E-03   0.000000E+00   1.797693+308
    11386       1653  -1.518260E-01   1.507380E-02   4.026190E-03   0.000000E+00   1.797693+308
    10807       1654  -1.563920E-01   1.761400E-02   1.778960E-03   0.000000E+00   1.797693+308
     1340       1655  -1.585310E-01   2.156130E-02  -1.713120E-03   0.000000E+00   1.797693+308
    13193       1656  -1.576200E-01   2.576640E-02  -5.433280E-03   0.000000E+00   1.797693+308
     3303       1657  -1.539250E-01   2.900500E-02  -8.298350E-03   0.000000E+00   1.797693+308
     5150       1658  -1.485210E-01   3.033400E-02  -9.474150E-03   0.000000E+00   1.797693+308
     7791       1659  -1.439250E-01   3.011250E-02  -8.466870E-03   0.000000E+00   1.797693+308
     5727       1660  -1.409730E-01   2.826890E-02  -7.696350E-03   0.000000E+00   1.797693+308
     6092       1661  -1.378410E-01   2.439220E-02  -4.217590E-03   0.000000E+00   1.797693+308
     1608       1662  -1.379900E-01   2.007390E-02  -4.595090E-04   0.000000E+00   1.797693+308
     3859       1663  -1.413100E-01   1.602830E-02   2.471590E-03   0.000000E+00   1.797693+308
     6210       1664  -1.543890E-01   2.130480E-02   8.930590E-03   0.000000E+00   1.797693+308
     6218       1665  -1.578630E-01   2.473780E-02   5.928980E-03   0.000000E+00   1.797693+308
    17731       1666  -1.584370E-01   2.900670E-02   2.150730E-03   0.000000E+00   1.797693+308
     6100       1667  -1.559440E-01   3.286940E-02  -1.268240E-03   0.000000E+00   1.797693+308
     7691       1668  -1.511210E-01   3.515270E-02  -3.355860E-03   0.000000E+00   1.797693+308
     1225       1669  -1.400950E-01   3.247800E-02  -1.584110E-03   0.000000E+00   1.797693+308
     7845       1670  -1.383410E-01   2.449160E-02   5.985580E-03   0.000000E+00   1.797693+308
    10810       1671  -1.433930E-01   1.612160E-02   4.620450E-03   0.000000E+00   1.797693+308
    10817       1672  -1.487800E-01   1.509910E-02   5.069070E-03   0.000000E+00   1.797693+308
    10804       1673  -1.541650E-01   1.656370E-02   3.818560E-03   0.000000E+00   1.797693+308
    12142       1674  -1.577390E-01   1.987760E-02   8.868620E-04   0.000000E+00   1.797693+308
     8699       1675  -1.584940E-01   2.410000E-02  -2.848560E-03   0.000000E+00   1.797693+308
     6903       1676  -1.562100E-01   2.800140E-02  -6.300100E-03   0.000000E+00   1.797693+308
     3314       1677  -1.515520E-01   3.044610E-02  -8.462800E-03   0.000000E+00   1.797693+308
     5148       1678  -1.462380E-01   3.085150E-02  -8.665970E-03   0.000000E+00   1.797693+308
     5725       1679  -1.393240E-01   2.745650E-02  -5.744250E-03   0.000000E+00   1.797693+308
    11471       1680  -1.375160E-01   2.293130E-02  -1.835060E-03   0.000000E+00   1.797693+308
     3869       1681  -1.392670E-01   1.886400E-02   2.235900E-03   0.000000E+00   1.797693+308
    17498       1682  -1.466300E-01   3.488210E-02  -4.202360E-03   0.000000E+00   1.797693+308
    11035       1683  -1.375310E-01   2.638330E-02   2.805270E-03   0.000000E+00   1.797693+308
     1326       1684  -1.424320E-01   1.895090E-02   7.006310E-03   0.000000E+00   1.797693+308
     1222       1685  -1.408280E-01   3.152750E-02  -3.811230E-03   0.000000E+00   1.797693+308
     5207       1686  -1.382000E-01   2.965940E-02   1.551900E-05   0.000000E+00   1.797693+308
    10800       1687  -1.390230E-01   2.133260E-02   4.442560E-03   0.000000E+00   1.797693+308
     7705       1688  -1.461230E-01   1.637940E-02   6.283730E-03   0.000000E+00   1.797693+308
     6229       1689  -1.496060E-01   1.681180E-02   6.869820E-03   0.000000E+00   1.797693+308
     6233       1690  -1.526890E-01   1.735610E-02   6.039650E-03   0.000000E+00   1.797693+308
    19797       1691  -1.551390E-01   1.855900E-02   4.892320E-03   0.000000E+00   1.797693+308
    11403       1692  -1.569700E-01   2.020860E-02   3.466410E-03   0.000000E+00   1.797693+308
     6138       1693  -1.581740E-01   2.219100E-02   1.681180E-03   0.000000E+00   1.797693+308
     6933       1694  -1.585960E-01   2.430000E-02  -1.428050E-04   0.000000E+00   1.797693+308
     8701       1695  -1.582360E-01   2.645980E-02  -2.093170E-03   0.000000E+00   1.797693+308
     8690       1696  -1.571490E-01   2.843260E-02  -3.778380E-03   0.000000E+00   1.797693+308
    19991       1697  -1.553490E-01   3.012000E-02  -5.309840E-03   0.000000E+00   1.797693+308
    19991       1698  -1.530790E-01   3.133290E-02  -6.438310E-03   0.000000E+00   1.797693+308
     1960       1699  -1.505370E-01   3.203460E-02  -7.120490E-03   0.000000E+00   1.797693+308
     8654       1700  -1.481550E-01   3.216380E-02  -7.420570E-03   0.000000E+00   1.797693+308
     7722       1701  -1.455700E-01   3.264790E-02  -6.425010E-03   0.000000E+00   1.797693+308
     3540       1702  -1.425430E-01   3.077990E-02  -6.635950E-03   0.000000E+00   1.797693+308
     1603       1703  -1.386580E-01   2.763570E-02  -3.835130E-03   0.000000E+00   1.797693+308
     1591       1704  -1.378250E-01   2.653270E-02  -1.702850E-03   0.000000E+00   1.797693+308
     1613       1705  -1.375590E-01   2.400520E-02   7.116370E-04   0.000000E+00   1.797693+308
    11039       1706  -1.381350E-01   2.166000E-02   1.986470E-03   0.000000E+00   1.797693+308
     1330       1707  -1.405350E-01   1.885130E-02   4.584400E-03   0.000000E+00   1.797693+308
      751       1708  -1.467200E-01   1.816090E-02   8.439120E-03   0.000000E+00   1.797693+308
     6242       1709  -1.511360E-01   1.870230E-02   8.485420E-03   0.000000E+00   1.797693+308
     6214       1710  -1.561380E-01   2.115890E-02   6.261880E-03   0.000000E+00   1.797693+308
     6115       1711  -1.584840E-01   2.509720E-02   2.823800E-03   0.000000E+00   1.797693+308
     6200       1712  -1.577540E-01   2.934390E-02  -9.374820E-04   0.000000E+00   1.797693+308
     6104       1713  -1.541830E-01   3.264280E-02  -3.917190E-03   0.000000E+00   1.797693+308
    13903       1714  -1.490810E-01   3.388470E-02  -5.400850E-03   0.000000E+00   1.797693+308
    10444       1715  -1.391350E-01   2.980700E-02  -2.649570E-03   0.000000E+00   1.797693+308
    18356       1716  -1.379520E-01   2.363650E-02   3.377760E-03   0.000000E+00   1.797693+308
     5726       1717  -1.399810E-01   2.953090E-02  -4.713180E-03   0.000000E+00   1.797693+308
     6243       1718  -1.539190E-01   1.926120E-02   7.124400E-03   0.000000E+00   1.797693+308
     6213       1719  -1.576530E-01   2.256480E-02   4.217820E-03   0.000000E+00   1.797693+308
     3739       1720  -1.585190E-01   2.679760E-02   4.799560E-04   0.000000E+00   1.797693+308
     3432       1721  -1.562340E-01   3.077540E-02  -3.120380E-03   0.000000E+00   1.797693+308
     7689       1722  -1.516630E-01   3.313800E-02  -5.360210E-03   0.000000E+00   1.797693+308
    17461       1723  -1.377740E-01  -8.487130E-03   3.762210E-02   0.000000E+00   1.797693+308
     7025       1724  -1.376860E-01  -1.173060E-02   4.030360E-02   0.000000E+00   1.797693+308
    10498       1725  -1.431000E-01  -4.535740E-03   3.155000E-02   0.000000E+00   1.797693+308
     5264       1726  -1.431000E-01  -1.847080E-02   4.387800E-02   0.000000E+00   1.797693+308
     7751       1727  -1.389850E-01  -6.477340E-03   3.529280E-02   0.000000E+00   1.797693+308
     5781       1728  -1.399600E-01  -1.673730E-02   4.198470E-02   0.000000E+00   1.797693+308
     7005       1729  -1.465150E-01  -2.470570E-02   3.852800E-02   0.000000E+00   1.797693+308
     7048       1730  -1.518260E-01  -2.392610E-02   3.852850E-02   0.000000E+00   1.797693+308
    13375       1731  -1.563920E-01  -2.138590E-02   3.628130E-02   0.000000E+00   1.797693+308
      992       1732  -1.585310E-01  -1.743860E-02   3.278920E-02   0.000000E+00   1.797693+308
     2154       1733  -1.576200E-01  -1.323350E-02   2.906900E-02   0.000000E+00   1.797693+308
     6082       1734  -1.539250E-01  -9.994980E-03   2.620400E-02   0.000000E+00   1.797693+308
    11024       1735  -1.485210E-01  -8.665910E-03   2.502820E-02   0.000000E+00   1.797693+308
     1062       1736  -1.439250E-01  -8.887440E-03   2.603540E-02   0.000000E+00   1.797693+308
    19148       1737  -1.409730E-01  -1.073110E-02   2.680600E-02   0.000000E+00   1.797693+308
     8665       1738  -1.378410E-01  -1.460770E-02   3.028470E-02   0.000000E+00   1.797693+308
    17127       1739  -1.379900E-01  -1.892600E-02   3.404280E-02   0.000000E+00   1.797693+308
    15160       1740  -1.413100E-01  -2.297160E-02   3.697390E-02   0.000000E+00   1.797693+308
     5482       1741  -1.543890E-01  -1.769510E-02   4.343290E-02   0.000000E+00   1.797693+308
     5479       1742  -1.578630E-01  -1.426210E-02   4.043130E-02   0.000000E+00   1.797693+308
    17866       1743  -1.584370E-01  -9.993260E-03   3.665300E-02   0.000000E+00   1.797693+308
     2725       1744  -1.559440E-01  -6.130500E-03   3.323410E-02   0.000000E+00   1.797693+308
     5431       1745  -1.511210E-01  -3.847240E-03   3.114650E-02   0.000000E+00   1.797693+308
     7745       1746  -1.400950E-01  -6.521940E-03   3.291820E-02   0.000000E+00   1.797693+308
    11618       1747  -1.383410E-01  -1.450840E-02   4.048790E-02   0.000000E+00   1.797693+308
    12222       1748  -1.433930E-01  -2.287830E-02   3.912280E-02   0.000000E+00   1.797693+308
     7009       1749  -1.487800E-01  -2.390090E-02   3.957140E-02   0.000000E+00   1.797693+308
     8759       1750  -1.541650E-01  -2.243620E-02   3.832090E-02   0.000000E+00   1.797693+308
     7878       1751  -1.577390E-01  -1.912230E-02   3.538920E-02   0.000000E+00   1.797693+308
    13150       1752  -1.584940E-01  -1.490000E-02   3.165380E-02   0.000000E+00   1.797693+308
     6085       1753  -1.562100E-01  -1.099850E-02   2.820220E-02   0.000000E+00   1.797693+308
    11027       1754  -1.515520E-01  -8.553890E-03   2.603950E-02   0.000000E+00   1.797693+308
    11414       1755  -1.462380E-01  -8.148400E-03   2.583630E-02   0.000000E+00   1.797693+308
     8664       1756  -1.393240E-01  -1.154340E-02   2.875810E-02   0.000000E+00   1.797693+308
    17123       1757  -1.375160E-01  -1.606860E-02   3.266730E-02   0.000000E+00   1.797693+308
    12128       1758  -1.392670E-01  -2.013600E-02   3.673820E-02   0.000000E+00   1.797693+308
     8676       1759  -1.466300E-01  -4.117820E-03   3.030000E-02   0.000000E+00   1.797693+308
     7018       1760  -1.375310E-01  -1.261670E-02   3.730760E-02   0.000000E+00   1.797693+308
     8745       1761  -1.424320E-01  -2.004900E-02   4.150860E-02   0.000000E+00   1.797693+308
    10516       1762  -1.408280E-01  -7.472460E-03   3.069110E-02   0.000000E+00   1.797693+308
     7741       1763  -1.382000E-01  -9.340580E-03   3.451780E-02   0.000000E+00   1.797693+308
    18540       1764  -1.390230E-01  -1.766740E-02   3.894490E-02   0.000000E+00   1.797693+308
     8748       1765  -1.461230E-01  -2.262050E-02   4.078600E-02   0.000000E+00   1.797693+308
    17880       1766  -1.496060E-01  -2.218810E-02   4.137210E-02   0.000000E+00   1.797693+308
     7132       1767  -1.526890E-01  -2.164380E-02   4.054200E-02   0.000000E+00   1.797693+308
    18647       1768  -1.551390E-01  -2.044090E-02   3.939460E-02   0.000000E+00   1.797693+308
    13383       1769  -1.569700E-01  -1.879140E-02   3.796870E-02   0.000000E+00   1.797693+308
     7875       1770  -1.581740E-01  -1.680890E-02   3.618350E-02   0.000000E+00   1.797693+308
     5493       1771  -1.585960E-01  -1.470000E-02   3.435950E-02   0.000000E+00   1.797693+308
     7887       1772  -1.582360E-01  -1.254010E-02   3.240910E-02   0.000000E+00   1.797693+308
    11073       1773  -1.571490E-01  -1.056740E-02   3.072390E-02   0.000000E+00   1.797693+308
     5430       1774  -1.553490E-01  -8.879950E-03   2.919250E-02   0.000000E+00   1.797693+308
     5428       1775  -1.530790E-01  -7.667060E-03   2.806400E-02   0.000000E+00   1.797693+308
    11020       1776  -1.505370E-01  -6.965330E-03   2.738180E-02   0.000000E+00   1.797693+308
    11026       1777  -1.481550E-01  -6.836090E-03   2.708170E-02   0.000000E+00   1.797693+308
    10496       1778  -1.455700E-01  -6.352000E-03   2.807730E-02   0.000000E+00   1.797693+308
    10493       1779  -1.425430E-01  -8.220050E-03   2.786640E-02   0.000000E+00   1.797693+308
    10519       1780  -1.386580E-01  -1.136420E-02   3.066720E-02   0.000000E+00   1.797693+308
    10524       1781  -1.378250E-01  -1.246730E-02   3.279950E-02   0.000000E+00   1.797693+308
    17133       1782  -1.375590E-01  -1.499470E-02   3.521390E-02   0.000000E+00   1.797693+308
    12127       1783  -1.381350E-01  -1.733990E-02   3.648880E-02   0.000000E+00   1.797693+308
    12216       1784  -1.405350E-01  -2.014870E-02   3.908670E-02   0.000000E+00   1.797693+308
     8750       1785  -1.467200E-01  -2.083910E-02   4.294140E-02   0.000000E+00   1.797693+308
     5769       1786  -1.511360E-01  -2.029770E-02   4.298770E-02   0.000000E+00   1.797693+308
     5480       1787  -1.561380E-01  -1.784100E-02   4.076420E-02   0.000000E+00   1.797693+308
     7028       1788  -1.584840E-01  -1.390280E-02   3.732610E-02   0.000000E+00   1.797693+308
     7656       1789  -1.577540E-01  -9.656010E-03   3.356480E-02   0.000000E+00   1.797693+308
     2718       1790  -1.541830E-01  -6.357110E-03   3.058510E-02   0.000000E+00   1.797693+308
    11989       1791  -1.490810E-01  -5.115250E-03   2.910150E-02   0.000000E+00   1.797693+308
    17322       1792  -1.391350E-01  -9.192970E-03   3.185270E-02   0.000000E+00   1.797693+308
    12788       1793  -1.379520E-01  -1.536340E-02   3.788010E-02   0.000000E+00   1.797693+308
    10515       1794  -1.399810E-01  -9.469080E-03   2.978910E-02   0.000000E+00   1.797693+308
     8782       1795  -1.539190E-01  -1.973870E-02   4.162670E-02   0.000000E+00   1.797693+308
     5485       1796  -1.576530E-01  -1.643510E-02   3.872010E-02   0.000000E+00   1.797693+308
    19252       1797  -1.585190E-01  -1.220240E-02   3.498230E-02   0.000000E+00   1.797693+308
    11079       1798  -1.562340E-01  -8.224500E-03   3.138190E-02   0.000000E+00   1.797693+308
    17600       1799  -1.516630E-01  -5.861900E-03   2.914210E-02   0.000000E+00   1.797693+308
     1221       1800  -1.406070E-01   3.788360E-02  -1.687080E-03   0.000000E+00   1.797693+308
     6977       1801  -1.402890E-01   2.078060E-02   1.358190E-02   0.000000E+00   1.797693+308
      661       1802  -1.407190E-01   1.675400E-02   1.696000E-02   0.000000E+00   1.797693+308
    11106       1803  -1.409150E-01   1.278550E-02   2.039410E-02   0.000000E+00   1.797693+308
    18589       1804  -1.409150E-01   8.522210E-03   2.416570E-02   0.000000E+00   1.797693+308
     5464       1805  -1.410270E-01   4.066190E-03   2.806610E-02   0.000000E+00   1.797693+308
     4818       1806  -1.406740E-01   2.773680E-04   3.155440E-02   0.000000E+00   1.797693+308
      661       1807  -1.415290E-01   1.869300E-02   1.495710E-02   0.000000E+00   1.797693+308
     5784       1808  -1.408900E-01  -1.941400E-02   4.888950E-02   0.000000E+00   1.797693+308
     9096       1809  -7.799030E-03   2.507950E-02   9.793120E-03   0.000000E+00   1.797693+308
    14538       1810  -7.024910E-03   4.664600E-03   2.753500E-02   0.000000E+00   1.797693+308
     7586       1811  -6.918420E-03   5.752440E-04   3.111450E-02   0.000000E+00   1.797693+308
    20117       1812  -6.874580E-03  -3.313320E-03   3.453930E-02   0.000000E+00   1.797693+308
     5992       1813  -7.388070E-03   7.254280E-03   2.538450E-02   0.000000E+00   1.797693+308
     1821       1814  -6.936540E-03  -2.224500E-02   5.130950E-02   0.000000E+00   1.797693+308
     2509       1815  -5.516750E-02  -2.990990E-02   5.877720E-02   1.699090E-05   1.797693+308
     2093       1816  -5.505940E-02  -2.447200E-02   5.704140E-02   0.000000E+00   1.797693+308
    13212       1817  -5.506430E-02  -1.889230E-02   5.539430E-02   0.000000E+00   1.797693+308
     8394       1818  -5.506620E-02  -1.331910E-02   5.374560E-02   0.000000E+00   1.797693+308
    12206       1819  -5.506550E-02  -7.747490E-03   5.209460E-02   0.000000E+00   1.797693+308
    11132       1820  -5.506680E-02  -2.174160E-03   5.044530E-02   0.000000E+00   1.797693+308
    18319       1821  -5.506790E-02   3.397830E-03   4.879620E-02   0.000000E+00   1.797693+308
    10555       1822  -5.506840E-02   8.968930E-03   4.714670E-02   0.000000E+00   1.797693+308
     6676       1823  -5.506890E-02   1.453990E-02   4.549730E-02   0.000000E+00   1.797693+308
     6673       1824  -5.492790E-02   1.980440E-02   4.379110E-02   0.000000E+00   1.797693+308
     8471       1825  -5.521790E-02   2.266780E-02   4.326740E-02   0.000000E+00   1.797693+308
     3076       1826  -9.299370E-02   1.961180E-02   4.398840E-02   0.000000E+00   1.797693+308
     3090       1827  -9.301680E-02   1.402490E-02   4.561800E-02   0.000000E+00   1.797693+308
    10177       1828  -9.301340E-02   8.451170E-03   4.727250E-02   0.000000E+00   1.797693+308
      282       1829  -9.282240E-02   3.431080E-03   4.898620E-02   0.000000E+00   1.797693+308
    11683       1830  -9.295640E-02  -1.489470E-03   5.028020E-02   0.000000E+00   1.797693+308
    12256       1831  -9.295640E-02  -7.055730E-03   5.192880E-02   0.000000E+00   1.797693+308
     5110       1832  -9.295640E-02  -1.262200E-02   5.357740E-02   0.000000E+00   1.797693+308
    11361       1833  -9.295640E-02  -1.818830E-02   5.522610E-02   0.000000E+00   1.797693+308
    11184       1834  -9.299400E-02  -2.400500E-02   5.690660E-02   0.000000E+00   1.797693+308
     7982       1835  -9.317170E-02  -2.937070E-02   5.831470E-02   3.716737E-06   1.797693+308
     8023       1836  -9.281590E-02   2.272620E-02   4.327970E-02   0.000000E+00   1.797693+308
    12110       1837  -6.441890E-02   2.170260E-02   4.071980E-02   0.000000E+00   1.797693+308
     9981       1838  -6.444190E-02   1.612570E-02   4.234650E-02   0.000000E+00   1.797693+308
     9431       1839  -6.443850E-02   1.056200E-02   4.399810E-02   0.000000E+00   1.797693+308
     9979       1840  -6.424720E-02   5.550170E-03   4.570970E-02   0.000000E+00   1.797693+308
     1696       1841  -6.438190E-02   6.369130E-04   4.700070E-02   0.000000E+00   1.797693+308
     1696       1842  -6.438190E-02  -4.919660E-03   4.864650E-02   0.000000E+00   1.797693+308
    18586       1843  -6.438190E-02  -1.047620E-02   5.029230E-02   0.000000E+00   1.797693+308
    18586       1844  -6.438190E-02  -1.603280E-02   5.193800E-02   0.000000E+00   1.797693+308
     9646       1845  -6.438190E-02  -2.158940E-02   5.358380E-02   0.000000E+00   1.797693+308
    20207       1846  -6.448270E-02  -2.765400E-02   5.527010E-02   1.147875E-05   1.797693+308
    20136       1847  -6.424140E-02   2.480960E-02   4.001290E-02   0.000000E+00   1.797693+308
     4974       1848  -8.374520E-02  -3.050900E-02   5.630890E-02   2.375421E-05   1.797693+308
    10756       1849  -8.363970E-02  -2.507990E-02   5.457830E-02   0.000000E+00   1.797693+308
    12572       1850  -8.363920E-02  -1.951610E-02   5.292980E-02   0.000000E+00   1.797693+308
    12567       1851  -8.364100E-02  -1.395280E-02   5.128410E-02   0.000000E+00   1.797693+308
    18881       1852  -8.364030E-02  -8.391030E-03   4.963600E-02   0.000000E+00   1.797693+308
    16472       1853  -8.364160E-02  -2.827540E-03   4.798960E-02   0.000000E+00   1.797693+308
    10184       1854  -8.364270E-02   2.734630E-03   4.634340E-02   0.000000E+00   1.797693+308
     9375       1855  -8.364310E-02   8.295890E-03   4.469670E-02   0.000000E+00   1.797693+308
    14060       1856  -8.364360E-02   1.385700E-02   4.305020E-02   0.000000E+00   1.797693+308
    10131       1857  -8.364410E-02   1.941790E-02   4.140370E-02   0.000000E+00   1.797693+308
    10390       1858  -8.350130E-02   2.442220E-02   3.977280E-02   0.000000E+00   1.797693+308
     1744       1859  -5.974070E-02  -4.435790E-03   6.668090E-02   1.000000E+00   1.545315E+04
    13985       1860  -5.974140E-02  -4.456130E-03   7.560570E-02   0.000000E+00   1.797693+308
    13663       1861  -6.017560E-02  -2.114910E-02   6.630410E-02   1.737513E-06   1.797693+308
     9164       1862  -5.937200E-02  -2.105800E-02   7.609670E-02   1.000000E+00   3.324217E+03
     1737       1863  -5.974000E-02  -3.342170E-03   7.132190E-02   1.000000E+00   7.823421E+04
     4653       1864  -6.007760E-02  -1.848780E-02   7.887470E-02   1.000000E+00   3.149717E+04
     7437       1865  -5.931160E-02  -1.825690E-02   6.321190E-02   1.483846E-01   1.797693+308
     6050       1866  -5.979670E-02  -2.232150E-02   6.954020E-02   0.000000E+00   1.797693+308
     9165       1867  -5.969430E-02  -2.231860E-02   7.272450E-02   1.000000E+00   1.438918E+04
     5654       1868  -5.974500E-02  -7.834960E-03   7.923010E-02   8.720592E-06   1.797693+308
     7522       1869  -5.973670E-02  -7.810710E-03   6.303310E-02   1.116207E-05   1.797693+308
     5652       1870  -5.974080E-02  -1.333000E-02   8.067100E-02   0.000000E+00   1.797693+308
     5845       1871  -5.974080E-02  -1.333000E-02   6.157710E-02   0.000000E+00   1.797693+308
      171       1872  -8.831570E-02  -4.435790E-03   6.668090E-02   1.000000E+00   8.429157E+03
    19050       1873  -8.831640E-02  -4.456130E-03   7.560570E-02   0.000000E+00   1.797693+308
     4666       1874  -8.875060E-02  -2.114910E-02   6.630410E-02   1.822318E-06   1.797693+308
     4855       1875  -8.794700E-02  -2.105800E-02   7.609670E-02   1.000000E+00   1.300146E+03
      166       1876  -8.831500E-02  -3.342170E-03   7.132190E-02   1.000000E+00   6.586123E+04
     3325       1877  -8.865260E-02  -1.848780E-02   7.887470E-02   1.000000E+00   5.221420E+04
     4666       1878  -8.788660E-02  -1.825690E-02   6.321190E-02   2.091192E-01   1.797693+308
     3649       1879  -8.837170E-02  -2.232150E-02   6.954020E-02   0.000000E+00   1.797693+308
     7144       1880  -8.826930E-02  -2.231860E-02   7.272450E-02   1.000000E+00   1.656018E+04
     7165       1881  -8.832000E-02  -7.834960E-03   7.923010E-02   1.006381E-05   1.797693+308
     8892       1882  -8.831170E-02  -7.810710E-03   6.303310E-02   5.597576E-03   1.797693+308
     7171       1883  -8.831580E-02  -1.333000E-02   8.067100E-02   0.000000E+00   1.797693+308
     6373       1884  -8.831580E-02  -1.333000E-02   6.157710E-02   0.000000E+00   1.797693+308
     4883       1885  -4.603450E-03  -8.504160E-05   3.409210E-03   0.000000E+00   1.797693+308
     8306       1886  -4.602120E-03   5.286510E-03   2.466330E-03   0.000000E+00   1.797693+308
     7327       1887   4.778570E-03   4.986840E-03   2.713700E-03   0.000000E+00   1.797693+308
     6723       1888  -1.676100E-03  -8.919530E-05   7.258340E-03   0.000000E+00   1.797693+308
     9066       1889   2.671060E-03   6.623160E-03   8.302940E-04   0.000000E+00   1.797693+308
     5176       1890   4.768730E-03   1.506140E-04   3.129820E-03   0.000000E+00   1.797693+308
     7300       1891  -1.640820E-03   5.280460E-03  -1.408440E-03   0.000000E+00   1.797693+308
     6723       1892   1.584050E-03  -3.548650E-04   7.004330E-03   0.000000E+00   1.797693+308
     5388       1893   1.938010E-03   5.166920E-03  -1.370720E-03   0.000000E+00   1.797693+308
     6729       1894   2.341940E-03  -1.852300E-03   4.839020E-03   0.000000E+00   1.797693+308
     1952       1895  -3.179420E-04   7.285250E-03   4.679670E-04   0.000000E+00   1.797693+308
     8920       1896   4.097580E-03   1.086560E-03   5.951860E-03   0.000000E+00   1.797693+308
     6578       1897  -5.058970E-03   2.727580E-03   4.587190E-03   0.000000E+00   1.797693+308
     7308       1898  -5.056150E-03   2.474520E-03   1.271550E-03   0.000000E+00   1.797693+308
     9036       1899   5.123530E-03   2.521060E-03   3.724320E-03   0.000000E+00   1.797693+308
     6575       1900  -2.772110E-03  -1.127330E-03   5.287180E-03   0.000000E+00   1.797693+308
     5921       1901   5.093480E-03   2.473380E-03   1.585740E-03   0.000000E+00   1.797693+308
     8305       1902  -2.917220E-03   6.139460E-03   5.232110E-04   0.000000E+00   1.797693+308
     4794       1903  -5.428930E-04  -1.776870E-03   5.730030E-03   0.000000E+00   1.797693+308
     6408       1904   4.149330E-03   4.226090E-03   1.573730E-04   0.000000E+00   1.797693+308
     5839       1905  -3.941470E-03   8.377720E-04   5.964100E-03   0.000000E+00   1.797693+308
     7303       1906  -3.941470E-03   4.362710E-03  -8.569790E-05   0.000000E+00   1.797693+308
     5120       1907  -4.554950E-03  -2.321650E-02   2.761230E-02   1.000000E+00   6.382230E+03
     4773       1908  -5.005300E-03  -2.602090E-02   2.622040E-02   1.000000E+00   1.120468E+01
     6553       1909   3.894060E-03  -2.417200E-02   2.507830E-02   0.000000E+00   1.797693+308
     3569       1910  -5.097940E-03  -2.571950E-02   2.959640E-02   1.000000E+00   2.772220E+02
     6407       1911   2.844590E-04  -3.036800E-02   3.094530E-02   1.000000E+00   8.322025E+02
     1016       1912   1.325540E-03  -2.157470E-02   2.559480E-02   2.247433E-01   1.797693+308
     5641       1913   5.123290E-03  -2.618970E-02   2.702060E-02   0.000000E+00   1.797693+308
    10607       1914  -3.827920E-03  -2.804500E-02   3.101470E-02   1.000000E+00   1.402341E+02
     4885       1915  -1.642520E-03  -2.875660E-02   3.237320E-02   1.000000E+00   4.432714E+03
     9010       1916   4.613680E-03  -2.314390E-02   2.786660E-02   0.000000E+00   1.797693+308
    10606       1917  -2.583420E-03  -3.018090E-02   3.012150E-02   1.000000E+00   1.818202E+01
     7322       1918   4.637660E-03  -2.831690E-02   2.889490E-02   0.000000E+00   1.797693+308
      608       1919   3.999190E-03  -2.728290E-02   3.157470E-02   0.000000E+00   1.797693+308
     1013       1920  -1.414860E-03  -2.290360E-02   2.412970E-02   1.000000E+00   1.887623E+04
     8221       1921  -2.917220E-03  -2.239710E-02   2.576880E-02   1.000000E+00   4.751421E+04
     5122       1922  -3.568060E-03  -2.384080E-02   2.493580E-02   1.000000E+00   2.228249E+03
    13163       1923   5.111760E-03  -2.561680E-02   2.956540E-02   0.000000E+00   1.797693+308
     5990       1924   3.043490E-03  -2.948270E-02   3.045770E-02   7.997827E-01   1.797693+308
     4777       1925  -1.498690E-01   1.370340E-02  -5.094360E-03   0.000000E+00   1.797693+308
    17726       1926  -1.477530E-01   2.081270E-02  -1.211180E-02   0.000000E+00   1.797693+308
     3767       1927  -1.497980E-01   1.887790E-02  -1.385530E-02   0.000000E+00   1.797693+308
     7700       1928  -1.485700E-01   1.157630E-02  -7.040910E-03   0.000000E+00   1.797693+308
     6193       1929  -1.511280E-01   2.001170E-02  -1.150000E-02   0.000000E+00   1.797693+308
     4931       1930  -1.531600E-01   1.664370E-02  -7.943020E-03   0.000000E+00   1.797693+308
     2134       1931  -1.443800E-01   1.424920E-02  -6.306150E-03   0.000000E+00   1.797693+308
     7719       1932  -1.432410E-01   1.833680E-02  -9.922340E-03   1.637303E-07   1.797693+308
     7035       1933  -1.434080E-01   1.366030E-02  -9.060850E-03   0.000000E+00   1.797693+308
     8622       1934  -1.528370E-01   1.735860E-02  -1.116510E-02   0.000000E+00   1.797693+308
     2289       1935  -1.440940E-01   1.779850E-02  -1.273050E-02   0.000000E+00   1.797693+308
     5863       1936  -1.529370E-01   1.417240E-02  -9.337630E-03   0.000000E+00   1.797693+308
     6198       1937  -1.470990E-01   1.310840E-02  -5.405810E-03   0.000000E+00   1.797693+308
     7702       1938  -1.522040E-01   1.463650E-02  -6.700910E-03   0.000000E+00   1.797693+308
     7700       1939  -1.514330E-01   1.285420E-02  -7.458480E-03   0.000000E+00   1.797693+308
    20222       1940  -1.430060E-01   1.608150E-02  -8.122820E-03   0.000000E+00   1.797693+308
     4824       1941  -1.450130E-01   1.997730E-02  -1.156940E-02   0.000000E+00   1.797693+308
     6891       1942  -1.521980E-01  -2.446380E-02   2.813650E-02   0.000000E+00   1.797693+308
     4921       1943  -1.449580E-01  -2.021990E-02   2.130810E-02   1.000000E+00   2.372297E+02
    14499       1944  -1.438760E-01  -1.909630E-02   2.413240E-02   1.000000E+00   1.499623E+04
    18058       1945  -1.513690E-01  -2.669240E-02   2.685490E-02   1.000000E+00   3.277318E+04
     6357       1946  -1.511950E-01  -1.841010E-02   2.339710E-02   7.246308E-08   1.797693+308
    16746       1947  -1.436720E-01  -2.577000E-02   2.617230E-02   1.000000E+00   2.191886E+00
    16742       1948  -1.444940E-01  -2.449350E-02   2.902180E-02   1.000000E+00   1.561923E+02
     6061       1949  -1.522380E-01  -2.108020E-02   2.188990E-02   0.000000E+00   1.797693+308
     4959       1950  -1.533590E-01  -2.148930E-02   2.555500E-02   0.000000E+00   1.797693+308
     6272       1951  -1.486390E-01  -2.587260E-02   2.947350E-02   1.000000E+00   6.758674E+03
    19043       1952  -1.463360E-01  -2.715000E-02   2.764760E-02   1.000000E+00   2.920988E+01
     6876       1953  -1.429290E-01  -2.216500E-02   2.344230E-02   1.000000E+00   9.218913E+01
     8586       1954  -1.474980E-01  -1.908500E-02   2.113810E-02   1.000000E+00   1.096918E+04
     8590       1955  -1.463630E-01  -1.810440E-02   2.261900E-02   1.000000E+00   3.003321E+04
     5188       1956  -1.486490E-01  -1.799900E-02   2.237130E-02   7.130910E-01   1.797693+308
      897       1957  -1.497710E-01  -1.939600E-02   2.116920E-02   9.751136E-01   1.797693+308
    17722       1958  -1.427730E-01  -2.357030E-02   2.517660E-02   1.000000E+00   3.115353E+01
     1056       1959  -1.531360E-01  -2.447770E-02   2.550450E-02   0.000000E+00   1.797693+308
     6177       1960  -1.427370E-01  -2.159060E-02   2.571860E-02   1.000000E+00   2.871786E+02
     6747       1961  -1.429950E-01  -2.315980E-02   2.707690E-02   1.000000E+00   1.132148E+02
     2452       1962  -1.627590E-01  -1.446530E-02   4.035330E-02   0.000000E+00   1.797693+308
     5484       1963  -1.599890E-01  -1.819280E-02   4.439480E-02   0.000000E+00   1.797693+308
    19922       1964  -1.557060E-01  -2.157950E-02   4.615230E-02   0.000000E+00   1.797693+308
    19499       1965  -1.565910E-01  -3.285470E-02   3.256960E-02   0.000000E+00   1.797693+308
     5746       1966  -1.608970E-01  -2.989110E-02   2.925340E-02   0.000000E+00   1.797693+308
     4811       1967  -1.629860E-01  -2.547860E-02   2.646860E-02   0.000000E+00   1.797693+308
    19545       1968  -1.630840E-01  -1.868160E-02   3.336260E-02   0.000000E+00   1.797693+308
     3128       1969  -1.551180E-01  -2.542800E-02   4.229130E-02   0.000000E+00   1.797693+308
    17445       1970  -1.548140E-01  -2.934280E-02   3.809930E-02   0.000000E+00   1.797693+308
    19496       1971  -1.560100E-01  -3.181640E-02   3.430730E-02   0.000000E+00   1.797693+308
     5489       1972  -1.629860E-01  -1.554660E-02   3.770180E-02   0.000000E+00   1.797693+308
     7909       1973  -1.629170E-01  -2.216350E-02   3.070230E-02   0.000000E+00   1.797693+308
     7873       1974  -1.616920E-01  -1.706350E-02   4.163730E-02   0.000000E+00   1.797693+308
    13391       1975  -1.581890E-01  -2.020890E-02   4.498880E-02   0.000000E+00   1.797693+308
     5748       1976  -1.588580E-01  -3.098380E-02   3.185470E-02   0.000000E+00   1.797693+308
     5750       1977  -1.620980E-01  -2.761340E-02   2.837850E-02   0.000000E+00   1.797693+308
     3125       1978  -1.563710E-01  -2.310060E-02   4.381540E-02   0.000000E+00   1.797693+308
     7920       1979  -1.563400E-01  -2.668320E-02   3.979630E-02   0.000000E+00   1.797693+308
     5241       1980  -1.559230E-01  -3.025750E-02   3.614920E-02   0.000000E+00   1.797693+308
    13229       1981  -1.627330E-01  -2.461470E-02   2.902630E-02   0.000000E+00   1.797693+308
     7872       1982  -1.604310E-01  -2.014730E-02   4.130310E-02   0.000000E+00   1.797693+308
     5744       1983  -1.608240E-01  -2.755160E-02   3.206740E-02   0.000000E+00   1.797693+308
      980       1984  -1.621230E-01  -1.993320E-02   3.696940E-02   0.000000E+00   1.797693+308
     7927       1985  -1.584470E-01  -2.352280E-02   4.088840E-02   0.000000E+00   1.797693+308
    17569       1986  -1.573480E-01  -2.806640E-02   3.715820E-02   0.000000E+00   1.797693+308
     2698       1987  -1.582060E-01  -2.942320E-02   3.455030E-02   0.000000E+00   1.797693+308
    17966       1988  -1.589230E-01  -2.533640E-02   3.813930E-02   0.000000E+00   1.797693+308
    17962       1989  -1.618340E-01  -2.362390E-02   3.378090E-02   0.000000E+00   1.797693+308
    18689       1990  -1.598530E-01  -2.632290E-02   3.545910E-02   0.000000E+00   1.797693+308
     7911       1991  -1.606100E-01  -2.179420E-02   3.905770E-02   0.000000E+00   1.797693+308
     5717       1992  -1.509180E-01   3.890630E-02  -6.547730E-03   0.000000E+00   1.797693+308
     7685       1993  -1.561410E-01   3.710360E-02  -5.492050E-03   0.000000E+00   1.797693+308
     6209       1994  -1.602880E-01   3.430370E-02  -2.880330E-03   0.000000E+00   1.797693+308
     6934       1995  -1.628590E-01   2.985570E-02   3.410090E-04   0.000000E+00   1.797693+308
     7658       1996  -1.625560E-01   1.895980E-02  -1.358500E-02   0.000000E+00   1.797693+308
     6966       1997  -1.598760E-01   2.291850E-02  -1.654810E-02   0.000000E+00   1.797693+308
     6799       1998  -1.556270E-01   2.550090E-02  -1.907170E-02   0.000000E+00   1.797693+308
     6851       1999  -1.501070E-01   2.762590E-02  -1.949870E-02   0.000000E+00   1.797693+308
      429       2000  -1.631110E-01   2.543520E-02  -2.761860E-03   0.000000E+00   1.797693+308
     7832       2001  -1.631400E-01   2.164630E-02  -6.753160E-03   0.000000E+00   1.797693+308
     5588       2002  -1.630370E-01   1.910220E-02  -1.057230E-02   0.000000E+00   1.797693+308
     6942       2003  -1.488110E-01   3.250420E-02  -1.416530E-02   0.000000E+00   1.797693+308
     8651       2004  -1.486450E-01   3.710500E-02  -8.975830E-03   0.000000E+00   1.797693+308
     6938       2005  -1.492250E-01   3.025800E-02  -1.666480E-02   0.000000E+00   1.797693+308
     6932       2006  -1.628210E-01   2.810540E-02  -1.865490E-03   0.000000E+00   1.797693+308
     7830       2007  -1.629150E-01   2.466530E-02  -5.169170E-03   0.000000E+00   1.797693+308
     5146       2008  -1.502530E-01   3.437630E-02  -1.183710E-02   0.000000E+00   1.797693+308
    13902       2009  -1.525860E-01   3.641630E-02  -8.732340E-03   0.000000E+00   1.797693+308
     1967       2010  -1.575490E-01   3.444670E-02  -6.991850E-03   0.000000E+00   1.797693+308
     3741       2011  -1.617840E-01   3.105600E-02  -2.820270E-03   0.000000E+00   1.797693+308
     5599       2012  -1.619360E-01   2.233750E-02  -1.218570E-02   0.000000E+00   1.797693+308
      189       2013  -1.582030E-01   2.552620E-02  -1.624270E-02   0.000000E+00   1.797693+308
     6844       2014  -1.537980E-01   2.778510E-02  -1.783310E-02   0.000000E+00   1.797693+308
     8702       2015  -1.617830E-01   2.887540E-02  -5.288510E-03   0.000000E+00   1.797693+308
     7834       2016  -1.620270E-01   2.467010E-02  -9.240500E-03   0.000000E+00   1.797693+308
    13181       2017  -1.523570E-01   3.216520E-02  -1.364180E-02   0.000000E+00   1.797693+308
    13179       2018  -1.521740E-01   2.949820E-02  -1.673610E-02   0.000000E+00   1.797693+308
     8685       2019  -1.598440E-01   3.254730E-02  -5.722950E-03   0.000000E+00   1.797693+308
     5358       2020  -1.603790E-01   2.493180E-02  -1.328730E-02   0.000000E+00   1.797693+308
      183       2021  -1.563900E-01   2.725740E-02  -1.638160E-02   0.000000E+00   1.797693+308
     2393       2022  -1.546550E-01   3.392660E-02  -1.031790E-02   0.000000E+00   1.797693+308
     6901       2023  -1.585060E-01   3.139050E-02  -9.194240E-03   0.000000E+00   1.797693+308
      177       2024  -1.582820E-01   2.769420E-02  -1.368450E-02   0.000000E+00   1.797693+308
    13175       2025  -1.552900E-01   2.959620E-02  -1.472500E-02   0.000000E+00   1.797693+308
    13185       2026  -1.607040E-01   2.839810E-02  -8.667100E-03   0.000000E+00   1.797693+308
    19402       2027  -1.602160E-01   2.703970E-02  -1.123510E-02   0.000000E+00   1.797693+308
     3310       2028  -1.558780E-01   3.173660E-02  -1.180100E-02   0.000000E+00   1.797693+308
     9137       2029   1.443280E-02   1.725000E-02   1.204710E-02   0.000000E+00   1.797693+308
     8330       2030   1.225060E-02   2.021680E-02   9.105490E-03   0.000000E+00   1.797693+308
     6733       2031   7.840280E-03   2.349330E-02   6.767430E-03   0.000000E+00   1.797693+308
    11560       2032   6.531450E-03   1.220520E-02  -7.049970E-03   0.000000E+00   1.797693+308
     9069       2033   1.073990E-02   1.007730E-02  -4.992590E-03   0.000000E+00   1.797693+308
     5557       2034   1.391410E-02   6.434420E-03  -2.175320E-03   0.000000E+00   1.797693+308
     6014       2035   1.502790E-02   8.673670E-03   5.915370E-03   0.000000E+00   1.797693+308
     6015       2036   1.481560E-02   5.938020E-03   1.256600E-03   0.000000E+00   1.797693+308
    13527       2037   5.212090E-03   2.261160E-02   3.880640E-03   0.000000E+00   1.797693+308
     8094       2038   4.697640E-03   1.931980E-02  -1.073210E-04   0.000000E+00   1.797693+308
     5871       2039   4.943760E-03   1.522520E-02  -4.611780E-03   0.000000E+00   1.797693+308
     7351       2040   1.503620E-02   1.379860E-02   1.178360E-02   0.000000E+00   1.797693+308
     6010       2041   1.483060E-02   7.638460E-03   3.273380E-03   0.000000E+00   1.797693+308
     2444       2042   5.206990E-03   1.723040E-02  -2.204940E-03   0.000000E+00   1.797693+308
     1404       2043   1.467420E-02   1.189640E-02   7.173110E-03   0.000000E+00   1.797693+308
     7349       2044   1.382130E-02   1.586280E-02   8.174830E-03   0.000000E+00   1.797693+308
     8318       2045   1.054840E-02   2.028300E-02   6.261280E-03   0.000000E+00   1.797693+308
    11576       2046   8.200240E-03   1.335830E-02  -4.352450E-03   0.000000E+00   1.797693+308
     6530       2047   1.217650E-02   1.048980E-02  -2.039350E-03   0.000000E+00   1.797693+308
     6016       2048   1.431930E-02   1.057320E-02   4.012970E-03   0.000000E+00   1.797693+308
     6016       2049   1.390990E-02   9.272320E-03   1.018510E-03   0.000000E+00   1.797693+308
    13526       2050   7.851340E-03   2.011370E-02   2.957310E-03   0.000000E+00   1.797693+308
     5367       2051   7.467970E-03   1.760280E-02  -2.173230E-04   0.000000E+00   1.797693+308
     8282       2052   8.075090E-03   1.535520E-02  -2.214500E-03   0.000000E+00   1.797693+308
     8272       2053   1.019320E-02   1.284460E-02  -2.644710E-03   0.000000E+00   1.797693+308
     7356       2054   1.355310E-02   1.356750E-02   4.752940E-03   0.000000E+00   1.797693+308
    13790       2055   1.210880E-02   1.673500E-02   4.885390E-03   0.000000E+00   1.797693+308
     6531       2056   1.165820E-02   1.334340E-02   2.039870E-04   0.000000E+00   1.797693+308
     6534       2057   1.309230E-02   1.200440E-02   1.731270E-03   0.000000E+00   1.797693+308
     5362       2058   9.686570E-03   1.771480E-02   2.202180E-03   0.000000E+00   1.797693+308
     8281       2059   9.809950E-03   1.586630E-02   2.676840E-04   0.000000E+00   1.797693+308
     6592       2060   1.178940E-02   1.495650E-02   2.265740E-03   0.000000E+00   1.797693+308
      467       2061   8.292500E-03  -2.448030E-02   4.906280E-02   0.000000E+00   1.797693+308
    18026       2062   1.253930E-02  -2.102280E-02   4.674570E-02   0.000000E+00   1.797693+308
     9292       2063   1.489400E-02  -1.747660E-02   4.255540E-02   0.000000E+00   1.797693+308
     4807       2064   1.429140E-02  -3.072390E-02   3.069570E-02   0.000000E+00   1.797693+308
     7550       2065   1.161680E-02  -3.384400E-02   3.406860E-02   0.000000E+00   1.797693+308
     5057       2066   7.351920E-03  -3.695560E-02   3.581090E-02   0.000000E+00   1.797693+308
     5964       2067   1.497220E-02  -2.654800E-02   3.172070E-02   0.000000E+00   1.797693+308
    18693       2068   6.656010E-03  -2.674580E-02   4.789530E-02   0.000000E+00   1.797693+308
     7598       2069   6.926290E-03  -2.968690E-02   4.436780E-02   0.000000E+00   1.797693+308
     7604       2070   6.134970E-03  -3.240730E-02   4.185940E-02   0.000000E+00   1.797693+308
     5520       2071   6.595130E-03  -3.570520E-02   3.781240E-02   0.000000E+00   1.797693+308
     5516       2072   1.505950E-02  -2.045760E-02   3.784140E-02   0.000000E+00   1.797693+308
     6347       2073   1.490790E-02  -2.475800E-02   3.422680E-02   0.000000E+00   1.797693+308
     9310       2074   1.021180E-02  -2.402900E-02   4.734870E-02   0.000000E+00   1.797693+308
     8396       2075   1.387710E-02  -1.995590E-02   4.438690E-02   0.000000E+00   1.797693+308
     7543       2076   9.155540E-03  -3.529020E-02   3.593360E-02   0.000000E+00   1.797693+308
    18684       2077   1.466350E-02  -1.997240E-02   4.112730E-02   0.000000E+00   1.797693+308
     9278       2078   6.861570E-03  -3.385140E-02   3.970990E-02   0.000000E+00   1.797693+308
    13479       2079   1.470460E-02  -2.338640E-02   3.704460E-02   0.000000E+00   1.797693+308
     8395       2080   1.242640E-02  -2.361490E-02   4.405910E-02   0.000000E+00   1.797693+308
     3929       2081   1.364920E-02  -2.955060E-02   3.426530E-02   0.000000E+00   1.797693+308
     3939       2082   1.058370E-02  -3.264030E-02   3.709100E-02   0.000000E+00   1.797693+308
     9310       2083   9.281840E-03  -2.675020E-02   4.544200E-02   0.000000E+00   1.797693+308
     8537       2084   9.142710E-03  -2.946890E-02   4.252820E-02   0.000000E+00   1.797693+308
     1126       2085   9.038730E-03  -3.137590E-02   4.048930E-02   0.000000E+00   1.797693+308
     5526       2086   8.640950E-03  -3.380990E-02   3.816550E-02   0.000000E+00   1.797693+308
     5514       2087   1.385580E-02  -2.311510E-02   4.088630E-02   0.000000E+00   1.797693+308
     5967       2088   1.372090E-02  -2.660620E-02   3.737250E-02   0.000000E+00   1.797693+308
     1793       2089   1.133720E-02  -2.658810E-02   4.275350E-02   0.000000E+00   1.797693+308
     3936       2090   1.223780E-02  -2.979580E-02   3.746460E-02   0.000000E+00   1.797693+308
     5069       2091   1.104310E-02  -2.864900E-02   4.090400E-02   0.000000E+00   1.797693+308
     3277       2092   1.282960E-02  -2.637690E-02   4.003560E-02   0.000000E+00   1.797693+308
     6716       2093   1.107920E-02  -3.021040E-02   3.908170E-02   0.000000E+00   1.797693+308
    17686       2094   1.232560E-02  -2.819050E-02   3.909870E-02   0.000000E+00   1.797693+308
     3805       2095  -6.023270E-02  -2.912640E-02   7.838560E-02   0.000000E+00   1.797693+308
     8497       2096  -5.930010E-02  -1.031350E-04   8.347100E-02   0.000000E+00   1.797693+308
     3808       2097  -5.801240E-02  -2.790790E-02   8.065270E-02   0.000000E+00   1.797693+308
     3801       2098  -5.912100E-02  -2.547170E-02   8.369390E-02   0.000000E+00   1.797693+308
     5155       2099  -5.912100E-02  -2.320760E-02   8.560910E-02   0.000000E+00   1.797693+308
      675       2100  -5.912100E-02  -2.065670E-02   8.712130E-02   0.000000E+00   1.797693+308
     4383       2101  -5.912100E-02  -1.789000E-02   8.818850E-02   0.000000E+00   1.797693+308
     4384       2102  -5.912100E-02  -1.498430E-02   8.878110E-02   0.000000E+00   1.797693+308
      246       2103  -5.912100E-02  -1.202060E-02   8.888240E-02   0.000000E+00   1.797693+308
     8412       2104  -5.870550E-02  -8.932420E-03   8.845640E-02   0.000000E+00   1.797693+308
     8408       2105  -5.822850E-02  -6.248060E-03   8.761410E-02   0.000000E+00   1.797693+308
     8410       2106  -5.912100E-02  -3.599820E-03   8.627970E-02   0.000000E+00   1.797693+308
     6613       2107  -6.139780E-02  -1.433340E-03   8.471510E-02   0.000000E+00   1.797693+308
    17818       2108  -6.102580E-02  -7.534000E-03   8.807600E-02   0.000000E+00   1.797693+308
     7411       2109  -6.121020E-02  -1.083480E-02   8.878400E-02   0.000000E+00   1.797693+308
     7402       2110  -6.121020E-02  -1.379860E-02   8.888110E-02   0.000000E+00   1.797693+308
     5585       2111  -6.121020E-02  -1.673740E-02   8.848430E-02   0.000000E+00   1.797693+308
     3374       2112  -6.121020E-02  -1.956930E-02   8.760450E-02   0.000000E+00   1.797693+308
     5160       2113  -6.121020E-02  -2.221570E-02   8.626630E-02   0.000000E+00   1.797693+308
     5158       2114  -6.121020E-02  -2.460280E-02   8.450690E-02   0.000000E+00   1.797693+308
     3805       2115  -6.066840E-02  -2.699110E-02   8.196290E-02   0.000000E+00   1.797693+308
    13951       2116  -8.880770E-02  -2.912640E-02   7.838560E-02   0.000000E+00   1.797693+308
     1399       2117  -8.782390E-02   9.616260E-05   8.326110E-02   0.000000E+00   1.797693+308
    13962       2118  -8.658740E-02  -2.790790E-02   8.065270E-02   0.000000E+00   1.797693+308
     5252       2119  -8.769600E-02  -2.547170E-02   8.369390E-02   0.000000E+00   1.797693+308
     5246       2120  -8.729180E-02  -2.308370E-02   8.569650E-02   0.000000E+00   1.797693+308
     7413       2121  -8.729080E-02  -2.052010E-02   8.718690E-02   0.000000E+00   1.797693+308
      360       2122  -8.728640E-02  -1.774270E-02   8.823090E-02   0.000000E+00   1.797693+308
     2581       2123  -8.729080E-02  -1.483380E-02   8.879820E-02   0.000000E+00   1.797693+308
     7151       2124  -8.728640E-02  -1.186760E-02   8.887420E-02   0.000000E+00   1.797693+308
     6370       2125  -8.729080E-02  -8.933430E-03   8.845660E-02   0.000000E+00   1.797693+308
    17754       2126  -8.728640E-02  -6.106170E-03   8.755620E-02   0.000000E+00   1.797693+308
    17754       2127  -8.748670E-02  -2.823900E-03   8.577540E-02   0.000000E+00   1.797693+308
    13952       2128  -8.924340E-02  -2.699110E-02   8.196290E-02   0.000000E+00   1.797693+308
     7967       2129  -8.999420E-02  -2.429590E-02   8.476920E-02   0.000000E+00   1.797693+308
     7423       2130  -8.994360E-02  -1.893500E-02   8.784740E-02   0.000000E+00   1.797693+308
    19828       2131  -8.994210E-02  -1.311900E-02   8.890260E-02   0.000000E+00   1.797693+308
     5417       2132  -8.994610E-02  -7.281620E-03   8.799400E-02   0.000000E+00   1.797693+308
     5422       2133  -8.978520E-02  -2.606930E-03   8.562390E-02   0.000000E+00   1.797693+308
     7971       2134  -8.933030E-02  -2.175890E-02   8.653810E-02   0.000000E+00   1.797693+308
     2591       2135  -8.932020E-02  -1.621200E-02   8.859220E-02   0.000000E+00   1.797693+308
     7163       2136  -8.932020E-02  -1.030300E-02   8.871380E-02   0.000000E+00   1.797693+308
     5419       2137  -8.934760E-02  -4.696690E-03   8.690010E-02   0.000000E+00   1.797693+308
    10686       2138  -6.274390E-02   3.680050E-02   2.620950E-02   0.000000E+00   1.797693+308
    16107       2139  -9.388780E-02   3.780530E-02   2.463240E-02   0.000000E+00   1.797693+308
    19801       2140  -8.952100E-02   3.290900E-02   3.231760E-02   0.000000E+00   1.797693+308
    18339       2141  -7.203860E-02   3.734970E-02   2.534750E-02   0.000000E+00   1.797693+308
     1298       2142  -5.706730E-02   2.970300E-02   3.734960E-02   0.000000E+00   1.797693+308
     4498       2143  -5.534070E-02   3.598520E-02   2.748920E-02   0.000000E+00   1.797693+308
      860       2144  -6.282190E-02   3.409640E-02   3.045380E-02   0.000000E+00   1.797693+308
     6922       2145  -1.035730E-01   4.134550E-02   1.907570E-02   0.000000E+00   1.797693+308
     5426       2146  -9.282920E-02   2.932600E-02   3.794140E-02   0.000000E+00   1.797693+308
     5470       2147  -9.271160E-02   4.060510E-02   2.023790E-02   0.000000E+00   1.797693+308
     8897       2148  -8.188300E-02   3.201840E-02   3.371540E-02   0.000000E+00   1.797693+308
    10681       2149  -6.989760E-02   3.947660E-02   2.200920E-02   0.000000E+00   1.797693+308
    10121       2150  -8.099380E-02   4.014030E-02   2.096740E-02   0.000000E+00   1.797693+308
    10674       2151  -5.616730E-02   3.881400E-02   2.304920E-02   0.000000E+00   1.797693+308
     5190       2152  -5.178630E-02   3.774740E-02   2.472330E-02   0.000000E+00   1.797693+308
    11293       2153  -7.372480E-02   3.373950E-02   3.101400E-02   0.000000E+00   1.797693+308
    12106       2154  -5.634540E-02   3.336630E-02   3.159980E-02   0.000000E+00   1.797693+308
     8090       2155  -6.473410E-02   3.938510E-02   2.215270E-02   0.000000E+00   1.797693+308
    19931       2156  -8.882160E-02   2.770760E-02   4.048160E-02   0.000000E+00   1.797693+308
     5425       2157  -8.944720E-02   3.061120E-02   3.592420E-02   0.000000E+00   1.797693+308
     3485       2158  -9.423020E-02   3.295820E-02   3.224030E-02   0.000000E+00   1.797693+308
      581       2159  -7.731030E-02   3.539580E-02   2.841430E-02   0.000000E+00   1.797693+308
    10441       2160  -9.440700E-02   4.385240E-02   1.514100E-02   0.000000E+00   1.797693+308
    10438       2161  -8.936940E-02   4.310550E-02   1.631320E-02   0.000000E+00   1.797693+308
    17759       2162  -6.822460E-02   3.338640E-02   3.156830E-02   0.000000E+00   1.797693+308
     4503       2163  -5.017710E-02   3.492250E-02   2.915720E-02   0.000000E+00   1.797693+308
    18390       2164  -1.000540E-01   3.953020E-02   2.192510E-02   0.000000E+00   1.797693+308
    12104       2165  -5.983090E-02   3.174030E-02   3.415190E-02   0.000000E+00   1.797693+308
    11947       2166  -8.953050E-02   3.786110E-02   2.454480E-02   0.000000E+00   1.797693+308
    14339       2167  -7.706080E-02   4.286460E-02   1.669140E-02   0.000000E+00   1.797693+308
    12587       2168  -6.729020E-02   3.719010E-02   2.559800E-02   0.000000E+00   1.797693+308
    10115       2169  -7.552720E-02   3.962400E-02   2.177780E-02   0.000000E+00   1.797693+308
     5550       2170  -4.564900E-02   3.804990E-02   2.424850E-02   0.000000E+00   1.797693+308
      802       2171  -1.004120E-01   3.546090E-02   2.831220E-02   0.000000E+00   1.797693+308
     5271       2172  -6.110490E-02   2.936330E-02   3.788280E-02   0.000000E+00   1.797693+308
     8472       2173  -5.793590E-02   2.788710E-02   4.019990E-02   0.000000E+00   1.797693+308
    10118       2174  -8.263650E-02   3.503840E-02   2.897530E-02   0.000000E+00   1.797693+308
    12059       2175  -1.048150E-01   4.432950E-02   1.439200E-02   0.000000E+00   1.797693+308
    10116       2176  -9.184800E-02   3.539730E-02   2.841190E-02   0.000000E+00   1.797693+308
    10667       2177  -6.720530E-02   4.222610E-02   1.769350E-02   0.000000E+00   1.797693+308
     6420       2178  -6.477390E-02   3.191370E-02   3.387980E-02   0.000000E+00   1.797693+308
    11932       2179  -8.888200E-02   4.036040E-02   2.062190E-02   0.000000E+00   1.797693+308
    14440       2180  -9.992060E-02   4.432760E-02   1.439510E-02   0.000000E+00   1.797693+308
     6022       2181  -5.138410E-02   3.253820E-02   3.289960E-02   0.000000E+00   1.797693+308
    14343       2182  -7.269440E-02   4.221110E-02   1.771710E-02   0.000000E+00   1.797693+308
    19102       2183  -8.170420E-02   4.314790E-02   1.624670E-02   0.000000E+00   1.797693+308
    10669       2184  -6.197190E-02   4.201440E-02   1.802580E-02   0.000000E+00   1.797693+308
    17714       2185  -5.203200E-02   4.073650E-02   2.003170E-02   0.000000E+00   1.797693+308
     3346       2186  -7.934410E-02   3.756200E-02   2.501430E-02   0.000000E+00   1.797693+308
    10583       2187  -4.403780E-02   4.067220E-02   2.013260E-02   0.000000E+00   1.797693+308
     4340       2188  -7.825190E-02   3.303830E-02   3.211460E-02   0.000000E+00   1.797693+308
    10384       2189  -8.532820E-02   3.114760E-02   3.508220E-02   0.000000E+00   1.797693+308
     1581       2190  -5.679610E-02   4.152280E-02   1.879750E-02   0.000000E+00   1.797693+308
      861       2191  -5.934510E-02   3.516860E-02   2.877090E-02   0.000000E+00   1.797693+308
    11935       2192  -8.526430E-02   4.157720E-02   1.871200E-02   0.000000E+00   1.797693+308
    16776       2193  -5.974080E-02   2.452590E-02   4.547560E-02   0.000000E+00   1.797693+308
    19267       2194  -8.831580E-02   2.452590E-02   4.547560E-02   0.000000E+00   1.797693+308
     2474       2195  -8.827810E-02   3.541520E-02   2.838380E-02   0.000000E+00   1.797693+308
     6425       2196  -7.187540E-02   3.138590E-02   3.470830E-02   0.000000E+00   1.797693+308
    14441       2197  -9.768940E-02   4.159140E-02   1.868980E-02   0.000000E+00   1.797693+308
     4697       2198  -5.926460E-02   4.508530E-03   7.689470E-02   0.000000E+00   1.797693+308
     7462       2199  -8.879200E-02   4.508530E-03   7.689470E-02   0.000000E+00   1.797693+308
    11653       2200  -1.017560E-01   3.773680E-02   2.473990E-02   0.000000E+00   1.797693+308
     4867       2201  -8.831580E-02   7.505390E-03   7.219080E-02   0.000000E+00   1.797693+308
     8430       2202  -5.974080E-02   7.505390E-03   7.219080E-02   0.000000E+00   1.797693+308
     6460       2203  -8.651790E-02   2.941930E-02   3.779500E-02   0.000000E+00   1.797693+308
     4745       2204  -8.831580E-02   1.060000E-02   6.733350E-02   0.000000E+00   1.797693+308
     8105       2205  -5.974080E-02   1.060000E-02   6.733350E-02   0.000000E+00   1.797693+308
     5052       2206  -5.974080E-02   1.369470E-02   6.247620E-02   0.000000E+00   1.797693+308
     4754       2207  -8.831580E-02   1.369470E-02   6.247620E-02   0.000000E+00   1.797693+308
     1299       2208  -5.297890E-02   2.919240E-02   3.815110E-02   0.000000E+00   1.797693+308
     9234       2209  -5.974080E-02   1.678930E-02   5.761890E-02   0.000000E+00   1.797693+308
     7771       2210  -8.831580E-02   1.678930E-02   5.761890E-02   0.000000E+00   1.797693+308
     5424       2211  -9.218290E-02   3.138740E-02   3.470590E-02   0.000000E+00   1.797693+308
     4899       2212  -8.791820E-02   1.958430E-02   5.323180E-02   0.000000E+00   1.797693+308
     4695       2213  -6.013840E-02   1.958430E-02   5.323180E-02   0.000000E+00   1.797693+308
     1296       2214  -5.439330E-02   3.106120E-02   3.521780E-02   0.000000E+00   1.797693+308
    19281       2215  -8.546920E-02   3.326820E-02   3.175370E-02   0.000000E+00   1.797693+308
    11292       2216  -7.048030E-02   3.543270E-02   2.835630E-02   0.000000E+00   1.797693+308
     5272       2217  -6.129220E-02   2.784830E-02   4.026080E-02   0.000000E+00   1.797693+308
     8474       2218  -5.981740E-02   2.630620E-02   4.268130E-02   0.000000E+00   1.797693+308
    17764       2219  -8.831580E-02   2.221350E-02   4.910510E-02   0.000000E+00   1.797693+308
    13836       2220  -5.974080E-02   2.221350E-02   4.910510E-02   0.000000E+00   1.797693+308
    11937       2221  -8.608570E-02   3.902630E-02   2.271600E-02   0.000000E+00   1.797693+308
     6419       2222  -6.824930E-02   3.122960E-02   3.495360E-02   0.000000E+00   1.797693+308
    10112       2223  -7.582940E-02   3.719580E-02   2.558910E-02   0.000000E+00   1.797693+308
     5905       2224  -8.531510E-02   4.395070E-02   1.498660E-02   0.000000E+00   1.797693+308
      485       2225  -9.810650E-02   3.284970E-02   3.241070E-02   0.000000E+00   1.797693+308
    10578       2226  -4.848760E-02   3.923910E-02   2.238200E-02   0.000000E+00   1.797693+308
    16104       2227  -9.801090E-02   3.757730E-02   2.499020E-02   0.000000E+00   1.797693+308
    12075       2228  -1.085010E-01   4.458650E-02   1.398870E-02   0.000000E+00   1.797693+308
    10113       2229  -7.383030E-02   3.577170E-02   2.782420E-02   0.000000E+00   1.797693+308
     5330       2230  -6.319720E-02   3.052690E-02   3.605660E-02   0.000000E+00   1.797693+308
     9395       2231  -8.598460E-02   3.694690E-02   2.597980E-02   0.000000E+00   1.797693+308
    12586       2232  -6.623170E-02   3.536400E-02   2.846430E-02   0.000000E+00   1.797693+308
     8357       2233  -5.532510E-02   2.838050E-02   3.942540E-02   0.000000E+00   1.797693+308
     8018       2234  -8.856870E-02   2.611680E-02   4.297860E-02   0.000000E+00   1.797693+308
    10734       2235  -9.596880E-02   3.035040E-02   3.633360E-02   0.000000E+00   1.797693+308
     3147       2236  -9.051770E-02   2.876800E-02   3.881730E-02   0.000000E+00   1.797693+308
     6153       2237  -4.830430E-02   4.125330E-02   1.922050E-02   0.000000E+00   1.797693+308
    11890       2238  -4.769120E-02   3.669570E-02   2.637400E-02   0.000000E+00   1.797693+308
     6928       2239  -1.034390E-01   3.925030E-02   2.236440E-02   0.000000E+00   1.797693+308
     6020       2240  -7.544450E-02   3.164740E-02   3.429780E-02   0.000000E+00   1.797693+308
    11055       2241  -9.631580E-02   3.949560E-02   2.197940E-02   0.000000E+00   1.797693+308
    10690       2242  -5.867040E-02   3.713500E-02   2.568450E-02   0.000000E+00   1.797693+308
     8091       2243  -6.011360E-02   3.926420E-02   2.234250E-02   0.000000E+00   1.797693+308
     3481       2244  -9.608250E-02   3.534150E-02   2.849960E-02   0.000000E+00   1.797693+308
     6602       2245  -9.094490E-02  -3.563160E-02   5.269000E-02   0.000000E+00   1.797693+308
     8385       2246  -5.678360E-02  -3.545580E-02   5.341930E-02   0.000000E+00   1.797693+308
     3166       2247  -4.717460E-02  -3.561760E-02   5.274840E-02   0.000000E+00   1.797693+308
     8809       2248  -1.003040E-01  -3.528360E-02   5.413350E-02   0.000000E+00   1.797693+308
     5804       2249  -6.377750E-02  -3.562470E-02   5.271890E-02   0.000000E+00   1.797693+308
    12716       2250  -8.420180E-02  -3.559830E-02   5.282840E-02   0.000000E+00   1.797693+308
     1503       2251  -6.060230E-02  -3.469610E-02   5.656970E-02   0.000000E+00   1.797693+308
     7583       2252  -5.168540E-02  -3.539830E-02   5.365760E-02   0.000000E+00   1.797693+308
      621       2253  -8.805610E-02  -3.466770E-02   5.668740E-02   0.000000E+00   1.797693+308
    10325       2254  -4.206730E-02  -3.574010E-02   5.224050E-02   0.000000E+00   1.797693+308
     4795       2255  -6.873900E-02  -3.585250E-02   5.177410E-02   0.000000E+00   1.797693+308
    17383       2256  -1.045430E-01  -3.502510E-02   5.520520E-02   0.000000E+00   1.797693+308
    17971       2257  -8.900910E-02  -3.365990E-02   6.086700E-02   8.697932E-06   1.797693+308
    18109       2258  -5.945220E-02  -3.355520E-02   6.130100E-02   9.913459E-06   1.797693+308
     4972       2259  -7.930000E-02  -3.563350E-02   5.268220E-02   0.000000E+00   1.797693+308
     4297       2260  -7.399240E-02  -3.575110E-02   5.219490E-02   0.000000E+00   1.797693+308
     8813       2261  -9.570790E-02  -3.549810E-02   5.324390E-02   0.000000E+00   1.797693+308
     6283       2262  -8.783950E-02  -3.117810E-02   7.115900E-02   0.000000E+00   1.797693+308
     6039       2263  -6.021700E-02  -3.117810E-02   7.115900E-02   0.000000E+00   1.797693+308
      622       2264  -8.831580E-02  -3.241580E-02   6.602630E-02   7.916131E-06   1.797693+308
     9149       2265  -5.974080E-02  -3.241580E-02   6.602630E-02   7.272460E-06   1.797693+308
    11827       2266  -1.082400E-01  -3.582790E-02   5.187640E-02   0.000000E+00   1.797693+308
     7582       2267  -4.999560E-02  -3.469960E-02   5.655510E-02   0.000000E+00   1.797693+308
     6433       2268  -4.530010E-02  -3.471690E-02   5.648350E-02   0.000000E+00   1.797693+308
     5672       2269  -1.031660E-01  -3.596840E-02   5.129340E-02   0.000000E+00   1.797693+308
    20232       2270  -5.456030E-02  -3.474230E-02   5.637840E-02   0.000000E+00   1.797693+308
     7983       2271  -9.233070E-02  -3.463300E-02   5.683130E-02   0.000000E+00   1.797693+308
    12456       2272  -3.696490E-02  -3.592130E-02   5.148880E-02   0.000000E+00   1.797693+308
     8383       2273  -6.042610E-02  -3.614400E-02   5.056540E-02   0.000000E+00   1.797693+308
    12715       2274  -8.746270E-02  -3.617020E-02   5.045680E-02   0.000000E+00   1.797693+308
     2511       2275  -5.747970E-02  -3.429500E-02   5.823300E-02   0.000000E+00   1.797693+308
     7520       2276  -5.323270E-02  -3.608170E-02   5.082360E-02   0.000000E+00   1.797693+308
    10160       2277  -9.889090E-02  -1.197620E-02   1.059500E-02   0.000000E+00   1.797693+308
     9950       2278  -5.605170E-02  -1.391250E-02   1.230800E-02   0.000000E+00   1.797693+308
    10203       2279  -1.204820E-01   7.939610E-04  -7.023980E-04   0.000000E+00   1.797693+308
    14220       2280  -3.061290E-02  -2.169420E-02   1.919230E-02   0.000000E+00   1.797693+308
    10169       2281  -1.120430E-01  -2.749980E-02   2.432840E-02   0.000000E+00   1.797693+308
     9403       2282  -8.551650E-02   3.149060E-03  -2.785900E-03   0.000000E+00   1.797693+308
     9387       2283  -9.204900E-02  -2.279730E-02   2.016820E-02   0.000000E+00   1.797693+308
     9852       2284  -3.116940E-02  -8.799440E-03   7.784660E-03   0.000000E+00   1.797693+308
    14966       2285  -1.472810E-01  -5.340560E-03   4.724670E-03   0.000000E+00   1.797693+308
     1661       2286  -6.278620E-02  -2.917600E-02   2.581130E-02   0.000000E+00   1.797693+308
     2829       2287  -5.778140E-02   2.060690E-03  -1.823040E-03   0.000000E+00   1.797693+308
    11728       2288  -1.322190E-01  -1.139420E-02   1.008020E-02   0.000000E+00   1.797693+308
     9679       2289  -7.405030E-02  -1.835490E-02   1.623810E-02   0.000000E+00   1.797693+308
     2339       2290  -1.688020E-02  -1.714030E-02   1.516360E-02   0.000000E+00   1.797693+308
    10245       2291  -1.038310E-01   2.087020E-03  -1.846340E-03   0.000000E+00   1.797693+308
    10283       2292  -1.156490E-01  -1.200600E-02   1.062140E-02   0.000000E+00   1.797693+308
    16691       2293  -4.727740E-02  -2.484390E-02   2.197880E-02   0.000000E+00   1.797693+308
     9475       2294  -3.559410E-02   2.987330E-03  -2.642820E-03   0.000000E+00   1.797693+308
     5321       2295  -1.280560E-01  -2.677050E-02   2.368320E-02   0.000000E+00   1.797693+308
     5685       2296  -2.423190E-02  -3.216010E-02   2.845130E-02   0.000000E+00   1.797693+308
     9661       2297  -8.450310E-02  -3.341980E-02   2.956570E-02   0.000000E+00   1.797693+308
    12237       2298  -1.244810E-01   1.142770E-02  -1.010980E-02   0.000000E+00   1.797693+308
      820       2299  -6.674750E-02  -8.064380E-03   7.134360E-03   0.000000E+00   1.797693+308
    11510       2300  -2.064150E-02   9.016310E-04  -7.976510E-04   0.000000E+00   1.797693+308
    10026       2301  -7.941830E-02  -8.182180E-03   7.238580E-03   0.000000E+00   1.797693+308
     9458       2302  -4.615030E-02  -5.732730E-03   5.071610E-03   0.000000E+00   1.797693+308
    12309       2303  -2.141960E-03  -1.426830E-02   1.262280E-02   0.000000E+00   1.797693+308
    11741       2304  -1.343450E-01  -2.599880E-03   2.300050E-03   0.000000E+00   1.797693+308
     4274       2305  -9.823590E-02  -3.019520E-02   2.671300E-02   0.000000E+00   1.797693+308
    13127       2306  -4.130840E-02  -3.515800E-02   3.110340E-02   0.000000E+00   1.797693+308
     1915       2307  -7.129820E-02   2.189840E-03  -1.937300E-03   0.000000E+00   1.797693+308
    12852       2308  -1.055490E-01   1.111870E-02  -9.836410E-03   0.000000E+00   1.797693+308
    12940       2309  -3.978620E-02  -1.743000E-02   1.541990E-02   0.000000E+00   1.797693+308
     9699       2310  -1.804410E-02  -7.966890E-03   7.048120E-03   0.000000E+00   1.797693+308
     9381       2311  -1.054670E-01  -1.973800E-02   1.746170E-02   0.000000E+00   1.797693+308
    12865       2312  -1.216470E-01  -1.950920E-02   1.725940E-02   0.000000E+00   1.797693+308
    15979       2313  -1.181370E-01  -3.540150E-02   3.131890E-02   0.000000E+00   1.797693+308
     1366       2314  -9.171800E-02  -4.384470E-03   3.878830E-03   0.000000E+00   1.797693+308
     9685       2315  -8.591620E-02  -1.520010E-02   1.344720E-02   0.000000E+00   1.797693+308
    16657       2316  -7.909280E-02  -2.579030E-02   2.281610E-02   0.000000E+00   1.797693+308
     9634       2317  -7.374470E-02  -3.161690E-02   2.797070E-02   0.000000E+00   1.797693+308
    10256       2318  -9.494340E-02   7.301970E-03  -6.459880E-03   0.000000E+00   1.797693+308
    10085       2319  -8.088240E-02   1.130130E-02  -9.998030E-03   0.000000E+00   1.797693+308
    14975       2320  -1.461760E-01  -1.316980E-02   1.165100E-02   0.000000E+00   1.797693+308
    17259       2321  -1.292070E-01   4.320810E-03  -3.822510E-03   0.000000E+00   1.797693+308
    18450       2322  -5.204800E-02   9.030220E-03  -7.988820E-03   0.000000E+00   1.797693+308
    16188       2323  -1.303340E-01  -1.897370E-02   1.678550E-02   0.000000E+00   1.797693+308
    18189       2324  -5.245680E-02  -3.153580E-02   2.789900E-02   0.000000E+00   1.797693+308
    17374       2325  -1.087420E-01  -5.235430E-03   4.631660E-03   0.000000E+00   1.797693+308
     5448       2326  -1.498970E-01   2.331960E-03  -2.063030E-03   0.000000E+00   1.797693+308
    18633       2327  -1.128050E-01   5.251300E-03  -4.645700E-03   0.000000E+00   1.797693+308
    11153       2328  -6.791190E-02   1.038250E-02  -9.185140E-03   0.000000E+00   1.797693+308
    11896       2329  -2.023220E-02  -2.471620E-02   2.186580E-02   0.000000E+00   1.797693+308
     9580       2330  -3.624850E-02  -2.802220E-02   2.479060E-02   0.000000E+00   1.797693+308
     9565       2331  -6.001980E-02  -2.183500E-02   1.931690E-02   0.000000E+00   1.797693+308
    18963       2332  -1.085220E-01  -3.331580E-02   2.947370E-02   0.000000E+00   1.797693+308
     3389       2333  -1.391230E-01   3.682310E-03  -3.257650E-03   0.000000E+00   1.797693+308
    10722       2334  -6.529420E-02  -3.704710E-02   3.277460E-02   0.000000E+00   1.797693+308
     2061       2335  -5.596770E-02  -6.913090E-03   6.115850E-03   0.000000E+00   1.797693+308
    14755       2336  -1.327350E-01   1.387360E-02  -1.227360E-02   0.000000E+00   1.797693+308
    16761       2337  -1.340890E-01  -3.350630E-02   2.964220E-02   0.000000E+00   1.797693+308
    10201       2338  -1.266090E-01  -5.505490E-03   4.870570E-03   0.000000E+00   1.797693+308
     9863       2339  -4.882810E-02   1.621830E-03  -1.434790E-03   0.000000E+00   1.797693+308
    11146       2340  -1.396090E-02  -3.145820E-02   2.783040E-02   0.000000E+00   1.797693+308
    12574       2341  -9.586550E-02  -3.749940E-02   3.317480E-02   0.000000E+00   1.797693+308
    16173       2342  -1.414730E-01  -1.553540E-02   1.374380E-02   0.000000E+00   1.797693+308
     9437       2343  -6.131350E-02  -1.533080E-02   1.356280E-02   0.000000E+00   1.797693+308
    18574       2344  -7.193280E-03  -1.206160E-02   1.067060E-02   0.000000E+00   1.797693+308
    13034       2345  -3.561990E-02  -3.426800E-02   3.031610E-02   0.000000E+00   1.797693+308
    11903       2346  -1.251330E-02  -2.019180E-02   1.786320E-02   0.000000E+00   1.797693+308
     5445       2347  -8.943860E-02   1.609670E-02  -1.424040E-02   0.000000E+00   1.797693+308
     9546       2348  -6.730580E-02  -2.643370E-02   2.338530E-02   0.000000E+00   1.797693+308
     9503       2349  -2.787070E-02  -5.673380E-03   5.019100E-03   0.000000E+00   1.797693+308
    19509       2350  -2.740390E-02  -1.191480E-02   1.054080E-02   0.000000E+00   1.797693+308
    10663       2351   9.823500E-03  -1.350010E-02   1.194320E-02   0.000000E+00   1.797693+308
    10655       2352   6.354520E-03  -1.667500E-02   1.475200E-02   0.000000E+00   1.797693+308
    12265       2353  -1.577110E-01  -1.119560E-02   9.904440E-03   0.000000E+00   1.797693+308
     7237       2354  -2.822680E-02   1.110350E-02  -9.822980E-03   0.000000E+00   1.797693+308
    10886       2355  -7.641690E-02  -4.053490E-02   3.586030E-02   0.000000E+00   1.797693+308
     3671       2356  -1.425330E-01  -7.520090E-03   6.652840E-03   0.000000E+00   1.797693+308
    12850       2357  -1.112610E-01   1.140980E-02  -1.009390E-02   0.000000E+00   1.797693+308
     9559       2358  -5.018290E-02  -2.154190E-02   1.905760E-02   0.000000E+00   1.797693+308
     9919       2359  -5.042000E-02  -1.501790E-02   1.328590E-02   0.000000E+00   1.797693+308
    10272       2360  -1.041970E-01  -5.147490E-03   4.553860E-03   0.000000E+00   1.797693+308
    13085       2361  -1.177320E-01  -8.180930E-03   7.237470E-03   0.000000E+00   1.797693+308
    10359       2362  -1.482410E-02  -5.228060E-03   4.625140E-03   0.000000E+00   1.797693+308
    13091       2363  -1.268020E-01  -1.204480E-02   1.065580E-02   0.000000E+00   1.797693+308
    11996       2364  -1.533730E-01  -4.358540E-03   3.855890E-03   0.000000E+00   1.797693+308
     9792       2365  -4.462350E-02  -8.912130E-03   7.884350E-03   0.000000E+00   1.797693+308
     9611       2366  -5.090960E-02  -3.542450E-02   3.133920E-02   0.000000E+00   1.797693+308
    16258       2367  -2.740770E-02  -4.058900E-02   3.590810E-02   0.000000E+00   1.797693+308
    10280       2368  -1.100000E-01  -1.178220E-02   1.042340E-02   0.000000E+00   1.797693+308
     9509       2369  -3.255890E-02  -4.661900E-03   4.124270E-03   0.000000E+00   1.797693+308
    11506       2370  -1.788990E-02   5.243120E-03  -4.638460E-03   0.000000E+00   1.797693+308
    14761       2371  -1.329720E-01  -2.727780E-02   2.413200E-02   0.000000E+00   1.797693+308
    12866       2372  -1.162540E-01  -1.958550E-02   1.732680E-02   0.000000E+00   1.797693+308
     1275       2373  -1.553820E-01  -1.470020E-02   1.300490E-02   0.000000E+00   1.797693+308
    12026       2374  -2.639720E-02  -2.823640E-02   2.498010E-02   0.000000E+00   1.797693+308
    12011       2375  -9.460230E-02   1.446460E-02  -1.279650E-02   0.000000E+00   1.797693+308
    10975       2376  -1.736280E-02  -4.017380E-02   3.554080E-02   0.000000E+00   1.797693+308
     2618       2377  -1.028650E-01  -2.309680E-02   2.043320E-02   0.000000E+00   1.797693+308
    18149       2378  -9.447570E-02  -9.994180E-04   8.841610E-04   0.000000E+00   1.797693+308
    10167       2379  -1.172750E-01  -2.744430E-02   2.427930E-02   0.000000E+00   1.797693+308
      921       2380  -9.661030E-02  -1.558320E-02   1.378610E-02   0.000000E+00   1.797693+308
     9529       2381  -8.976840E-02  -2.640440E-02   2.335930E-02   0.000000E+00   1.797693+308
    11307       2382  -1.075920E-01  -3.719650E-02   3.290680E-02   0.000000E+00   1.797693+308
    11147       2383  -1.287260E-02  -2.749240E-02   2.432190E-02   0.000000E+00   1.797693+308
     5900       2384  -3.595280E-02   1.133440E-02  -1.002730E-02   0.000000E+00   1.797693+308
    18244       2385  -8.612660E-02   9.620160E-03  -8.510720E-03   0.000000E+00   1.797693+308
     9373       2386  -9.010790E-02  -8.009080E-03   7.085440E-03   0.000000E+00   1.797693+308
     9512       2387  -8.382040E-02  -1.879560E-02   1.662810E-02   0.000000E+00   1.797693+308
    10928       2388  -5.707290E-02   9.109630E-03  -8.059080E-03   0.000000E+00   1.797693+308
     9564       2389  -5.705920E-02  -2.502880E-02   2.214240E-02   0.000000E+00   1.797693+308
     6910       2390  -1.197450E-01   1.969520E-02  -1.742390E-02   0.000000E+00   1.797693+308
    12234       2391  -1.215610E-01   8.516250E-03  -7.534130E-03   0.000000E+00   1.797693+308
    14820       2392  -1.494490E-02   1.343740E-03  -1.188780E-03   0.000000E+00   1.797693+308
     9425       2393  -7.074940E-02  -1.475040E-02   1.304940E-02   0.000000E+00   1.797693+308
     6158       2394  -1.412120E-01   1.215630E-04  -1.075440E-04   0.000000E+00   1.797693+308
    18239       2395  -7.449150E-02  -9.420570E-04   8.334150E-04   0.000000E+00   1.797693+308
     9938       2396  -6.299550E-02  -4.868370E-03   4.306930E-03   0.000000E+00   1.797693+308
    19940       2397  -1.294790E-01  -3.486690E-02   3.084590E-02   0.000000E+00   1.797693+308
    10055       2398  -8.360550E-02  -4.349310E-04   3.847730E-04   0.000000E+00   1.797693+308
     6907       2399  -1.245710E-01   2.040060E-02  -1.804790E-02   0.000000E+00   1.797693+308
    18209       2400  -3.110230E-02   2.210030E-03  -1.955160E-03   0.000000E+00   1.797693+308
     5200       2401  -6.173150E-03  -3.833210E-02   3.391150E-02   0.000000E+00   1.797693+308
    19704       2402  -1.120390E-01   1.995330E-03  -1.765220E-03   0.000000E+00   1.797693+308
     7849       2403  -1.359130E-01   2.069610E-02  -1.830930E-02   0.000000E+00   1.797693+308
     5451       2404  -1.548420E-01   3.940860E-03  -3.486380E-03   0.000000E+00   1.797693+308
     9815       2405  -3.900370E-02   1.706950E-04  -1.510100E-04   0.000000E+00   1.797693+308
    18064       2406  -1.389510E-01  -2.190240E-02   1.937650E-02   2.074269E-06   1.797693+308
     7302       2407  -6.635990E-03   5.140490E-03  -4.547670E-03   0.000000E+00   1.797693+308
     5433       2408  -2.650100E-02  -1.989220E-02   1.759810E-02   0.000000E+00   1.797693+308
    18215       2409  -3.712870E-02  -2.477130E-02   2.191460E-02   0.000000E+00   1.797693+308
     3398       2410  -1.347960E-01   1.059690E-02  -9.374830E-03   0.000000E+00   1.797693+308
     8825       2411  -8.757540E-02  -4.170760E-02   3.689770E-02   0.000000E+00   1.797693+308
    11706       2412  -2.141960E-03  -1.068310E-02   9.451120E-03   0.000000E+00   1.797693+308
     1014       2413  -2.141960E-03  -2.143850E-02   1.896620E-02   0.000000E+00   1.797693+308
    18205       2414  -7.830720E-02  -1.435290E-02   1.269770E-02   0.000000E+00   1.797693+308
    12491       2415  -6.319680E-02   5.329170E-03  -4.714590E-03   0.000000E+00   1.797693+308
     9847       2416  -3.361010E-02  -1.371200E-02   1.213070E-02   0.000000E+00   1.797693+308
    19187       2417  -1.394250E-01  -3.151460E-02   2.788020E-02   1.806819E-06   1.797693+308
      137       2418  -6.372510E-02  -2.042370E-02   1.806840E-02   0.000000E+00   1.797693+308
    19374       2419   5.444980E-03  -8.264050E-03   7.311000E-03   0.000000E+00   1.797693+308
    10700       2420  -3.516730E-02  -3.876520E-02   3.429470E-02   0.000000E+00   1.797693+308
    12576       2421  -9.172780E-02  -3.253280E-02   2.878100E-02   0.000000E+00   1.797693+308
     2622       2422  -1.063270E-01  -2.778320E-02   2.457910E-02   0.000000E+00   1.797693+308
    12898       2423  -7.607770E-02   6.619190E-03  -5.855840E-03   0.000000E+00   1.797693+308
    12859       2424  -1.276960E-01  -4.481360E-04   3.964550E-04   0.000000E+00   1.797693+308
     6599       2425  -5.845590E-02  -3.496290E-02   3.093080E-02   0.000000E+00   1.797693+308
    10210       2426  -1.152130E-01  -3.119160E-03   2.759450E-03   0.000000E+00   1.797693+308
    16685       2427  -4.429400E-02  -3.001010E-02   2.654920E-02   0.000000E+00   1.797693+308
     9406       2428  -7.294800E-02  -7.983270E-03   7.062600E-03   0.000000E+00   1.797693+308
    13051       2429  -1.095300E-01   1.665990E-02  -1.473860E-02   0.000000E+00   1.797693+308
     9929       2430  -6.435640E-02   1.792970E-03  -1.586200E-03   0.000000E+00   1.797693+308
     8073       2431  -4.362990E-02  -3.906380E-02   3.455880E-02   0.000000E+00   1.797693+308
    19233       2432  -1.050510E-01   6.737940E-03  -5.960900E-03   0.000000E+00   1.797693+308
    10721       2433  -5.825570E-02  -3.895910E-02   3.446620E-02   0.000000E+00   1.797693+308
     9876       2434  -5.284740E-02  -2.190360E-03   1.937760E-03   0.000000E+00   1.797693+308
    10532       2435  -1.161810E-01  -3.985060E-02   3.525490E-02   0.000000E+00   1.797693+308
    11507       2436  -2.363890E-02   4.413440E-03  -3.904470E-03   0.000000E+00   1.797693+308
     9631       2437  -7.308480E-02  -2.577780E-02   2.280500E-02   0.000000E+00   1.797693+308
     6557       2438   4.959270E-03  -2.094520E-02   1.852970E-02   0.000000E+00   1.797693+308
     9625       2439  -7.113080E-02  -3.806540E-02   3.367550E-02   0.000000E+00   1.797693+308
    17587       2440  -1.042760E-01   1.615700E-02  -1.429370E-02   0.000000E+00   1.797693+308
     5106       2441  -1.524480E-01  -8.709400E-03   7.704990E-03   0.000000E+00   1.797693+308
     8199       2442  -4.889570E-03  -7.816410E-03   6.914990E-03   0.000000E+00   1.797693+308
     9487       2443  -3.934470E-02  -5.677330E-03   5.022600E-03   0.000000E+00   1.797693+308
    15101       2444  -1.583890E-01  -2.091710E-02   1.850490E-02   0.000000E+00   1.797693+308
     9858       2445  -4.955690E-02  -8.396300E-03   7.428000E-03   0.000000E+00   1.797693+308
     5209       2446  -7.660030E-02   1.469080E-02  -1.299660E-02   0.000000E+00   1.797693+308
      712       2447  -3.798380E-02  -1.247170E-02   1.103340E-02   0.000000E+00   1.797693+308
    18476       2448  -1.354990E-01  -1.745790E-02   1.544460E-02   0.000000E+00   1.797693+308
    11298       2449  -1.268780E-01  -3.901360E-02   3.451440E-02   0.000000E+00   1.797693+308
       70       2450  -1.775390E-02  -1.248180E-02   1.104230E-02   0.000000E+00   1.797693+308
     9702       2451  -1.950140E-02  -3.164820E-03   2.799840E-03   0.000000E+00   1.797693+308
    10827       2452  -1.586110E-01   9.669330E-03  -8.554230E-03   0.000000E+00   1.797693+308
    13035       2453  -3.124120E-02  -3.718390E-02   3.289570E-02   0.000000E+00   1.797693+308
    15980       2454  -1.153310E-01  -3.138070E-02   2.776170E-02   0.000000E+00   1.797693+308
     1318       2455  -1.246950E-01  -2.305010E-02   2.039180E-02   0.000000E+00   1.797693+308
     9579       2456  -2.968710E-02  -3.313470E-02   2.931350E-02   0.000000E+00   1.797693+308
     9380       2457  -1.080360E-01  -2.386550E-02   2.111320E-02   0.000000E+00   1.797693+308
     9419       2458  -6.120950E-02  -1.218450E-02   1.077930E-02   0.000000E+00   1.797693+308
    12525       2459  -7.309330E-03  -1.594230E-02   1.410380E-02   0.000000E+00   1.797693+308
    14848       2460  -1.392410E-02   8.854270E-03  -7.833160E-03   0.000000E+00   1.797693+308
    15349       2461  -1.161480E-02  -3.938330E-02   3.484150E-02   0.000000E+00   1.797693+308
    10163       2462  -1.021790E-01  -1.585710E-02   1.402840E-02   0.000000E+00   1.797693+308
     5948       2463  -2.216430E-02   7.351730E-03  -6.503900E-03   0.000000E+00   1.797693+308
     3397       2464  -1.423470E-01   6.837540E-03  -6.049010E-03   0.000000E+00   1.797693+308
    10161       2465  -9.989820E-02  -1.946410E-02   1.721950E-02   0.000000E+00   1.797693+308
    10283       2466  -1.186010E-01  -1.559720E-02   1.379850E-02   0.000000E+00   1.797693+308
    18269       2467  -1.131270E-01  -1.568380E-02   1.387510E-02   0.000000E+00   1.797693+308
    20128       2468  -9.533690E-02  -2.667820E-02   2.360160E-02   0.000000E+00   1.797693+308
     5740       2469  -1.332820E-01  -6.997060E-03   6.190130E-03   0.000000E+00   1.797693+308
    19043       2470  -1.467940E-01  -3.281850E-02   2.903370E-02   1.000000E+00   4.286517E+04
     9412       2471  -6.897900E-02  -2.987620E-03   2.643070E-03   0.000000E+00   1.797693+308
    13101       2472  -1.165870E-01   1.036200E-02  -9.167020E-03   0.000000E+00   1.797693+308
    14748       2473  -1.291430E-01   1.094670E-02  -9.684300E-03   0.000000E+00   1.797693+308
     5222       2474  -1.273040E-01   1.494060E-02  -1.321760E-02   0.000000E+00   1.797693+308
    12326       2475  -1.178560E-01   1.437740E-02  -1.271930E-02   0.000000E+00   1.797693+308
     9504       2476  -2.452650E-02  -2.523290E-03   2.232290E-03   0.000000E+00   1.797693+308
     1681       2477  -1.236000E-01  -1.560260E-02   1.380320E-02   0.000000E+00   1.797693+308
    19191       2478   9.308300E-03  -3.638240E-03   3.218660E-03   0.000000E+00   1.797693+308
    12840       2479  -9.554730E-02  -8.194870E-03   7.249810E-03   0.000000E+00   1.797693+308
    11306       2480  -1.030030E-01  -3.365630E-02   2.977490E-02   0.000000E+00   1.797693+308
    13452       2481  -4.462420E-02   1.208840E-02  -1.069430E-02   0.000000E+00   1.797693+308
      724       2482  -2.179290E-02  -1.451250E-02   1.283890E-02   0.000000E+00   1.797693+308
    15344       2483  -1.567850E-02  -3.552700E-02   3.142990E-02   0.000000E+00   1.797693+308
      922       2484  -9.335910E-02  -1.179620E-02   1.043580E-02   0.000000E+00   1.797693+308
    19590       2485  -8.685670E-02  -4.222010E-03   3.735110E-03   0.000000E+00   1.797693+308
     9804       2486  -3.198400E-02   6.607720E-03  -5.845690E-03   0.000000E+00   1.797693+308
    14405       2487  -8.105810E-02  -3.685530E-02   3.260500E-02   0.000000E+00   1.797693+308
    10066       2488  -8.044960E-02   2.963930E-03  -2.622110E-03   0.000000E+00   1.797693+308
     5742       2489  -1.373760E-01  -9.457160E-03   8.366520E-03   0.000000E+00   1.797693+308
     7262       2490  -6.392490E-02   1.354210E-02  -1.198040E-02   0.000000E+00   1.797693+308
      901       2491  -1.523840E-01  -1.776440E-02   1.571570E-02   0.000000E+00   1.797693+308
     8224       2492  -7.386470E-03  -2.333970E-02   2.064800E-02   1.974856E-07   1.797693+308
     9812       2493  -4.058110E-02   4.424370E-03  -3.914130E-03   0.000000E+00   1.797693+308
    12978       2494  -8.898260E-02  -1.899870E-02   1.680770E-02   0.000000E+00   1.797693+308
     2560       2495   3.652030E-03  -1.136740E-02   1.005640E-02   0.000000E+00   1.797693+308
    12576       2496  -9.121730E-02  -3.566340E-02   3.155050E-02   0.000000E+00   1.797693+308
     5212       2497  -8.117750E-02   1.571310E-02  -1.390100E-02   0.000000E+00   1.797693+308
     1117       2498  -8.331790E-02  -1.157060E-02   1.023630E-02   0.000000E+00   1.797693+308
     9974       2499  -5.310710E-02  -1.802660E-02   1.594770E-02   0.000000E+00   1.797693+308
     9533       2500  -8.679440E-02  -2.260000E-02   1.999370E-02   0.000000E+00   1.797693+308
     9624       2501  -6.933800E-02  -3.410250E-02   3.016970E-02   0.000000E+00   1.797693+308
    12030       2502  -2.670860E-02  -2.410580E-02   2.132580E-02   0.000000E+00   1.797693+308
     6311       2503  -1.049850E-01  -4.083360E-02   3.612450E-02   0.000000E+00   1.797693+308
     9445       2504  -4.457420E-02  -1.558760E-02   1.379000E-02   0.000000E+00   1.797693+308
    16666       2505  -8.213050E-02  -2.953400E-02   2.612800E-02   0.000000E+00   1.797693+308
    11091       2506  -1.314500E-01   1.749760E-02  -1.547970E-02   0.000000E+00   1.797693+308
    17840       2507  -1.595790E-01   9.691150E-04  -8.573530E-04   0.000000E+00   1.797693+308
    16752       2508  -1.384550E-01  -3.531710E-02   3.124420E-02   0.000000E+00   1.797693+308
     9522       2509  -7.601310E-02  -2.215700E-02   1.960170E-02   0.000000E+00   1.797693+308
    10168       2510  -1.141480E-01  -2.354260E-02   2.082760E-02   0.000000E+00   1.797693+308
     9547       2511  -6.788650E-02  -3.032990E-02   2.683220E-02   0.000000E+00   1.797693+308
    15969       2512  -1.127150E-01  -3.543420E-02   3.134780E-02   0.000000E+00   1.797693+308
    18551       2513   1.163690E-03  -1.804550E-02   1.596440E-02   0.000000E+00   1.797693+308
    12524       2514  -1.225870E-02  -1.463010E-02   1.294290E-02   0.000000E+00   1.797693+308
     5823       2515  -1.587550E-01  -7.280780E-03   6.441130E-03   0.000000E+00   1.797693+308
     9363       2516  -1.190140E-01  -2.609200E-03   2.308300E-03   0.000000E+00   1.797693+308
     8194       2517  -9.025960E-03  -1.858500E-03   1.644170E-03   0.000000E+00   1.797693+308
    14218       2518  -3.160890E-02  -2.563280E-02   2.267670E-02   0.000000E+00   1.797693+308
     9354       2519  -1.000260E-01   9.347660E-03  -8.269650E-03   0.000000E+00   1.797693+308
     2055       2520  -5.811190E-02  -3.559830E-03   3.149300E-03   0.000000E+00   1.797693+308
     2282       2521  -1.417250E-01   2.092700E-02  -1.851360E-02   0.000000E+00   1.797693+308
    10258       2522  -9.050410E-02   5.281780E-03  -4.672660E-03   0.000000E+00   1.797693+308
    18327       2523  -9.753310E-03  -3.481110E-02   3.079660E-02   0.000000E+00   1.797693+308
     8658       2524  -1.311590E-01  -2.328460E-02   2.059930E-02   0.000000E+00   1.797693+308
     9349       2525  -1.064880E-01  -8.570380E-03   7.582010E-03   0.000000E+00   1.797693+308
    10361       2526  -1.016780E-02  -8.607720E-03   7.615050E-03   0.000000E+00   1.797693+308
    13084       2527  -1.210410E-01  -1.199640E-02   1.061290E-02   0.000000E+00   1.797693+308
    11435       2528  -1.315640E-01   1.004670E-03  -8.888040E-04   0.000000E+00   1.797693+308
     5636       2529   1.122580E-02  -2.612260E-02   2.311000E-02   0.000000E+00   1.797693+308
    12015       2530  -9.019500E-02   1.199120E-02  -1.060830E-02   0.000000E+00   1.797693+308
    13764       2531  -4.990790E-02  -3.968250E-02   3.510610E-02   0.000000E+00   1.797693+308
    11722       2532  -1.467110E-01  -9.498200E-03   8.402830E-03   0.000000E+00   1.797693+308
    12644       2533  -2.590600E-02  -3.647540E-02   3.226890E-02   0.000000E+00   1.797693+308
      499       2534  -5.500820E-02   5.546380E-03  -4.906750E-03   0.000000E+00   1.797693+308
     1673       2535  -1.317060E-01  -1.510100E-02   1.335950E-02   0.000000E+00   1.797693+308
     9604       2536  -6.928810E-02  -2.321720E-02   2.053970E-02   0.000000E+00   1.797693+308
     9346       2537  -1.044460E-01  -1.187920E-02   1.050920E-02   0.000000E+00   1.797693+308
    11726       2538  -1.419580E-01  -1.155170E-02   1.021950E-02   0.000000E+00   1.797693+308
     1055       2539  -1.585930E-01  -2.739990E-02   2.424000E-02   0.000000E+00   1.797693+308
     9505       2540  -2.919590E-02  -1.591970E-03   1.408370E-03   0.000000E+00   1.797693+308
     6406       2541  -6.746680E-04  -3.608460E-02   3.192320E-02   8.263617E-01   1.797693+308
     5019       2542  -9.220290E-03   1.623020E-03  -1.435850E-03   0.000000E+00   1.797693+308
     6766       2543  -1.551680E-01  -3.060360E-02   2.707420E-02   1.828849E-07   1.797693+308
    10284       2544  -1.076530E-01  -1.577050E-02   1.395180E-02   0.000000E+00   1.797693+308
    20156       2545  -5.756290E-02  -3.058700E-02   2.705960E-02   0.000000E+00   1.797693+308
    10044       2546  -7.632810E-02  -1.158820E-02   1.025180E-02   0.000000E+00   1.797693+308
    11899       2547  -1.709650E-02  -2.808720E-02   2.484810E-02   0.000000E+00   1.797693+308
     6173       2548  -1.385480E-01  -2.759370E-02   2.441150E-02   1.000000E+00   4.614179E+03
     3666       2549  -1.418600E-01  -3.829730E-03   3.388070E-03   0.000000E+00   1.797693+308
     6410       2550   4.214510E-03   7.518260E-03  -6.651230E-03   0.000000E+00   1.797693+308
    18444       2551  -1.489140E-01  -1.456090E-03   1.288170E-03   0.000000E+00   1.797693+308
    10536       2552  -1.217520E-01  -3.895780E-02   3.446500E-02   0.000000E+00   1.797693+308
    10173       2553  -1.108600E-01  -1.966170E-02   1.739430E-02   0.000000E+00   1.797693+308
     9343       2554  -1.063320E-01  -1.596680E-03   1.412550E-03   0.000000E+00   1.797693+308
    13094       2555  -1.166090E-01   3.307180E-03  -2.925780E-03   0.000000E+00   1.797693+308
     5924       2556   8.848090E-03   4.834080E-03  -4.276600E-03   0.000000E+00   1.797693+308
     5389       2557  -1.608460E-03   7.574220E-03  -6.700730E-03   0.000000E+00   1.797693+308
    18437       2558  -1.500310E-01   6.146390E-03  -5.437560E-03   0.000000E+00   1.797693+308
     8585       2559  -1.443510E-01  -1.883210E-02   1.666030E-02   1.542099E-06   1.797693+308
     5196       2560  -1.547100E-01   1.950510E-02  -1.725570E-02   0.000000E+00   1.797693+308
     4816       2561  -1.577110E-01   1.595930E-02  -1.411880E-02   0.000000E+00   1.797693+308
     7932       2562  -1.090960E-01  -4.086630E-02   3.615340E-02   0.000000E+00   1.797693+308
     3768       2563  -1.496170E-01   2.129870E-02  -1.884250E-02   0.000000E+00   1.797693+308
    11731       2564  -1.366190E-01  -1.347310E-02   1.191940E-02   0.000000E+00   1.797693+308
    11874       2565  -7.045950E-02   6.343180E-03  -5.611660E-03   0.000000E+00   1.797693+308
     9355       2566  -9.937500E-02   4.590330E-03  -4.060950E-03   0.000000E+00   1.797693+308
     1316       2567  -1.194210E-01  -2.348190E-02   2.077390E-02   0.000000E+00   1.797693+308
     9348       2568  -1.012820E-01  -8.376860E-03   7.410810E-03   0.000000E+00   1.797693+308
    18412       2569  -6.851120E-02   1.447840E-02  -1.280870E-02   0.000000E+00   1.797693+308
     1318       2570  -1.225070E-01  -2.738880E-02   2.423020E-02   0.000000E+00   1.797693+308
     2611       2571  -1.009050E-01  -2.695210E-02   2.384390E-02   0.000000E+00   1.797693+308
    10929       2572  -5.356980E-02   1.284330E-02  -1.136210E-02   0.000000E+00   1.797693+308
    12031       2573  -1.855620E-02  -2.092820E-02   1.851470E-02   0.000000E+00   1.797693+308
     9389       2574  -9.761760E-02  -2.307120E-02   2.041050E-02   0.000000E+00   1.797693+308
      731       2575  -2.636750E-02  -1.587390E-02   1.404330E-02   0.000000E+00   1.797693+308
     5232       2576  -1.587100E-01  -3.365440E-03   2.977320E-03   0.000000E+00   1.797693+308
     9369       2577  -9.432960E-02  -1.919030E-02   1.697720E-02   0.000000E+00   1.797693+308
     9611       2578  -4.766320E-02  -3.252870E-02   2.877740E-02   0.000000E+00   1.797693+308
     9612       2579  -4.909510E-02  -2.856450E-02   2.527030E-02   0.000000E+00   1.797693+308
    19751       2580   1.093590E-02   6.489340E-04  -5.740960E-04   0.000000E+00   1.797693+308
    14829       2581  -1.211380E-02   4.900890E-03  -4.335700E-03   0.000000E+00   1.797693+308
     2290       2582  -1.397230E-01   1.724910E-02  -1.525990E-02   0.000000E+00   1.797693+308
    17537       2583  -1.222140E-02  -2.403470E-02   2.126290E-02   0.000000E+00   1.797693+308
      914       2584  -9.117080E-02  -1.539740E-02   1.362170E-02   0.000000E+00   1.797693+308
      871       2585   8.109660E-03  -3.305230E-02   2.924060E-02   0.000000E+00   1.797693+308
     5210       2586  -7.242020E-02   1.256840E-02  -1.111890E-02   0.000000E+00   1.797693+308
     6515       2587   1.009960E-02  -2.033440E-02   1.798940E-02   0.000000E+00   1.797693+308
     9374       2588  -8.801200E-02  -1.160460E-02   1.026630E-02   0.000000E+00   1.797693+308
    18371       2589  -7.587310E-02  -3.709960E-02   3.282110E-02   0.000000E+00   1.797693+308
     2832       2590  -6.081850E-02  -5.824940E-04   5.153180E-04   0.000000E+00   1.797693+308
    11865       2591  -6.249110E-02   8.935950E-03  -7.905420E-03   0.000000E+00   1.797693+308
     6544       2592   1.090950E-02  -7.217920E-03   6.385520E-03   0.000000E+00   1.797693+308
    12235       2593  -1.212240E-01   4.433390E-03  -3.922110E-03   0.000000E+00   1.797693+308
    11433       2594  -1.338230E-01   4.048760E-03  -3.581840E-03   0.000000E+00   1.797693+308
    10728       2595  -6.686000E-02  -4.138200E-02   3.660960E-02   0.000000E+00   1.797693+308
     9557       2596  -5.187710E-02  -2.511460E-02   2.221830E-02   0.000000E+00   1.797693+308
     5741       2597  -1.377250E-01  -5.262420E-03   4.655530E-03   0.000000E+00   1.797693+308
     4416       2598  -6.447350E-02  -3.302020E-02   2.921220E-02   0.000000E+00   1.797693+308
     8825       2599  -9.159860E-02  -3.907480E-02   3.456850E-02   0.000000E+00   1.797693+308
    10093       2600  -8.203140E-02   6.843530E-03  -6.054310E-03   0.000000E+00   1.797693+308
     9372       2601  -8.494560E-02  -7.806000E-03   6.905780E-03   0.000000E+00   1.797693+308
     9985       2602  -6.895850E-02  -1.120880E-02   9.916140E-03   0.000000E+00   1.797693+308
    14295       2603  -7.713750E-02  -4.272490E-03   3.779770E-03   0.000000E+00   1.797693+308
    18179       2604  -4.084140E-02  -2.776970E-02   2.456720E-02   0.000000E+00   1.797693+308
    10933       2605  -5.763440E-02   1.349360E-02  -1.193750E-02   0.000000E+00   1.797693+308
     7036       2606  -1.383030E-01   1.370270E-02  -1.212250E-02   0.000000E+00   1.797693+308
    11992       2607  -1.538780E-01  -3.190630E-04   2.822680E-04   0.000000E+00   1.797693+308
     3221       2608  -1.308880E-01  -3.057730E-02   2.705100E-02   0.000000E+00   1.797693+308
    12122       2609  -1.235490E-01  -3.464370E-02   3.064850E-02   0.000000E+00   1.797693+308
     6383       2610  -1.345470E-01  -3.756060E-02   3.322900E-02   0.000000E+00   1.797693+308
     9528       2611  -8.469860E-02  -2.619550E-02   2.317460E-02   0.000000E+00   1.797693+308
     9427       2612  -6.859760E-02  -1.770990E-02   1.566750E-02   0.000000E+00   1.797693+308
     9634       2613  -7.690240E-02  -3.430540E-02   3.034920E-02   0.000000E+00   1.797693+308
     9447       2614  -4.738520E-02  -1.187020E-02   1.050130E-02   0.000000E+00   1.797693+308
     9457       2615  -4.217240E-02  -3.117060E-03   2.757590E-03   0.000000E+00   1.797693+308
     6811       2616  -1.597300E-01   3.938190E-03  -3.484020E-03   0.000000E+00   1.797693+308
     9842       2617  -3.488030E-02  -1.922660E-02   1.700930E-02   0.000000E+00   1.797693+308
      873       2618   9.101660E-03  -2.941680E-02   2.602430E-02   0.000000E+00   1.797693+308
     9476       2619  -3.409980E-02  -7.106360E-04   6.286820E-04   0.000000E+00   1.797693+308
    13087       2620  -1.239460E-01  -8.844170E-03   7.824220E-03   0.000000E+00   1.797693+308
     9569       2621  -3.976610E-02  -3.148280E-02   2.785210E-02   0.000000E+00   1.797693+308
     9659       2622  -8.760410E-02  -3.042520E-02   2.691650E-02   0.000000E+00   1.797693+308
     9516       2623  -8.181700E-02  -2.238540E-02   1.980380E-02   0.000000E+00   1.797693+308
     9809       2624  -4.391590E-02   8.962630E-04  -7.929020E-04   0.000000E+00   1.797693+308
     9955       2625  -5.291800E-02  -1.103070E-02   9.758560E-03   0.000000E+00   1.797693+308
    18058       2626  -1.507850E-01  -3.179870E-02   2.813150E-02   1.000000E+00   8.516718E+04
     9456       2627  -4.750090E-02  -2.319880E-03   2.052340E-03   0.000000E+00   1.797693+308
     3397       2628  -1.398720E-01   1.049360E-02  -9.283450E-03   0.000000E+00   1.797693+308
     3567       2629  -8.905880E-03  -3.050730E-02   2.698910E-02   1.000000E+00   3.667209E+03
     5788       2630  -9.673240E-02  -4.111730E-02   3.637550E-02   0.000000E+00   1.797693+308
     4805       2631   3.717500E-03  -3.456850E-02   3.058190E-02   2.214559E-05   1.797693+308
    14749       2632  -1.319240E-01   7.342170E-03  -6.495440E-03   0.000000E+00   1.797693+308
     9514       2633  -7.877740E-02  -1.808020E-02   1.599510E-02   0.000000E+00   1.797693+308
       79       2634  -2.268600E-02  -1.037660E-02   9.179960E-03   0.000000E+00   1.797693+308
    17658       2635  -1.006380E-01  -3.920160E-02   3.468070E-02   0.000000E+00   1.797693+308
     3398       2636  -1.369810E-01   7.166880E-03  -6.340370E-03   0.000000E+00   1.797693+308
    19328       2637  -1.877250E-02  -3.187520E-02   2.819920E-02   0.000000E+00   1.797693+308
    14971       2638  -1.498120E-01  -1.159520E-02   1.025800E-02   0.000000E+00   1.797693+308
     6576       2639  -6.756430E-04  -6.837480E-03   6.048960E-03   0.000000E+00   1.797693+308
     8828       2640  -8.657140E-02  -3.714510E-02   3.286140E-02   0.000000E+00   1.797693+308
    12577       2641  -9.796170E-02  -3.397190E-02   3.005410E-02   0.000000E+00   1.797693+308
     9700       2642  -2.341670E-02  -6.390080E-03   5.653150E-03   0.000000E+00   1.797693+308
    10199       2643  -1.239670E-01  -2.269210E-03   2.007510E-03   0.000000E+00   1.797693+308
    10057       2644  -8.199710E-02  -4.247250E-03   3.757440E-03   0.000000E+00   1.797693+308
    10250       2645  -9.907300E-02   5.397470E-04  -4.775010E-04   0.000000E+00   1.797693+308
     8828       2646  -8.202370E-02  -4.105850E-02   3.632350E-02   0.000000E+00   1.797693+308
    10872       2647  -1.142490E-01   1.837440E-02  -1.625540E-02   0.000000E+00   1.797693+308
    10062       2648  -8.893300E-02  -7.084720E-04   6.267680E-04   0.000000E+00   1.797693+308
    19701       2649  -1.084280E-01   4.157650E-03  -3.678170E-03   0.000000E+00   1.797693+308
    12921       2650  -5.461640E-02  -2.149100E-02   1.901260E-02   0.000000E+00   1.797693+308
     9435       2651  -5.748410E-02  -1.695800E-02   1.500240E-02   0.000000E+00   1.797693+308
    13045       2652  -1.025790E-01   1.298840E-02  -1.149050E-02   0.000000E+00   1.797693+308
     9613       2653  -4.607660E-02  -3.579320E-02   3.166540E-02   0.000000E+00   1.797693+308
    11434       2654  -1.362050E-01   6.413860E-04  -5.674190E-04   0.000000E+00   1.797693+308
     6906       2655  -1.228510E-01   1.704130E-02  -1.507610E-02   0.000000E+00   1.797693+308
     9577       2656  -3.110250E-02  -2.976990E-02   2.633670E-02   0.000000E+00   1.797693+308
      405       2657  -1.537080E-01   7.947790E-03  -7.031220E-03   0.000000E+00   1.797693+308
     9563       2658  -6.180000E-02  -2.529890E-02   2.238140E-02   0.000000E+00   1.797693+308
    11019       2659  -1.504660E-01  -1.457380E-02   1.289310E-02   0.000000E+00   1.797693+308
     9483       2660  -3.579920E-02  -6.867120E-03   6.075170E-03   0.000000E+00   1.797693+308
     5645       2661  -9.666170E-02   1.798750E-02  -1.591310E-02   0.000000E+00   1.797693+308
    10207       2662  -1.134060E-01  -9.456240E-03   8.365710E-03   0.000000E+00   1.797693+308
    13448       2663  -3.851200E-02   8.379570E-03  -7.413210E-03   0.000000E+00   1.797693+308
     5950       2664  -1.865400E-02   9.483130E-03  -8.389500E-03   0.000000E+00   1.797693+308
     9942       2665  -5.350140E-02   1.624760E-03  -1.437390E-03   0.000000E+00   1.797693+308
    10605       2666  -5.052440E-03  -3.487770E-02   3.085550E-02   1.000000E+00   3.387464E+04
    13000       2667  -5.472000E-02  -2.785080E-02   2.463890E-02   0.000000E+00   1.797693+308
    14774       2668  -1.352750E-01  -3.043080E-02   2.692140E-02   0.000000E+00   1.797693+308
    12033       2669  -3.128170E-02  -1.740190E-02   1.539500E-02   0.000000E+00   1.797693+308
      729       2670  -2.162880E-02  -1.823930E-02   1.613580E-02   0.000000E+00   1.797693+308
    12515       2671  -1.294150E-01  -8.910910E-03   7.883270E-03   0.000000E+00   1.797693+308
     4773       2672  -8.619100E-03  -2.667640E-02   2.360000E-02   1.000000E+00   4.931221E+03
    11679       2673  -1.398440E-01  -1.909620E-02   1.689390E-02   0.000000E+00   1.797693+308
     9630       2674  -7.681270E-02  -2.869200E-02   2.538310E-02   0.000000E+00   1.797693+308
    18264       2675  -9.486390E-02   1.057580E-02  -9.356160E-03   0.000000E+00   1.797693+308
     9391       2676  -7.904850E-02  -6.884940E-04   6.090940E-04   0.000000E+00   1.797693+308
    12077       2677  -1.566840E-01  -1.780220E-02   1.574920E-02   0.000000E+00   1.797693+308
    19705       2678  -1.107680E-01  -1.942410E-03   1.718400E-03   0.000000E+00   1.797693+308
     5443       2679  -8.560750E-02   1.340750E-02  -1.186130E-02   0.000000E+00   1.797693+308
    10701       2680  -3.904640E-02  -3.974040E-02   3.515740E-02   0.000000E+00   1.797693+308
    13095       2681  -1.170250E-01   6.536880E-03  -5.783020E-03   0.000000E+00   1.797693+308
    16630       2682  -2.637240E-02   7.468820E-03  -6.607480E-03   0.000000E+00   1.797693+308
     1105       2683   1.162960E-02  -1.669720E-02   1.477160E-02   0.000000E+00   1.797693+308
    14768       2684  -1.352410E-01  -2.503730E-02   2.214990E-02   0.000000E+00   1.797693+308
    12016       2685  -9.034960E-02   8.636500E-03  -7.640500E-03   0.000000E+00   1.797693+308
     5689       2686  -2.151030E-02  -2.834510E-02   2.507620E-02   0.000000E+00   1.797693+308
     6562       2687  -9.858230E-03   7.519320E-03  -6.652170E-03   0.000000E+00   1.797693+308
    11742       2688  -1.304390E-01  -4.375280E-03   3.870700E-03   0.000000E+00   1.797693+308
     4183       2689  -6.604220E-03   8.867930E-03  -7.845250E-03   0.000000E+00   1.797693+308
    10205       2690  -1.131960E-01  -5.939200E-03   5.254270E-03   0.000000E+00   1.797693+308
    15109       2691  -1.579260E-01  -2.403200E-02   2.126050E-02   0.000000E+00   1.797693+308
     9704       2692  -2.619490E-02   1.298010E-03  -1.148320E-03   0.000000E+00   1.797693+308
    12649       2693  -2.078540E-02  -3.595280E-02   3.180660E-02   0.000000E+00   1.797693+308
      503       2694  -5.071210E-02   5.983450E-03  -5.293410E-03   0.000000E+00   1.797693+308
     6107       2695  -4.901770E-02   1.302600E-02  -1.152380E-02   0.000000E+00   1.797693+308
     1469       2696   2.530340E-03  -1.448700E-02   1.281630E-02   0.000000E+00   1.797693+308
    12023       2697  -2.313080E-02  -2.228960E-02   1.971910E-02   0.000000E+00   1.797693+308
    17263       2698  -1.252200E-01   2.156710E-03  -1.907990E-03   0.000000E+00   1.797693+308
     9446       2699  -4.263820E-02  -1.208590E-02   1.069210E-02   0.000000E+00   1.797693+308
     5862       2700  -1.577780E-01   1.275610E-02  -1.128500E-02   0.000000E+00   1.797693+308
     6159       2701  -1.428140E-01   3.406380E-03  -3.013540E-03   0.000000E+00   1.797693+308
    18165       2702  -4.784970E-02  -1.844920E-02   1.632160E-02   0.000000E+00   1.797693+308
     2907       2703  -1.432060E-02  -1.057480E-02   9.355250E-03   0.000000E+00   1.797693+308
    12314       2704  -3.271980E-03  -1.774420E-02   1.569790E-02   0.000000E+00   1.797693+308
     1676       2705  -1.258130E-01  -1.943650E-02   1.719500E-02   0.000000E+00   1.797693+308
     9436       2706  -6.049480E-02  -1.861510E-02   1.646830E-02   0.000000E+00   1.797693+308
     9786       2707  -3.963510E-02  -8.875850E-03   7.852250E-03   0.000000E+00   1.797693+308
     8197       2708  -6.927510E-03  -4.893950E-03   4.329560E-03   0.000000E+00   1.797693+308
    18549       2709  -1.127700E-01   1.475010E-02  -1.304910E-02   0.000000E+00   1.797693+308
     7635       2710  -1.600340E-01  -1.498390E-02   1.325590E-02   0.000000E+00   1.797693+308
    18622       2711  -7.352710E-02   9.365410E-03  -8.285360E-03   0.000000E+00   1.797693+308
     9839       2712  -3.913530E-02  -2.077700E-02   1.838090E-02   0.000000E+00   1.797693+308
    11089       2713  -1.353090E-01   1.639540E-02  -1.450460E-02   0.000000E+00   1.797693+308
     1934       2714  -1.082800E-01   9.401810E-04  -8.317560E-04   0.000000E+00   1.797693+308
    19515       2715  -6.163100E-02  -8.393820E-03   7.425820E-03   0.000000E+00   1.797693+308
     5091       2716  -3.135450E-02  -4.086120E-02   3.614890E-02   0.000000E+00   1.797693+308
    10357       2717  -1.424060E-02  -2.191110E-03   1.938420E-03   0.000000E+00   1.797693+308
     9696       2718  -2.660700E-02  -8.723010E-03   7.717040E-03   0.000000E+00   1.797693+308
     4871       2719   7.486880E-03  -2.388810E-02   2.113320E-02   0.000000E+00   1.797693+308
    11908       2720  -7.464670E-03  -1.948910E-02   1.724160E-02   0.000000E+00   1.797693+308
     9525       2721  -7.137040E-02  -2.074220E-02   1.835010E-02   0.000000E+00   1.797693+308
    14116       2722  -4.258260E-02  -2.400030E-02   2.123250E-02   0.000000E+00   1.797693+308
     9421       2723  -6.573280E-02  -1.406690E-02   1.244470E-02   0.000000E+00   1.797693+308
    14293       2724  -7.305830E-02  -3.630050E-03   3.211420E-03   0.000000E+00   1.797693+308
     5954       2725  -2.319960E-02   1.074320E-02  -9.504250E-03   0.000000E+00   1.797693+308
     9814       2726  -4.516800E-02   3.848100E-03  -3.404320E-03   0.000000E+00   1.797693+308
    18253       2727  -1.212990E-01  -5.556370E-03   4.915590E-03   0.000000E+00   1.797693+308
    10278       2728  -9.988380E-02  -5.500530E-03   4.866190E-03   0.000000E+00   1.797693+308
     6599       2729  -5.444990E-02  -3.728670E-02   3.298660E-02   0.000000E+00   1.797693+308
     9626       2730  -7.339780E-02  -3.503800E-02   3.099730E-02   0.000000E+00   1.797693+308
     6161       2731  -1.461030E-01   4.605510E-03  -4.074380E-03   0.000000E+00   1.797693+308
     7376       2732  -7.196910E-02  -4.221680E-02   3.734820E-02   0.000000E+00   1.797693+308
     5761       2733  -5.464420E-02  -4.089500E-02   3.617880E-02   0.000000E+00   1.797693+308
    10075       2734  -9.140210E-02   2.357730E-03  -2.085830E-03   0.000000E+00   1.797693+308
    18650       2735  -4.014140E-02   1.211740E-02  -1.072000E-02   0.000000E+00   1.797693+308
     9934       2736  -5.736590E-02  -1.062560E-02   9.400200E-03   0.000000E+00   1.797693+308
     9485       2737  -3.674150E-02  -3.014830E-03   2.667150E-03   0.000000E+00   1.797693+308
     9939       2738  -5.592840E-02  -5.188880E-04   4.590480E-04   0.000000E+00   1.797693+308
     2609       2739  -1.026230E-01  -2.975820E-02   2.632640E-02   0.000000E+00   1.797693+308
     9658       2740  -9.362650E-02  -2.938350E-02   2.599490E-02   0.000000E+00   1.797693+308
    12119       2741  -1.192550E-01  -3.133910E-02   2.772490E-02   0.000000E+00   1.797693+308
    16769       2742  -1.430970E-01  -3.506040E-02   3.101710E-02   0.000000E+00   1.797693+308
     9345       2743  -1.024090E-01  -2.110440E-03   1.867060E-03   0.000000E+00   1.797693+308
    17958       2744  -1.293430E-01   2.105820E-02  -1.862970E-02   0.000000E+00   1.797693+308
    12429       2745  -8.469720E-02   1.722660E-02  -1.524000E-02   0.000000E+00   1.797693+308
     1904       2746  -7.584360E-02   2.740250E-03  -2.424240E-03   0.000000E+00   1.797693+308
     9400       2747  -8.675410E-02   6.331800E-03  -5.601590E-03   0.000000E+00   1.797693+308
     9581       2748  -3.540460E-02  -3.108320E-02   2.749850E-02   0.000000E+00   1.797693+308
     1516       2749  -7.218950E-02   1.572490E-02  -1.391140E-02   0.000000E+00   1.797693+308
     1668       2750  -5.936160E-02  -2.734220E-02   2.418900E-02   0.000000E+00   1.797693+308
     9410       2751  -6.522510E-02  -1.951650E-03   1.726580E-03   0.000000E+00   1.797693+308
    12553       2752  -1.377790E-01  -2.284980E-03   2.021470E-03   0.000000E+00   1.797693+308
    17367       2753  -9.947540E-02   1.523720E-02  -1.348000E-02   0.000000E+00   1.797693+308
    13320       2754  -3.257850E-02   1.108640E-02  -9.807870E-03   0.000000E+00   1.797693+308
     9841       2755  -3.447320E-02  -2.252640E-02   1.992860E-02   0.000000E+00   1.797693+308
    17251       2756  -1.252130E-01   6.118590E-03  -5.412970E-03   0.000000E+00   1.797693+308
    13435       2757  -4.306490E-02   7.774980E-03  -6.878340E-03   0.000000E+00   1.797693+308
    16257       2758  -2.268430E-02  -4.064300E-02   3.595590E-02   0.000000E+00   1.797693+308
    13103       2759  -1.126580E-01   8.463460E-03  -7.487420E-03   0.000000E+00   1.797693+308
     9337       2760  -9.595520E-02  -4.454270E-03   3.940580E-03   0.000000E+00   1.797693+308
    12485       2761  -5.893370E-02   5.469510E-03  -4.838740E-03   0.000000E+00   1.797693+308
     1309       2762  -1.278340E-01  -2.156110E-02   1.907450E-02   0.000000E+00   1.797693+308
    17261       2763  -1.257160E-01   9.042050E-03  -7.999290E-03   0.000000E+00   1.797693+308
     5340       2764  -1.064990E-01   1.894380E-02  -1.675920E-02   0.000000E+00   1.797693+308
    16745       2765  -1.431010E-01  -3.157250E-02   2.793140E-02   1.000000E+00   9.993269E+04
    11900       2766  -1.643210E-02  -2.419050E-02   2.140070E-02   0.000000E+00   1.797693+308
    11438       2767  -1.456120E-01   1.074170E-03  -9.502900E-04   0.000000E+00   1.797693+308
     4684       2768  -1.545320E-01  -1.982180E-02   1.753590E-02   0.000000E+00   1.797693+308
    13044       2769  -1.076820E-01   1.390000E-02  -1.229700E-02   0.000000E+00   1.797693+308
     9877       2770  -5.044620E-02  -5.127830E-03   4.536470E-03   0.000000E+00   1.797693+308
    18580       2771  -1.010020E-01  -3.635780E-02   3.216490E-02   0.000000E+00   1.797693+308
    12125       2772  -1.268770E-01  -3.083400E-02   2.727810E-02   0.000000E+00   1.797693+308
    14298       2773  -6.976240E-02  -5.506170E-03   4.871170E-03   0.000000E+00   1.797693+308
    14280       2774  -6.741260E-02  -1.166030E-04   1.031560E-04   0.000000E+00   1.797693+308
      710       2775  -4.027370E-02  -1.469000E-02   1.299590E-02   0.000000E+00   1.797693+308
     6597       2776  -5.476700E-02  -3.395940E-02   3.004300E-02   0.000000E+00   1.797693+308
    10721       2777  -6.230480E-02  -4.026430E-02   3.562090E-02   0.000000E+00   1.797693+308
     9362       2778  -1.158070E-01  -1.949970E-05   1.725090E-05   0.000000E+00   1.797693+308
    18176       2779  -7.176690E-02  -2.857010E-02   2.527530E-02   0.000000E+00   1.797693+308
      903       2780  -1.486690E-01  -1.827630E-02   1.616860E-02   0.000000E+00   1.797693+308
     9845       2781  -3.494220E-02  -1.061380E-02   9.389730E-03   0.000000E+00   1.797693+308
    10263       2782  -9.412300E-02   4.576670E-03  -4.048870E-03   0.000000E+00   1.797693+308
     9638       2783  -7.997270E-02  -3.196440E-02   2.827820E-02   0.000000E+00   1.797693+308
     6877       2784  -1.387770E-01  -2.432320E-02   2.151810E-02   1.000000E+00   1.497520E+04
     5342       2785  -1.017390E-01   1.877810E-02  -1.661260E-02   0.000000E+00   1.797693+308
     5287       2786  -4.223600E-02  -4.233040E-02   3.744870E-02   0.000000E+00   1.797693+308
     5648       2787  -9.287920E-02   1.743190E-02  -1.542160E-02   0.000000E+00   1.797693+308
    10018       2788  -7.074300E-02  -7.159250E-04   6.333610E-04   0.000000E+00   1.797693+308
     5789       2789  -1.013680E-01  -4.241190E-02   3.752080E-02   0.000000E+00   1.797693+308
    18657       2790   1.132460E-02  -2.317760E-02   2.050460E-02   0.000000E+00   1.797693+308
     5281       2791  -1.114950E-01  -3.861230E-02   3.415940E-02   0.000000E+00   1.797693+308
     6541       2792   1.239480E-02  -1.069860E-02   9.464820E-03   0.000000E+00   1.797693+308
    10539       2793  -1.205740E-01  -4.181360E-02   3.699150E-02   0.000000E+00   1.797693+308
    10239       2794  -9.844940E-02   1.235650E-02  -1.093150E-02   0.000000E+00   1.797693+308
    10704       2795  -3.602860E-02  -4.182400E-02   3.700070E-02   0.000000E+00   1.797693+308
     8824       2796  -9.253750E-02  -4.253640E-02   3.763090E-02   0.000000E+00   1.797693+308
     4921       2797  -1.422330E-01  -2.089020E-02   1.848100E-02   1.000000E+00   6.886145E+03
     6758       2798  -1.454540E-01   2.112180E-02  -1.868600E-02   0.000000E+00   1.797693+308
     1116       2799  -8.162880E-02  -1.498520E-02   1.325710E-02   0.000000E+00   1.797693+308
    10661       2800   5.458480E-03  -1.344620E-02   1.189550E-02   0.000000E+00   1.797693+308
     9675       2801  -7.503240E-02  -1.506840E-02   1.333060E-02   0.000000E+00   1.797693+308
    10827       2802  -1.585990E-01   6.466130E-03  -5.720430E-03   0.000000E+00   1.797693+308
     6554       2803   1.516690E-03  -2.168680E-02   1.918580E-02   0.000000E+00   1.797693+308
     9805       2804  -3.629360E-02   6.110400E-03  -5.405730E-03   0.000000E+00   1.797693+308
    19374       2805   6.596960E-03  -5.635840E-03   4.985890E-03   0.000000E+00   1.797693+308
    16185       2806  -1.365060E-01  -2.031070E-02   1.796840E-02   0.000000E+00   1.797693+308
     2836       2807  -6.098490E-02   2.869770E-03  -2.538820E-03   0.000000E+00   1.797693+308
    18505       2808  -6.715500E-02   3.782990E-03  -3.346720E-03   0.000000E+00   1.797693+308
     9698       2809  -3.006260E-02  -1.409930E-02   1.247330E-02   0.000000E+00   1.797693+308
    11871       2810  -6.620630E-02   7.159390E-03  -6.333740E-03   0.000000E+00   1.797693+308
     9466       2811  -3.604400E-02  -1.589260E-02   1.405980E-02   0.000000E+00   1.797693+308
    10726       2812  -5.939750E-02  -4.193040E-02   3.709480E-02   0.000000E+00   1.797693+308
     1681       2813  -1.276270E-01  -1.543960E-02   1.365910E-02   0.000000E+00   1.797693+308
    11460       2814  -4.760510E-02   9.353590E-03  -8.274900E-03   0.000000E+00   1.797693+308
    12851       2815  -1.096460E-01   6.774520E-03  -5.993260E-03   0.000000E+00   1.797693+308
     9606       2816  -6.494090E-02  -2.290770E-02   2.026590E-02   0.000000E+00   1.797693+308
    12024       2817  -2.365220E-02  -2.582490E-02   2.284670E-02   0.000000E+00   1.797693+308
     4881       2818   2.911860E-03  -5.879810E-03   5.201730E-03   0.000000E+00   1.797693+308
     2554       2819   1.473980E-03  -9.310100E-03   8.236420E-03   0.000000E+00   1.797693+308
     6543       2820   7.915470E-03  -1.064410E-02   9.416540E-03   0.000000E+00   1.797693+308
     9599       2821  -6.723070E-02  -2.054260E-02   1.817360E-02   0.000000E+00   1.797693+308
    18199       2822  -9.515440E-02  -3.210240E-02   2.840020E-02   0.000000E+00   1.797693+308
     9462       2823  -4.349390E-02  -1.907120E-02   1.687190E-02   0.000000E+00   1.797693+308
    12576       2824  -9.421990E-02  -3.442830E-02   3.045790E-02   0.000000E+00   1.797693+308
    18200       2825  -8.846960E-02  -3.363970E-02   2.976030E-02   0.000000E+00   1.797693+308
    10052       2826  -7.963360E-02  -1.191190E-02   1.053810E-02   0.000000E+00   1.797693+308
    11302       2827  -1.308960E-01  -3.866110E-02   3.420260E-02   0.000000E+00   1.797693+308
    10042       2828  -7.262940E-02  -1.203050E-02   1.064310E-02   0.000000E+00   1.797693+308
    11739       2829  -1.305370E-01  -1.743640E-03   1.542560E-03   0.000000E+00   1.797693+308
     9961       2830  -6.451570E-02  -1.778150E-02   1.573090E-02   0.000000E+00   1.797693+308
     5221       2831  -1.226400E-01   1.402270E-02  -1.240560E-02   0.000000E+00   1.797693+308
     8134       2832   4.937510E-04  -1.223460E-02   1.082370E-02   0.000000E+00   1.797693+308
    12903       2833  -7.776740E-02   9.097570E-03  -8.048400E-03   0.000000E+00   1.797693+308
    17392       2834  -1.271040E-01   1.818770E-02  -1.609020E-02   0.000000E+00   1.797693+308
    10197       2835  -1.276730E-01  -2.895880E-03   2.561910E-03   0.000000E+00   1.797693+308
     6559       2836  -1.003530E-02   1.027430E-02  -9.089460E-03   0.000000E+00   1.797693+308
     5343       2837  -1.102650E-01   1.969590E-02  -1.742450E-02   0.000000E+00   1.797693+308
    18441       2838  -1.466670E-01   7.491330E-03  -6.627400E-03   0.000000E+00   1.797693+308
     8584       2839  -1.462050E-01  -1.599850E-02   1.415350E-02   0.000000E+00   1.797693+308
    10722       2840  -6.180610E-02  -3.519310E-02   3.113450E-02   0.000000E+00   1.797693+308
     4407       2841  -6.085590E-02  -3.223950E-02   2.852150E-02   0.000000E+00   1.797693+308
     2344       2842  -1.152540E-02  -1.746050E-02   1.544690E-02   0.000000E+00   1.797693+308
    10358       2843  -1.136660E-02  -5.122230E-03   4.531510E-03   0.000000E+00   1.797693+308
     9420       2844  -6.516210E-02  -1.077720E-02   9.534340E-03   0.000000E+00   1.797693+308
    12082       2845  -1.605740E-01  -1.827870E-02   1.617070E-02   0.000000E+00   1.797693+308
      686       2846  -1.531120E-01  -3.346080E-02   2.960200E-02   0.000000E+00   1.797693+308
    13085       2847  -1.172910E-01  -5.080970E-03   4.495010E-03   0.000000E+00   1.797693+308
     5289       2848  -4.798550E-02  -4.236600E-02   3.748020E-02   0.000000E+00   1.797693+308
    19021       2849  -2.806450E-02   4.378200E-03  -3.873290E-03   0.000000E+00   1.797693+308
     9460       2850  -4.577670E-02  -2.150290E-02   1.902310E-02   0.000000E+00   1.797693+308
    11437       2851  -1.450550E-01  -2.088280E-03   1.847460E-03   0.000000E+00   1.797693+308
    13121       2852  -4.352600E-02  -3.275920E-02   2.898130E-02   0.000000E+00   1.797693+308
    16687       2853  -4.506240E-02  -2.724270E-02   2.410090E-02   0.000000E+00   1.797693+308
     5960       2854   1.163000E-02  -3.107220E-02   2.748880E-02   0.000000E+00   1.797693+308
     7320       2855   6.306450E-03  -3.617040E-02   3.199910E-02   0.000000E+00   1.797693+308
     9711       2856  -4.550850E-02   2.950880E-02   1.545530E-03   0.000000E+00   1.797693+308
     9416       2857  -6.541440E-02   3.096770E-02  -5.523510E-04   0.000000E+00   1.797693+308
    10081       2858  -8.609780E-02   3.265530E-02  -2.538090E-03   0.000000E+00   1.797693+308
     5375       2859  -1.067810E-01   3.434290E-02  -4.523830E-03   0.000000E+00   1.797693+308
    10370       2860  -2.456630E-02   2.435710E-02  -3.357700E-04   0.000000E+00   1.797693+308
    10455       2861  -1.273530E-01   3.320290E-02  -9.684760E-03   0.000000E+00   1.797693+308
     3251       2862  -1.076770E-02   2.040830E-02  -2.201950E-03   0.000000E+00   1.797693+308
    12394       2863  -1.161090E-01   3.948640E-02  -4.657520E-04   0.000000E+00   1.797693+308
    11447       2864  -5.024730E-02   3.643890E-02   8.487020E-03   0.000000E+00   1.797693+308
    10935       2865  -5.948560E-02   2.329170E-02  -8.112990E-03   0.000000E+00   1.797693+308
    12003       2866  -8.060050E-02   2.560310E-02  -9.474830E-03   0.000000E+00   1.797693+308
     5753       2867  -7.090850E-02   3.800220E-02   6.364900E-03   0.000000E+00   1.797693+308
    18555       2868  -3.566900E-02   3.297770E-02   7.318750E-03   0.000000E+00   1.797693+308
    11839       2869  -1.013060E-01   2.741510E-02  -1.132420E-02   0.000000E+00   1.797693+308
    12401       2870  -9.204310E-02   4.008450E-02   4.740420E-03   0.000000E+00   1.797693+308
    12529       2871  -4.066980E-02   2.211750E-02  -5.898450E-03   0.000000E+00   1.797693+308
     5105       2872  -1.109480E-01   2.851180E-02  -1.189940E-02   0.000000E+00   1.797693+308
    12413       2873  -9.643950E-02   3.349910E-02  -3.530960E-03   0.000000E+00   1.797693+308
     1163       2874  -9.095340E-02   2.650910E-02  -1.039950E-02   0.000000E+00   1.797693+308
     9999       2875  -5.507270E-02   3.012390E-02   4.405190E-04   0.000000E+00   1.797693+308
     4011       2876  -6.057790E-02   3.722060E-02   7.425960E-03   0.000000E+00   1.797693+308
    19898       2877  -7.024770E-02   2.469720E-02  -8.550140E-03   0.000000E+00   1.797693+308
    18292       2878  -8.123910E-02   3.878380E-02   5.303850E-03   0.000000E+00   1.797693+308
    12905       2879  -7.575610E-02   3.181150E-02  -1.545220E-03   0.000000E+00   1.797693+308
     7800       2880  -1.364670E-01   3.294070E-02  -1.169670E-02   0.000000E+00   1.797693+308
    10911       2881  -1.048600E-01   4.061480E-02   2.927280E-03   0.000000E+00   1.797693+308
     5263       2882  -5.313890E-02   2.363260E-02  -6.533050E-03   0.000000E+00   1.797693+308
    12349       2883  -3.739920E-02   2.973250E-02   3.324810E-03   0.000000E+00   1.797693+308
    10377       2884  -2.880620E-02   2.710040E-02   1.967060E-03   0.000000E+00   1.797693+308
    18168       2885  -3.531110E-02   2.324860E-02  -3.611270E-03   0.000000E+00   1.797693+308
    12089       2886  -1.126040E-01   3.234460E-02  -7.878760E-03   0.000000E+00   1.797693+308
    13919       2887  -1.281610E-01   3.668860E-02  -5.896870E-03   0.000000E+00   1.797693+308
    10781       2888  -1.256120E-01   2.945260E-02  -1.359620E-02   0.000000E+00   1.797693+308
    17388       2889  -2.197110E-02   2.016370E-02  -4.587290E-03   0.000000E+00   1.797693+308
     2738       2890  -2.007260E-02   2.678640E-02   3.256150E-03   0.000000E+00   1.797693+308
     5709       2891  -1.237280E-01   3.500640E-02  -6.963750E-03   0.000000E+00   1.797693+308
     4220       2892  -3.885790E-02   3.652170E-02   1.072440E-02   0.000000E+00   1.797693+308
     5711       2893  -1.244300E-01   3.833300E-02  -3.335840E-03   0.000000E+00   1.797693+308
    13342       2894  -8.201630E-03   2.274690E-02   9.245320E-04   0.000000E+00   1.797693+308
     5163       2895  -2.703950E-02   3.132520E-02   7.075170E-03   0.000000E+00   1.797693+308
     5935       2896  -4.268960E-03   1.753000E-02  -4.232170E-03   0.000000E+00   1.797693+308
     5392       2897  -1.328750E-01   2.828880E-02  -1.627890E-02   0.000000E+00   1.797693+308
     3949       2898  -1.386420E-01   3.644580E-02  -8.144150E-03   0.000000E+00   1.797693+308
    13327       2899  -3.149130E-02   1.868730E-02  -8.048190E-03   0.000000E+00   1.797693+308
     6558       2900  -1.311980E-02   1.716180E-02  -6.314380E-03   0.000000E+00   1.797693+308
    12193       2901  -4.910870E-02   2.625670E-02  -2.808200E-03   0.000000E+00   1.797693+308
    12054       2902  -9.821480E-02   4.009010E-02   3.585040E-03   0.000000E+00   1.797693+308
    10355       2903  -1.567360E-02   2.560160E-02   2.744870E-03   0.000000E+00   1.797693+308
     3536       2904  -1.333680E-01   3.659780E-02  -6.979660E-03   0.000000E+00   1.797693+308
    12347       2905  -4.162190E-02   3.242020E-02   5.567970E-03   0.000000E+00   1.797693+308
     6861       2906  -1.131100E-01   4.431990E-02   5.562410E-03   0.000000E+00   1.797693+308
    11062       2907  -1.188940E-01   3.045370E-02  -1.120000E-02   0.000000E+00   1.797693+308
     6470       2908  -4.707810E-02   2.267540E-02  -6.474120E-03   0.000000E+00   1.797693+308
    20034       2909  -1.006500E-01   3.705700E-02  -3.018410E-04   0.000000E+00   1.797693+308
     7789       2910  -1.394880E-01   3.052230E-02  -1.499900E-02   0.000000E+00   1.797693+308
    17907       2911  -1.181640E-01   2.640340E-02  -1.564090E-02   0.000000E+00   1.797693+308
    11271       2912  -1.636480E-02   2.045180E-02  -3.206310E-03   0.000000E+00   1.797693+308
    11451       2913  -4.789820E-02   3.972680E-02   1.264570E-02   0.000000E+00   1.797693+308
    12531       2914  -3.873900E-02   2.618770E-02  -9.342960E-04   0.000000E+00   1.797693+308
    12819       2915  -2.769430E-02   2.121550E-02  -4.475630E-03   0.000000E+00   1.797693+308
     6227       2916  -6.809730E-02   4.160040E-02   1.096140E-02   0.000000E+00   1.797693+308
    10431       2917  -8.851750E-02   4.311720E-02   8.832090E-03   0.000000E+00   1.797693+308
     4206       2918  -6.296430E-02   2.024450E-02  -1.221220E-02   0.000000E+00   1.797693+308
     2672       2919  -1.204620E-01   4.240690E-02   2.016040E-03   0.000000E+00   1.797693+308
     9478       2920  -3.364850E-02   2.650290E-02   3.802650E-04   0.000000E+00   1.797693+308
     9795       2921  -3.171500E-02   3.005180E-02   4.755670E-03   0.000000E+00   1.797693+308
    12427       2922  -8.343320E-02   2.212480E-02  -1.393980E-02   0.000000E+00   1.797693+308
    12086       2923  -1.142840E-01   3.564620E-02  -4.462970E-03   0.000000E+00   1.797693+308
     5341       2924  -1.041530E-01   2.401450E-02  -1.570390E-02   0.000000E+00   1.797693+308
    16889       2925  -6.265460E-02   2.737950E-02  -4.088910E-03   0.000000E+00   1.797693+308
     5979       2926  -5.309270E-02   4.052630E-02   1.257160E-02   0.000000E+00   1.797693+308
    12547       2927  -4.748920E-02   3.285950E-02   4.960200E-03   0.000000E+00   1.797693+308
    10008       2928  -7.300190E-02   2.825440E-02  -5.047680E-03   0.000000E+00   1.797693+308
    12084       2929  -1.106600E-01   3.735750E-02  -1.846450E-03   0.000000E+00   1.797693+308
    18237       2930  -5.782530E-02   3.367230E-02   3.933240E-03   0.000000E+00   1.797693+308
    16866       2931  -5.748380E-02   2.695760E-02  -3.592470E-03   0.000000E+00   1.797693+308
     5004       2932  -3.245150E-02   3.589360E-02   1.122040E-02   0.000000E+00   1.797693+308
    12447       2933  -8.334920E-02   2.912920E-02  -6.006460E-03   0.000000E+00   1.797693+308
     5754       2934  -7.367680E-02   4.207170E-02   1.044380E-02   0.000000E+00   1.797693+308
    12001       2935  -7.783510E-02   2.154950E-02  -1.353630E-02   0.000000E+00   1.797693+308
    12741       2936  -6.816150E-02   3.448500E-02   2.906280E-03   0.000000E+00   1.797693+308
    12383       2937  -1.040440E-01   3.087900E-02  -7.924010E-03   0.000000E+00   1.797693+308
    11851       2938  -9.369650E-02   3.000410E-02  -6.965240E-03   0.000000E+00   1.797693+308
     5459       2939  -7.849760E-02   3.529770E-02   1.879310E-03   0.000000E+00   1.797693+308
    11758       2940  -1.303000E-01   3.031030E-02  -1.350920E-02   0.000000E+00   1.797693+308
     4827       2941  -9.855390E-02   2.343470E-02  -1.530540E-02   0.000000E+00   1.797693+308
     6469       2942  -4.471010E-02   1.860870E-02  -1.062530E-02   0.000000E+00   1.797693+308
    10080       2943  -8.883380E-02   3.611040E-02   8.523500E-04   0.000000E+00   1.797693+308
     4705       2944  -2.641120E-02   1.726060E-02  -8.704620E-03   0.000000E+00   1.797693+308
    12416       2945  -9.457490E-02   3.665310E-02   3.850780E-04   0.000000E+00   1.797693+308
     5902       2946  -3.934610E-02   1.786050E-02  -1.046130E-02   0.000000E+00   1.797693+308
     7284       2947  -3.189850E-03   2.241040E-02   1.487530E-03   0.000000E+00   1.797693+308
     4735       2948  -1.287100E-01   2.631410E-02  -1.772700E-02   0.000000E+00   1.797693+308
     4789       2949  -2.140390E-02   1.616400E-02  -9.001600E-03   0.000000E+00   1.797693+308
     2650       2950  -5.502190E-02   1.954770E-02  -1.150480E-02   0.000000E+00   1.797693+308
    12547       2951  -4.496850E-02   3.633740E-02   9.365880E-03   0.000000E+00   1.797693+308
    10352       2952  -1.126910E-02   2.662860E-02   4.734820E-03   0.000000E+00   1.797693+308
     5169       2953  -9.631460E-02   4.369450E-02   8.016970E-03   0.000000E+00   1.797693+308
     4691       2954  -1.290330E-01   4.071240E-02  -1.512690E-03   0.000000E+00   1.797693+308
     4999       2955  -1.615170E-02   2.895480E-02   6.445230E-03   0.000000E+00   1.797693+308
     4751       2956  -2.146330E-02   3.079980E-02   7.530940E-03   0.000000E+00   1.797693+308
     5403       2957  -1.013870E-01   4.362950E-02   6.988620E-03   0.000000E+00   1.797693+308
     6106       2958  -5.010800E-02   1.957700E-02  -1.054670E-02   0.000000E+00   1.797693+308
     5338       2959  -1.064880E-01   2.789920E-02  -1.175240E-02   0.000000E+00   1.797693+308
    12098       2960  -1.016100E-01   3.392100E-02  -4.027400E-03   0.000000E+00   1.797693+308
    12102       2961  -9.887010E-02   3.044160E-02  -7.444630E-03   0.000000E+00   1.797693+308
    11768       2962  -1.194230E-01   3.660040E-02  -4.351660E-03   0.000000E+00   1.797693+308
    11847       2963  -9.612980E-02   2.696210E-02  -1.086190E-02   0.000000E+00   1.797693+308
    12419       2964  -9.126870E-02   3.307720E-02  -3.034530E-03   0.000000E+00   1.797693+308
    12542       2965  -5.052210E-02   2.977040E-02   8.974060E-04   0.000000E+00   1.797693+308
    11448       2966  -5.265720E-02   3.326590E-02   4.446720E-03   0.000000E+00   1.797693+308
    11455       2967  -5.541260E-02   3.682980E-02   7.956490E-03   0.000000E+00   1.797693+308
    11852       2968  -8.852280E-02   2.956670E-02  -6.485850E-03   0.000000E+00   1.797693+308
    10003       2969  -6.024350E-02   3.054580E-02  -5.591630E-05   0.000000E+00   1.797693+308
    10012       2970  -6.299340E-02   3.407860E-02   3.419760E-03   0.000000E+00   1.797693+308
     3068       2971  -7.542410E-02   2.515020E-02  -9.012490E-03   0.000000E+00   1.797693+308
    14277       2972  -6.507130E-02   2.424420E-02  -8.087800E-03   0.000000E+00   1.797693+308
     1176       2973  -8.577700E-02   2.605610E-02  -9.937170E-03   0.000000E+00   1.797693+308
    18094       2974  -7.607380E-02   3.839300E-02   5.834380E-03   0.000000E+00   1.797693+308
    10429       2975  -8.640440E-02   3.917460E-02   4.773320E-03   0.000000E+00   1.797693+308
     3998       2976  -6.574320E-02   3.761140E-02   6.895430E-03   0.000000E+00   1.797693+308
    10007       2977  -7.817550E-02   2.869180E-02  -5.527070E-03   0.000000E+00   1.797693+308
    18740       2978  -6.782830E-02   2.781690E-02  -4.568290E-03   0.000000E+00   1.797693+308
    10083       2979  -8.366570E-02   3.570400E-02   1.365830E-03   0.000000E+00   1.797693+308
    15378       2980  -7.332950E-02   3.489130E-02   2.392790E-03   0.000000E+00   1.797693+308
     9415       2981  -7.058530E-02   3.138960E-02  -1.048790E-03   0.000000E+00   1.797693+308
    12911       2982  -8.092700E-02   3.223340E-02  -2.041660E-03   0.000000E+00   1.797693+308
    17887       2983  -1.062360E-01   4.454710E-02   7.113040E-03   0.000000E+00   1.797693+308
     5983       2984  -5.835620E-02   4.098440E-02   1.209860E-02   0.000000E+00   1.797693+308
     7789       2985  -1.420950E-01   3.404590E-02  -1.150680E-02   0.000000E+00   1.797693+308
     2002       2986  -1.123430E-01   4.077400E-02   1.698600E-03   0.000000E+00   1.797693+308
    18094       2987  -7.898990E-02   4.248320E-02   9.908820E-03   0.000000E+00   1.797693+308
    19899       2988  -7.250410E-02   2.103490E-02  -1.311460E-02   0.000000E+00   1.797693+308
     4763       2989  -1.249130E-01   4.205060E-02   7.755530E-04   0.000000E+00   1.797693+308
     3603       2990  -1.058210E-01   3.747890E-02  -7.982760E-04   0.000000E+00   1.797693+308
    11462       2991  -4.416130E-02   2.606670E-02  -2.091750E-03   0.000000E+00   1.797693+308
     4946       2992  -1.230410E-01   2.578130E-02  -1.726220E-02   0.000000E+00   1.797693+308
     5646       2993  -9.321680E-02   2.291980E-02  -1.488280E-02   0.000000E+00   1.797693+308
     7456       2994  -1.133740E-01   2.512260E-02  -1.618710E-02   0.000000E+00   1.797693+308
     2694       2995  -8.731850E-03   1.729490E-02  -5.338000E-03   0.000000E+00   1.797693+308
     5957       2996  -6.627270E-03   2.546410E-02   4.292280E-03   0.000000E+00   1.797693+308
    11765       2997  -1.164010E-01   3.338290E-02  -7.419850E-03   0.000000E+00   1.797693+308
     3532       2998  -1.318540E-01   3.363850E-02  -1.003970E-02   0.000000E+00   1.797693+308
    12821       2999  -3.067140E-02   2.385920E-02  -2.047680E-03   0.000000E+00   1.797693+308
     5929       3000  -4.020920E-03   1.437700E-02  -7.749500E-03   0.000000E+00   1.797693+308
     8956       3001  -3.859870E-02   4.021590E-02   1.494910E-02   0.000000E+00   1.797693+308
    12379       3002  -1.084810E-01   3.151370E-02  -8.041980E-03   0.000000E+00   1.797693+308
    12809       3003  -1.826900E-02   2.326250E-02  -3.876130E-04   0.000000E+00   1.797693+308
    15894       3004  -1.229280E-01   3.170210E-02  -1.054830E-02   0.000000E+00   1.797693+308
     4690       3005  -1.362490E-01   3.900020E-02  -4.806270E-03   0.000000E+00   1.797693+308
    10912       3006  -1.095990E-01   4.212850E-02   3.746310E-03   0.000000E+00   1.797693+308
     6163       3007  -1.213150E-01   3.988190E-02  -9.986630E-04   0.000000E+00   1.797693+308
    19846       3008  -6.245890E-03   2.029510E-02  -1.478710E-03   0.000000E+00   1.797693+308
    13346       3009  -1.611730E-03   1.939130E-02  -1.628040E-03   0.000000E+00   1.797693+308
     5015       3010  -3.480120E-02   3.863820E-02   1.388040E-02   0.000000E+00   1.797693+308
    17573       3011  -5.315370E-02   2.706430E-02  -2.656730E-03   0.000000E+00   1.797693+308
     8975       3012  -2.481040E-02   2.853020E-02   4.335450E-03   0.000000E+00   1.797693+308
     7753       3013  -1.421170E-01   2.767020E-02  -1.871780E-02   0.000000E+00   1.797693+308
     7754       3014  -1.372880E-01   2.739540E-02  -1.811950E-02   0.000000E+00   1.797693+308
     5344       3015  -1.085630E-01   2.488470E-02  -1.555030E-02   0.000000E+00   1.797693+308
    18292       3016  -8.388620E-02   4.240710E-02   8.901170E-03   0.000000E+00   1.797693+308
     6224       3017  -6.327390E-02   4.090420E-02   1.108230E-02   0.000000E+00   1.797693+308
    19559       3018  -8.827050E-02   2.290070E-02  -1.397330E-02   0.000000E+00   1.797693+308
      829       3019  -6.759550E-02   2.102440E-02  -1.220250E-02   0.000000E+00   1.797693+308
    12175       3020  -3.108310E-02   3.273520E-02   7.907810E-03   0.000000E+00   1.797693+308
     5926       3021  -8.379070E-03   1.421930E-02  -8.748100E-03   0.000000E+00   1.797693+308
    12407       3022  -9.234820E-02   4.334530E-02   8.368830E-03   0.000000E+00   1.797693+308
    11060       3023  -1.216820E-01   2.880190E-02  -1.359190E-02   0.000000E+00   1.797693+308
     5166       3024  -2.427440E-02   3.347990E-02   1.003130E-02   0.000000E+00   1.797693+308
    12092       3025  -1.105560E-01   3.429360E-02  -5.290190E-03   0.000000E+00   1.797693+308
    11552       3026  -3.615880E-02   2.054040E-02  -6.832050E-03   0.000000E+00   1.797693+308
     3955       3027  -1.427490E-01   3.795070E-02  -7.216220E-03   0.000000E+00   1.797693+308
    17890       3028  -3.414820E-03   2.506280E-02   4.443370E-03   0.000000E+00   1.797693+308
     2259       3029  -5.913400E-02   1.994740E-02  -1.182710E-02   0.000000E+00   1.797693+308
     5103       3030  -1.151520E-01   2.961780E-02  -1.144060E-02   0.000000E+00   1.797693+308
    13906       3031  -1.324650E-01   3.927670E-02  -3.781510E-03   0.000000E+00   1.797693+308
    10907       3032  -1.082890E-01   3.972230E-02   1.272900E-03   0.000000E+00   1.797693+308
     8936       3033  -1.665640E-02   1.630800E-02  -7.945140E-03   0.000000E+00   1.797693+308
    11549       3034  -3.186390E-02   2.172780E-02  -4.681420E-03   0.000000E+00   1.797693+308
     7789       3035  -1.437020E-01   3.085800E-02  -1.541270E-02   0.000000E+00   1.797693+308
     5393       3036  -1.347120E-01   3.051600E-02  -1.410720E-02   0.000000E+00   1.797693+308
    11766       3037  -1.203010E-01   3.329520E-02  -8.252930E-03   0.000000E+00   1.797693+308
     4892       3038  -2.807630E-02   3.447960E-02   1.044570E-02   0.000000E+00   1.797693+308
    13324       3039  -3.533410E-02   1.764740E-02  -9.946990E-03   0.000000E+00   1.797693+308
    10905       3040  -4.331530E-02   4.005090E-02   1.387470E-02   0.000000E+00   1.797693+308
     5935       3041  -7.344110E-04   1.629160E-02  -4.966600E-03   0.000000E+00   1.797693+308
    18863       3042  -4.146120E-02   2.900350E-02   1.736210E-03   0.000000E+00   1.797693+308
    10915       3043  -1.100550E-01   4.456970E-02   6.419770E-03   0.000000E+00   1.797693+308
     2676       3044  -1.166680E-01   4.296850E-02   3.365110E-03   0.000000E+00   1.797693+308
     8719       3045  -1.326400E-01   2.609010E-02  -1.872000E-02   0.000000E+00   1.797693+308
     6141       3046  -1.395590E-01   3.917540E-02  -5.231310E-03   0.000000E+00   1.797693+308
    13331       3047  -2.987230E-02   1.597030E-02  -1.081450E-02   0.000000E+00   1.797693+308
     3248       3048  -1.289150E-02   2.281530E-02   1.191420E-04   0.000000E+00   1.797693+308
     6560       3049  -1.218700E-02   1.477030E-02  -8.841980E-03   0.000000E+00   1.797693+308
    10471       3050  -1.212410E-01   2.489020E-02   2.425760E-02   0.000000E+00   1.797693+308
    10158       3051  -1.258300E-01   6.431660E-03   3.704980E-02   0.000000E+00   1.797693+308
    10230       3052  -1.216900E-01   3.525030E-02   1.474620E-02   0.000000E+00   1.797693+308
     9352       3053  -1.146780E-01   1.909920E-02   3.443950E-02   0.000000E+00   1.797693+308
    12831       3054  -1.292630E-01   1.736110E-02   2.473430E-02   0.000000E+00   1.797693+308
    11008       3055  -1.314710E-01  -4.139540E-04   3.875800E-02   0.000000E+00   1.797693+308
    10462       3056  -1.295510E-01   2.465610E-02   1.805880E-02   0.000000E+00   1.797693+308
    11773       3057  -1.295970E-01   3.303000E-02   1.061510E-02   0.000000E+00   1.797693+308
    10216       3058  -1.118620E-01   3.044300E-02   2.657510E-02   0.000000E+00   1.797693+308
     1181       3059  -1.190340E-01   1.857980E-02   3.154170E-02   0.000000E+00   1.797693+308
     9332       3060  -1.086770E-01   2.363110E-02   3.505670E-02   0.000000E+00   1.797693+308
    18462       3061  -1.337700E-01  -9.094170E-03   4.466460E-02   0.000000E+00   1.797693+308
    11790       3062  -1.263550E-01   1.059830E-02   3.295880E-02   0.000000E+00   1.797693+308
     9358       3063  -1.147540E-01   3.188350E-02   2.307090E-02   0.000000E+00   1.797693+308
    14361       3064  -1.215900E-01   1.100280E-02   3.627420E-02   0.000000E+00   1.797693+308
    12871       3065  -1.233610E-01   3.405840E-03   4.163030E-02   0.000000E+00   1.797693+308
     5729       3066  -1.284270E-01  -2.543450E-03   4.298820E-02   0.000000E+00   1.797693+308
    17645       3067  -1.285790E-01   3.697560E-02   7.909600E-03   0.000000E+00   1.797693+308
    12300       3068  -1.205900E-01   3.900790E-02   1.226960E-02   0.000000E+00   1.797693+308
    10267       3069  -1.170750E-01   1.151570E-02   3.930070E-02   0.000000E+00   1.797693+308
    12502       3070  -1.350270E-01   3.627470E-03   3.244140E-02   0.000000E+00   1.797693+308
    10233       3071  -1.217880E-01   3.165450E-02   1.785190E-02   0.000000E+00   1.797693+308
    10231       3072  -1.189010E-01   3.441930E-02   1.763140E-02   0.000000E+00   1.797693+308
    12508       3073  -1.320040E-01   1.022630E-02   2.893390E-02   0.000000E+00   1.797693+308
     9340       3074  -1.150320E-01   2.468640E-02   2.922430E-02   0.000000E+00   1.797693+308
    14999       3075  -1.324650E-01   3.511950E-02   6.556140E-03   0.000000E+00   1.797693+308
    16734       3076  -1.095840E-01   1.635460E-02   4.079480E-02   0.000000E+00   1.797693+308
    10464       3077  -1.300530E-01   2.886220E-02   1.395090E-02   0.000000E+00   1.797693+308
     2036       3078  -1.063650E-01   2.727190E-02   3.361760E-02   0.000000E+00   1.797693+308
    12832       3079  -1.240220E-01   1.804420E-02   2.817040E-02   0.000000E+00   1.797693+308
    19087       3080  -1.331160E-01  -4.728570E-03   4.130650E-02   0.000000E+00   1.797693+308
    18462       3081  -1.312000E-01  -1.250450E-02   4.966310E-02   0.000000E+00   1.797693+308
     5691       3082  -1.279020E-01   1.366870E-02   2.905050E-02   0.000000E+00   1.797693+308
     5732       3083  -1.258280E-01  -5.749000E-03   4.782720E-02   0.000000E+00   1.797693+308
    10229       3084  -1.114760E-01   3.665520E-02   2.137640E-02   0.000000E+00   1.797693+308
    15728       3085  -1.342800E-01   2.086740E-02   1.776500E-02   0.000000E+00   1.797693+308
    14360       3086  -1.229170E-01   1.471290E-02   3.196900E-02   0.000000E+00   1.797693+308
    11103       3087  -1.343820E-01   1.475750E-02   2.309220E-02   0.000000E+00   1.797693+308
    10924       3088  -1.157520E-01   4.120930E-02   1.405190E-02   0.000000E+00   1.797693+308
    18745       3089  -1.182990E-01   1.505740E-02   3.522380E-02   0.000000E+00   1.797693+308
    12826       3090  -1.250000E-01   2.144930E-02   2.440410E-02   0.000000E+00   1.797693+308
     5732       3091  -1.238720E-01  -2.403630E-03   4.637560E-02   0.000000E+00   1.797693+308
    10787       3092  -1.338450E-01   2.833890E-02   1.149070E-02   0.000000E+00   1.797693+308
     2680       3093  -1.218240E-01   4.202300E-02   8.650990E-03   0.000000E+00   1.797693+308
     4691       3094  -1.325890E-01   3.884000E-02   3.168820E-03   0.000000E+00   1.797693+308
      496       3095  -1.018570E-01   2.717260E-02   3.718080E-02   0.000000E+00   1.797693+308
     5136       3096  -1.186250E-01   3.861680E-03   4.487770E-02   0.000000E+00   1.797693+308
    10290       3097  -1.108880E-01   2.592480E-02   3.132300E-02   0.000000E+00   1.797693+308
     8682       3098  -1.255840E-01   2.832820E-02   1.786830E-02   0.000000E+00   1.797693+308
     5441       3099  -1.343060E-01   2.474030E-02   1.431870E-02   0.000000E+00   1.797693+308
    10299       3100  -1.062000E-01   2.041970E-02   3.980690E-02   0.000000E+00   1.797693+308
    10215       3101  -1.073970E-01   3.264790E-02   2.806640E-02   0.000000E+00   1.797693+308
     3039       3102  -1.119880E-01   1.229220E-02   4.253530E-02   0.000000E+00   1.797693+308
    10467       3103  -1.255810E-01   3.217950E-02   1.446300E-02   0.000000E+00   1.797693+308
    10917       3104  -1.127180E-01   3.956210E-02   1.784750E-02   0.000000E+00   1.797693+308
     4833       3105  -1.284700E-01   4.079530E-02   4.614470E-03   0.000000E+00   1.797693+308
    11784       3106  -1.302510E-01   7.165880E-03   3.299250E-02   0.000000E+00   1.797693+308
    10157       3107  -1.308610E-01   3.375960E-03   3.587530E-02   0.000000E+00   1.797693+308
    10479       3108  -1.218100E-01   2.822890E-02   2.086530E-02   0.000000E+00   1.797693+308
    12878       3109  -1.204670E-01   7.492290E-03   4.024600E-02   0.000000E+00   1.797693+308
    15002       3110  -1.334300E-01   3.165650E-02   8.875670E-03   0.000000E+00   1.797693+308
    10221       3111  -1.153990E-01   2.778940E-02   2.619640E-02   0.000000E+00   1.797693+308
    10159       3112  -1.274740E-01   1.689090E-03   3.997800E-02   0.000000E+00   1.797693+308
    11775       3113  -1.251740E-01   3.606170E-02   1.134230E-02   0.000000E+00   1.797693+308
    10481       3114  -1.252830E-01   2.471790E-02   2.129420E-02   0.000000E+00   1.797693+308
    10265       3115  -1.154730E-01   7.897400E-03   4.373690E-02   0.000000E+00   1.797693+308
     5078       3116  -1.187260E-01   4.203380E-02   1.102990E-02   0.000000E+00   1.797693+308
    10287       3117  -1.198990E-01   2.194870E-02   2.789410E-02   0.000000E+00   1.797693+308
    14737       3118  -1.288100E-01  -8.882870E-03   4.830100E-02   0.000000E+00   1.797693+308
    11012       3119  -1.300470E-01  -6.000140E-03   4.479710E-02   0.000000E+00   1.797693+308
    16732       3120  -1.139480E-01   1.570830E-02   3.800250E-02   0.000000E+00   1.797693+308
    10458       3121  -1.293450E-01   2.112100E-02   2.134520E-02   0.000000E+00   1.797693+308
    15731       3122  -1.338900E-01   1.775160E-02   2.082240E-02   0.000000E+00   1.797693+308
    13252       3123  -1.350080E-01  -1.771530E-02   5.133700E-02   0.000000E+00   1.797693+308
    19174       3124  -1.215600E-01   4.020960E-04   4.567550E-02   0.000000E+00   1.797693+308
    10228       3125  -1.091910E-01   3.475320E-02   2.482110E-02   0.000000E+00   1.797693+308
     9333       3126  -1.123080E-01   2.296450E-02   3.284710E-02   0.000000E+00   1.797693+308
    10234       3127  -1.186080E-01   3.162450E-02   2.032960E-02   0.000000E+00   1.797693+308
     6164       3128  -1.251580E-01   3.956990E-02   8.251090E-03   0.000000E+00   1.797693+308
    19174       3129  -1.252870E-01  -6.502790E-05   4.321560E-02   0.000000E+00   1.797693+308
     8599       3130  -1.356200E-01  -1.268240E-02   4.641300E-02   0.000000E+00   1.797693+308
    10305       3131  -1.105860E-01   1.980750E-02   3.696760E-02   0.000000E+00   1.797693+308
     6744       3132  -1.355620E-01  -2.815340E-03   3.772820E-02   0.000000E+00   1.797693+308
    18572       3133  -1.346840E-01   3.976830E-04   3.556290E-02   0.000000E+00   1.797693+308
    11779       3134  -1.352870E-01   7.415340E-03   2.888990E-02   0.000000E+00   1.797693+308
    19563       3135  -1.159480E-01   2.153590E-02   3.130510E-02   0.000000E+00   1.797693+308
    11778       3136  -1.358620E-01   1.156930E-02   2.477140E-02   0.000000E+00   1.797693+308
    10220       3137  -1.183560E-01   2.815810E-02   2.359020E-02   0.000000E+00   1.797693+308
      945       3138  -1.155560E-01   3.540110E-02   1.934110E-02   0.000000E+00   1.797693+308
     4949       3139  -1.246030E-01   4.273600E-02   5.878230E-03   0.000000E+00   1.797693+308
    17524       3140  -1.162480E-01   4.394310E-02   1.125090E-02   0.000000E+00   1.797693+308
    12506       3141  -1.318820E-01   1.351660E-02   2.611640E-02   0.000000E+00   1.797693+308
    10232       3142  -1.173230E-01   3.773540E-02   1.591390E-02   0.000000E+00   1.797693+308
    17832       3143  -1.353630E-01  -7.183530E-03   4.174650E-02   0.000000E+00   1.797693+308
    14997       3144  -1.356100E-01   3.279420E-02   6.188910E-03   0.000000E+00   1.797693+308
    18276       3145  -1.091310E-01   2.913330E-02   2.983840E-02   0.000000E+00   1.797693+308
     9335       3146  -1.051350E-01   2.435470E-02   3.714630E-02   0.000000E+00   1.797693+308
      497       3147  -1.027390E-01   3.016880E-02   3.384960E-02   0.000000E+00   1.797693+308
    18069       3148  -1.356430E-01   3.530990E-02   3.937710E-03   0.000000E+00   1.797693+308
     2674       3149  -1.192150E-01   4.398570E-02   8.926230E-03   0.000000E+00   1.797693+308
    10737       3150  -1.024550E-01   2.345950E-02   4.000480E-02   0.000000E+00   1.797693+308
    13907       3151  -1.356150E-01   3.878980E-02   8.808930E-04   0.000000E+00   1.797693+308
    10297       3152  -1.124620E-01   2.759540E-02   2.863150E-02   0.000000E+00   1.797693+308
     3473       3153  -1.051520E-01   3.123630E-02   3.104580E-02   0.000000E+00   1.797693+308
    11631       3154  -1.346460E-01  -1.520510E-02   4.939530E-02   0.000000E+00   1.797693+308
    10789       3155  -1.361000E-01   2.874700E-02   9.391540E-03   0.000000E+00   1.797693+308
    10219       3156  -1.179850E-01   2.549450E-02   2.623250E-02   0.000000E+00   1.797693+308
     9768       3157  -2.135750E-02   2.274570E-02   2.194730E-02   0.000000E+00   1.797693+308
     9762       3158  -2.880510E-02   1.465840E-02   3.484300E-02   0.000000E+00   1.797693+308
     9724       3159  -3.297630E-02   2.876980E-02   2.557440E-02   0.000000E+00   1.797693+308
     9832       3160  -1.924350E-02   6.859500E-03   3.437190E-02   0.000000E+00   1.797693+308
     4433       3161  -3.895580E-02   2.417660E-02   3.424720E-02   0.000000E+00   1.797693+308
     9741       3162  -1.982620E-02   1.452680E-02   2.803800E-02   0.000000E+00   1.797693+308
     2079       3163  -2.284850E-02   1.082540E-03   4.226150E-02   0.000000E+00   1.797693+308
    18345       3164  -1.717910E-02  -4.671500E-03   4.298170E-02   0.000000E+00   1.797693+308
    19612       3165  -3.137950E-02   2.427600E-02   2.831900E-02   0.000000E+00   1.797693+308
    14077       3166  -2.382150E-02   3.196900E-02   1.568710E-02   0.000000E+00   1.797693+308
     9900       3167  -3.033870E-02   1.159270E-02   3.873730E-02   0.000000E+00   1.797693+308
     9776       3168  -2.071730E-02   2.597990E-02   1.859260E-02   0.000000E+00   1.797693+308
     9910       3169  -3.624070E-02   1.956800E-02   3.623130E-02   0.000000E+00   1.797693+308
     6299       3170  -1.350050E-02   1.822480E-02   1.989030E-02   0.000000E+00   1.797693+308
     9498       3171  -2.409360E-02   1.787250E-02   2.836770E-02   0.000000E+00   1.797693+308
     9829       3172  -1.783940E-02  -5.208000E-04   3.981870E-02   0.000000E+00   1.797693+308
     9728       3173  -3.730940E-02   3.116130E-02   2.679880E-02   0.000000E+00   1.797693+308
     6686       3174  -1.720200E-02  -1.216370E-02   4.962760E-02   0.000000E+00   1.797693+308
     5296       3175  -3.280600E-02   3.682360E-02   1.831800E-02   0.000000E+00   1.797693+308
     9720       3176  -2.695960E-02   2.658180E-02   2.287200E-02   0.000000E+00   1.797693+308
     6516       3177  -1.573660E-02   2.645560E-02   1.433230E-02   0.000000E+00   1.797693+308
     9715       3178  -2.795240E-02   3.046640E-02   2.020070E-02   0.000000E+00   1.797693+308
    12964       3179  -1.608950E-02   1.125550E-02   2.805160E-02   0.000000E+00   1.797693+308
     9821       3180  -2.583510E-02   5.818030E-03   4.037440E-02   0.000000E+00   1.797693+308
    10829       3181  -4.363200E-02   2.750120E-02   3.491060E-02   0.000000E+00   1.797693+308
     9760       3182  -2.304880E-02   9.868700E-03   3.464310E-02   0.000000E+00   1.797693+308
    18172       3183  -3.040080E-02   2.044260E-02   3.095580E-02   0.000000E+00   1.797693+308
    18136       3184  -2.155860E-02  -4.823730E-03   4.649230E-02   0.000000E+00   1.797693+308
     9899       3185  -3.587050E-02   1.254480E-02   4.215920E-02   0.000000E+00   1.797693+308
    12760       3186  -4.169400E-02   2.119290E-02   3.899750E-02   0.000000E+00   1.797693+308
     4422       3187  -3.986810E-02   2.888950E-02   3.078100E-02   0.000000E+00   1.797693+308
    17744       3188  -1.722480E-02   1.602560E-02   2.470670E-02   0.000000E+00   1.797693+308
     6301       3189  -1.726730E-02   2.197830E-02   1.947320E-02   0.000000E+00   1.797693+308
    14040       3190  -1.310510E-02  -1.156910E-02   4.594340E-02   0.000000E+00   1.797693+308
    12953       3191  -1.461340E-02   5.056450E-03   3.239780E-02   0.000000E+00   1.797693+308
     9833       3192  -1.669290E-02   2.721640E-03   3.606640E-02   0.000000E+00   1.797693+308
     9779       3193  -1.943180E-02   2.903080E-02   1.490260E-02   0.000000E+00   1.797693+308
     9499       3194  -3.583380E-02   2.660480E-02   2.969230E-02   0.000000E+00   1.797693+308
     2187       3195  -3.494340E-02   3.357500E-02   2.283960E-02   0.000000E+00   1.797693+308
     7249       3196  -3.896060E-02   1.670860E-02   4.085760E-02   0.000000E+00   1.797693+308
     1890       3197  -3.064060E-02   5.372220E-03   4.447310E-02   0.000000E+00   1.797693+308
     9901       3198  -3.359820E-02   1.550810E-02   3.778600E-02   0.000000E+00   1.797693+308
     9468       3199  -2.104600E-02   3.971020E-03   3.831670E-02   0.000000E+00   1.797693+308
    18721       3200  -1.984710E-02   1.076510E-02   3.138190E-02   0.000000E+00   1.797693+308
    14038       3201  -1.713240E-02  -8.460300E-03   4.629750E-02   0.000000E+00   1.797693+308
     9490       3202  -2.439910E-02   2.812890E-02   1.952950E-02   0.000000E+00   1.797693+308
     9470       3203  -2.543420E-02   2.147200E-02   2.621660E-02   0.000000E+00   1.797693+308
     9502       3204  -3.390120E-02   2.201960E-02   3.225900E-02   0.000000E+00   1.797693+308
     8082       3205  -1.308220E-02  -8.003410E-03   4.277130E-02   0.000000E+00   1.797693+308
     5295       3206  -2.830750E-02   3.455070E-02   1.686110E-02   0.000000E+00   1.797693+308
     9755       3207  -2.417530E-02   1.384290E-02   3.199550E-02   0.000000E+00   1.797693+308
     2080       3208  -2.681230E-02   2.793610E-03   4.380330E-02   0.000000E+00   1.797693+308
     7309       3209  -1.318600E-02   2.052110E-02   1.761640E-02   0.000000E+00   1.797693+308
    14154       3210  -3.914210E-02   3.581710E-02   2.409270E-02   0.000000E+00   1.797693+308
     2073       3211  -2.584830E-02  -9.426200E-04   4.636560E-02   0.000000E+00   1.797693+308
     8361       3212  -1.320260E-02   1.500900E-02   2.250550E-02   0.000000E+00   1.797693+308
    13687       3213  -1.303840E-02  -1.425720E-02   4.827010E-02   0.000000E+00   1.797693+308
    11880       3214  -4.169770E-02   3.345600E-02   2.815150E-02   0.000000E+00   1.797693+308
    14156       3215  -3.702110E-02   3.801370E-02   2.051440E-02   0.000000E+00   1.797693+308
     7572       3216  -1.322070E-02  -4.217940E-03   3.952910E-02   0.000000E+00   1.797693+308
     7625       3217  -4.543070E-02   2.446400E-02   3.898410E-02   0.000000E+00   1.797693+308
     6518       3218  -1.328990E-02   2.760890E-02   1.142600E-02   0.000000E+00   1.797693+308
     9737       3219  -2.068030E-02   1.754820E-02   2.602340E-02   0.000000E+00   1.797693+308
     9828       3220  -1.999620E-02  -2.482020E-03   4.321630E-02   0.000000E+00   1.797693+308
     9738       3221  -1.934400E-02   1.967240E-02   2.311400E-02   0.000000E+00   1.797693+308
     9467       3222  -2.279860E-02   7.162450E-03   3.684430E-02   0.000000E+00   1.797693+308
     9748       3223  -2.784420E-02   1.767200E-02   3.143610E-02   0.000000E+00   1.797693+308
    14202       3224  -2.631310E-02   9.098310E-03   3.784080E-02   0.000000E+00   1.797693+308
     9301       3225  -2.056060E-02  -8.895630E-03   4.932530E-02   0.000000E+00   1.797693+308
     9449       3226  -3.174050E-02   1.824720E-02   3.393080E-02   0.000000E+00   1.797693+308
     2195       3227  -3.115530E-02   3.332620E-02   2.013970E-02   0.000000E+00   1.797693+308
    11878       3228  -4.386870E-02   3.137850E-02   3.166290E-02   0.000000E+00   1.797693+308
    14206       3229  -2.647110E-02   1.180190E-02   3.557090E-02   0.000000E+00   1.797693+308
    18167       3230  -2.258170E-02   2.062810E-02   2.476440E-02   0.000000E+00   1.797693+308
     6664       3231  -3.308770E-02   8.980490E-03   4.316740E-02   0.000000E+00   1.797693+308
     1476       3232  -2.784970E-02   2.096850E-02   2.852410E-02   0.000000E+00   1.797693+308
     9725       3233  -2.995450E-02   2.854730E-02   2.344180E-02   0.000000E+00   1.797693+308
     2080       3234  -2.894400E-02   2.054160E-03   4.610070E-02   0.000000E+00   1.797693+308
    17794       3235  -1.244720E-02   2.383630E-02   1.411390E-02   0.000000E+00   1.797693+308
     9492       3236  -2.347970E-02   2.540650E-02   2.122930E-02   0.000000E+00   1.797693+308
    19275       3237  -1.237920E-02   1.104950E-02   2.537370E-02   0.000000E+00   1.797693+308
    13687       3238  -1.484100E-02  -1.643840E-02   5.158930E-02   0.000000E+00   1.797693+308
    12945       3239  -1.264880E-02   1.044010E-03   3.443310E-02   0.000000E+00   1.797693+308
     9744       3240  -1.668520E-02   8.350760E-03   3.108050E-02   0.000000E+00   1.797693+308
    18021       3241  -1.488630E-02   1.336550E-02   2.525740E-02   0.000000E+00   1.797693+308
     9472       3242  -2.464490E-02   2.349020E-02   2.382280E-02   0.000000E+00   1.797693+308
    18625       3243  -1.437830E-02  -5.818520E-04   3.720470E-02   0.000000E+00   1.797693+308
     1486       3244  -2.771520E-02   2.386140E-02   2.586120E-02   0.000000E+00   1.797693+308
    11497       3245  -1.232730E-02   6.912480E-03   2.899360E-02   0.000000E+00   1.797693+308
     7309       3246  -1.523640E-02   2.360680E-02   1.646710E-02   0.000000E+00   1.797693+308
     6300       3247  -1.638940E-02   1.840740E-02   2.195560E-02   0.000000E+00   1.797693+308
    10836       3248  -4.719370E-02   2.767920E-02   3.749880E-02   0.000000E+00   1.797693+308
     9824       3249  -2.936810E-02   8.348070E-03   4.085950E-02   0.000000E+00   1.797693+308
     8980       3250  -1.706150E-02   3.035200E-02   1.190660E-02   0.000000E+00   1.797693+308
    12048       3251  -1.562190E-01   5.031420E-03   2.660890E-02   0.000000E+00   1.797693+308
     5676       3252  -1.562500E-01   1.452730E-02   1.820810E-02   0.000000E+00   1.797693+308
    18304       3253  -1.481080E-01   8.875700E-03   2.320790E-02   0.000000E+00   1.797693+308
    10504       3254  -1.501060E-01   3.818310E-03   2.768210E-02   0.000000E+00   1.797693+308
    11393       3255  -1.501850E-01   1.569360E-02   1.717620E-02   0.000000E+00   1.797693+308
     5678       3256  -1.569930E-01   9.766470E-03   2.241990E-02   0.000000E+00   1.797693+308
     2710       3257  -1.580630E-01  -8.025880E-04   3.177010E-02   0.000000E+00   1.797693+308
     6240       3258  -1.580630E-01   2.032470E-02   1.307920E-02   0.000000E+00   1.797693+308
    11796       3259  -1.527900E-01   6.977830E-03   2.488690E-02   0.000000E+00   1.797693+308
     6234       3260  -1.537340E-01   1.846090E-02   1.472810E-02   0.000000E+00   1.797693+308
    16130       3261  -1.491130E-01   1.295560E-02   1.959850E-02   0.000000E+00   1.797693+308
     1844       3262  -1.537290E-01   1.056860E-03   3.012510E-02   0.000000E+00   1.797693+308
     8679       3263  -1.484160E-01   5.332100E-04   3.058830E-02   0.000000E+00   1.797693+308
      744       3264  -1.484200E-01   1.897020E-02   1.427760E-02   0.000000E+00   1.797693+308
    18985       3265  -1.520640E-01   1.023490E-02   2.200540E-02   0.000000E+00   1.797693+308
    12043       3266  -1.582140E-01   2.355570E-03   2.897610E-02   0.000000E+00   1.797693+308
    13369       3267  -1.582160E-01   1.717850E-02   1.586270E-02   0.000000E+00   1.797693+308
    10502       3268  -1.483770E-01   6.111210E-03   2.565360E-02   0.000000E+00   1.797693+308
     5437       3269  -1.601450E-01   6.327450E-03   2.546230E-02   0.000000E+00   1.797693+308
     5677       3270  -1.601450E-01   1.321630E-02   1.936790E-02   0.000000E+00   1.797693+308
     4934       3271  -1.601690E-01  -4.424070E-03   3.497390E-02   0.000000E+00   1.797693+308
     4761       3272  -1.601690E-01   2.394620E-02   9.875390E-03   0.000000E+00   1.797693+308
     8803       3273  -1.469830E-01  -2.014960E-02   4.888590E-02   0.000000E+00   1.797693+308
     8169       3274   1.695320E-03  -1.201850E-03   3.212330E-02   0.000000E+00   1.797693+308
     3211       3275   8.155090E-03   3.473630E-04   3.075270E-02   0.000000E+00   1.797693+308
    10654       3276   1.250990E-03   3.418400E-03   2.803590E-02   0.000000E+00   1.797693+308
     8216       3277   1.000640E-02   6.422890E-03   2.537790E-02   0.000000E+00   1.797693+308
     9049       3278   7.698140E-03  -3.016730E-03   3.372890E-02   0.000000E+00   1.797693+308
    11259       3279   5.494570E-03   5.205070E-03   2.645520E-02   0.000000E+00   1.797693+308
     9327       3280   1.206360E-02  -4.555320E-03   3.509000E-02   0.000000E+00   1.797693+308
    11257       3281   9.858130E-03   3.113330E-03   2.830570E-02   0.000000E+00   1.797693+308
     1535       3282   5.339180E-03   1.971900E-03   2.931550E-02   0.000000E+00   1.797693+308
     8165       3283  -1.370660E-03   5.443670E-04   3.057840E-02   0.000000E+00   1.797693+308
     5627       3284   1.193970E-02  -7.453330E-04   3.171940E-02   0.000000E+00   1.797693+308
     5064       3285   1.211200E-02  -7.748700E-03   3.791510E-02   0.000000E+00   1.797693+308
    18014       3286   1.175640E-02   1.048770E-02   2.178180E-02   0.000000E+00   1.797693+308
     3213       3287   4.543440E-03  -2.959970E-03   3.367860E-02   0.000000E+00   1.797693+308
    14850       3288  -1.357810E-01  -3.205360E-02   4.502290E-02   0.000000E+00   1.797693+308
    12704       3289  -1.447800E-01  -3.144230E-02   4.109050E-02   0.000000E+00   1.797693+308
    11922       3290  -1.309060E-01  -3.403750E-02   4.528480E-02   0.000000E+00   1.797693+308
    17565       3291  -1.366050E-01  -2.868610E-02   4.840600E-02   0.000000E+00   1.797693+308
    13592       3292  -1.263850E-01  -2.939180E-02   5.285870E-02   0.000000E+00   1.797693+308
     7007       3293  -1.436460E-01  -2.845460E-02   4.505030E-02   0.000000E+00   1.797693+308
    14862       3294  -1.378030E-01  -3.555410E-02   4.002680E-02   0.000000E+00   1.797693+308
    11963       3295  -1.220560E-01  -3.328290E-02   5.068440E-02   0.000000E+00   1.797693+308
    11286       3296  -1.370170E-01  -2.572020E-02   5.154650E-02   0.000000E+00   1.797693+308
     5447       3297  -1.250200E-01  -3.743300E-02   4.447050E-02   0.000000E+00   1.797693+308
     8752       3298  -1.462670E-01  -2.466240E-02   4.799010E-02   0.000000E+00   1.797693+308
     6381       3299  -1.305750E-01  -3.793540E-02   4.104890E-02   0.000000E+00   1.797693+308
     7893       3300  -1.462160E-01  -3.455740E-02   3.683160E-02   0.000000E+00   1.797693+308
    11924       3301  -1.267590E-01  -3.306180E-02   4.851810E-02   0.000000E+00   1.797693+308
     3690       3302  -1.397850E-01  -2.587200E-02   4.995290E-02   0.000000E+00   1.797693+308
     8746       3303  -1.483510E-01  -2.773050E-02   4.345140E-02   0.000000E+00   1.797693+308
    14859       3304  -1.400000E-01  -3.208680E-02   4.281770E-02   0.000000E+00   1.797693+308
     7087       3305  -1.149410E-01  -3.289630E-02   5.477660E-02   0.000000E+00   1.797693+308
     7011       3306  -1.495960E-01  -3.114850E-02   3.894810E-02   0.000000E+00   1.797693+308
    14857       3307  -1.339150E-01  -3.501590E-02   4.263260E-02   0.000000E+00   1.797693+308
     1001       3308  -1.420530E-01  -3.570930E-02   3.766800E-02   0.000000E+00   1.797693+308
     8574       3309  -1.232760E-01  -4.100030E-02   4.133400E-02   0.000000E+00   1.797693+308
     5227       3310  -1.400890E-01  -2.877990E-02   4.651000E-02   0.000000E+00   1.797693+308
     8744       3311  -1.427610E-01  -2.558260E-02   4.875140E-02   0.000000E+00   1.797693+308
     5528       3312  -1.310420E-01  -2.658510E-02   5.363890E-02   0.000000E+00   1.797693+308
     6442       3313  -1.349880E-01  -2.470880E-02   5.373240E-02   0.000000E+00   1.797693+308
    13604       3314  -1.224970E-01  -2.971140E-02   5.449490E-02   0.000000E+00   1.797693+308
    14851       3315  -1.331450E-01  -3.070980E-02   4.789580E-02   0.000000E+00   1.797693+308
     8795       3316  -1.495640E-01  -2.471010E-02   4.624220E-02   0.000000E+00   1.797693+308
     6994       3317  -1.498610E-01  -3.429140E-02   3.525920E-02   0.000000E+00   1.797693+308
    11963       3318  -1.227400E-01  -3.559900E-02   4.771500E-02   0.000000E+00   1.797693+308
     6388       3319  -1.354790E-01  -3.833360E-02   3.807930E-02   0.000000E+00   1.797693+308
    11924       3320  -1.295810E-01  -3.019570E-02   5.030800E-02   0.000000E+00   1.797693+308
     3522       3321  -1.268270E-01  -3.972760E-02   4.094870E-02   0.000000E+00   1.797693+308
     7089       3322  -1.187720E-01  -3.246250E-02   5.329900E-02   0.000000E+00   1.797693+308
    11282       3323  -1.341680E-01  -2.760860E-02   5.087580E-02   0.000000E+00   1.797693+308
    10318       3324  -9.393970E-03  -3.406040E-02   4.617360E-02   0.000000E+00   1.797693+308
    14024       3325  -8.785860E-03  -3.006420E-02   5.046210E-02   0.000000E+00   1.797693+308
    10317       3326  -1.300890E-02  -3.240770E-02   4.940150E-02   0.000000E+00   1.797693+308
    18701       3327  -4.530830E-03  -2.986530E-02   4.908650E-02   0.000000E+00   1.797693+308
    10977       3328  -1.417420E-02  -4.025990E-02   4.096400E-02   0.000000E+00   1.797693+308
     6702       3329  -2.518450E-04  -3.376920E-02   4.306420E-02   0.000000E+00   1.797693+308
     5199       3330  -6.609160E-03  -3.831900E-02   4.031250E-02   0.000000E+00   1.797693+308
     5178       3331  -8.773790E-03  -2.724220E-02   5.364740E-02   0.000000E+00   1.797693+308
     5974       3332  -1.388360E-02  -3.622630E-02   4.541420E-02   0.000000E+00   1.797693+308
     9241       3333  -2.193430E-02  -3.256860E-02   5.257680E-02   0.000000E+00   1.797693+308
    19244       3334  -1.296010E-02  -2.878560E-02   5.347750E-02   0.000000E+00   1.797693+308
     5856       3335  -1.797150E-02  -3.447890E-02   4.892700E-02   0.000000E+00   1.797693+308
    11334       3336  -1.750910E-02  -3.031820E-02   5.345610E-02   0.000000E+00   1.797693+308
     5857       3337  -1.877880E-02  -3.831900E-02   4.488990E-02   0.000000E+00   1.797693+308
    19116       3338  -1.195360E-03  -3.773850E-02   3.893240E-02   0.000000E+00   1.797693+308
    18701       3339   3.847280E-05  -2.997200E-02   4.724720E-02   0.000000E+00   1.797693+308
    18132       3340  -5.034170E-03  -3.397340E-02   4.463210E-02   0.000000E+00   1.797693+308
    18122       3341  -2.667550E-02  -3.310320E-02   5.375580E-02   0.000000E+00   1.797693+308
     6482       3342  -2.556470E-03  -2.753400E-02   5.097910E-02   0.000000E+00   1.797693+308
     5975       3343  -1.029640E-02  -3.729090E-02   4.286140E-02   0.000000E+00   1.797693+308
     7100       3344  -1.894580E-02  -4.149360E-02   4.136430E-02   0.000000E+00   1.797693+308
     6480       3345  -5.755980E-03  -2.768990E-02   5.200630E-02   0.000000E+00   1.797693+308
    14017       3346  -6.755490E-03  -3.200330E-02   4.750660E-02   0.000000E+00   1.797693+308
     7072       3347   7.259840E-04  -2.688140E-02   5.048210E-02   0.000000E+00   1.797693+308
     8512       3348  -1.019380E-02  -3.962950E-02   4.017950E-02   0.000000E+00   1.797693+308
     6703       3349  -4.097400E-03  -3.588340E-02   4.212090E-02   0.000000E+00   1.797693+308
    18701       3350  -3.369650E-03  -3.192820E-02   4.631800E-02   0.000000E+00   1.797693+308
    20106       3351  -1.136100E-02  -2.656070E-02   5.539090E-02   0.000000E+00   1.797693+308
     5496       3352  -2.984140E-02  -3.250550E-02   5.562220E-02   0.000000E+00   1.797693+308
     8107       3353  -5.593080E-02   8.604930E-03   6.194770E-02   0.000000E+00   1.797693+308
    17379       3354  -5.593080E-02   2.792010E-03   5.592950E-02   0.000000E+00   1.797693+308
    13666       3355  -5.593080E-02   8.468880E-04   6.557280E-02   0.000000E+00   1.797693+308
     9233       3356  -5.593080E-02   1.211050E-02   5.433050E-02   0.000000E+00   1.797693+308
    19182       3357  -5.593080E-02  -2.165210E-03   6.163750E-02   0.000000E+00   1.797693+308
    17884       3358  -5.593080E-02   6.762590E-03   5.436490E-02   0.000000E+00   1.797693+308
    18027       3359  -5.593080E-02   4.859270E-03   6.942140E-02   0.000000E+00   1.797693+308
     5807       3360  -5.593080E-02  -2.751940E-02   6.851710E-02   0.000000E+00   1.797693+308
    10328       3361  -5.593080E-02   1.853540E-03   7.354210E-02   0.000000E+00   1.797693+308
     2808       3362  -5.593080E-02  -5.136960E-03   5.743150E-02   0.000000E+00   1.797693+308
     5888       3363  -5.593080E-02   1.016330E-02   5.816850E-02   0.000000E+00   1.797693+308
     8106       3364  -5.593080E-02   5.982510E-03   6.535950E-02   0.000000E+00   1.797693+308
     5807       3365  -5.593080E-02  -2.663500E-02   7.320800E-02   0.000000E+00   1.797693+308
     6034       3366  -5.593080E-02  -2.442220E-02   6.359160E-02   0.000000E+00   1.797693+308
    10328       3367  -5.593080E-02  -3.472620E-04   7.745500E-02   0.000000E+00   1.797693+308
     4695       3368  -5.593080E-02   1.642370E-02   5.110450E-02   0.000000E+00   1.797693+308
     1719       3369  -5.593080E-02  -2.049040E-02   8.278000E-02   0.000000E+00   1.797693+308
     5049       3370  -5.593080E-02  -5.277430E-03   8.276580E-02   0.000000E+00   1.797693+308
     8409       3371  -5.593080E-02  -8.607690E-03   8.459590E-02   0.000000E+00   1.797693+308
     3964       3372  -5.593080E-02  -1.715790E-02   8.460620E-02   0.000000E+00   1.797693+308
     2751       3373  -5.593080E-02  -2.580410E-02   7.691640E-02   0.000000E+00   1.797693+308
     7505       3374  -5.593080E-02   2.716300E-03   6.090280E-02   0.000000E+00   1.797693+308
     8013       3375  -5.593080E-02   5.171600E-04   6.932540E-02   0.000000E+00   1.797693+308
     7445       3376  -5.593080E-02  -8.717930E-04   5.688230E-02   0.000000E+00   1.797693+308
     9150       3377  -5.593080E-02  -2.900260E-02   6.445630E-02   0.000000E+00   1.797693+308
     4632       3378  -5.593080E-02  -8.944850E-03   5.804680E-02   0.000000E+00   1.797693+308
     8492       3379  -5.593080E-02  -2.353540E-03   8.052780E-02   0.000000E+00   1.797693+308
     4659       3380  -5.593080E-02  -2.343130E-02   8.045960E-02   0.000000E+00   1.797693+308
     4387       3381  -5.593080E-02  -1.288090E-02   8.521590E-02   0.000000E+00   1.797693+308
     5881       3382  -5.593080E-02   6.207820E-03   5.826270E-02   0.000000E+00   1.797693+308
     5053       3383  -5.593080E-02   1.185910E-02   6.080780E-02   0.000000E+00   1.797693+308
     7499       3384  -9.212580E-02   8.604930E-03   6.194770E-02   0.000000E+00   1.797693+308
     5661       3385  -9.212580E-02   2.792010E-03   5.592950E-02   0.000000E+00   1.797693+308
     5601       3386  -9.212580E-02   8.468880E-04   6.557280E-02   0.000000E+00   1.797693+308
     7770       3387  -9.212580E-02   1.211050E-02   5.433050E-02   0.000000E+00   1.797693+308
     1699       3388  -9.212580E-02  -2.165210E-03   6.163750E-02   0.000000E+00   1.797693+308
     7112       3389  -9.212580E-02   6.762590E-03   5.436490E-02   0.000000E+00   1.797693+308
     4745       3390  -9.212580E-02   4.859270E-03   6.942140E-02   0.000000E+00   1.797693+308
     3646       3391  -9.212580E-02  -2.751940E-02   6.851710E-02   0.000000E+00   1.797693+308
     6394       3392  -9.212580E-02   1.853540E-03   7.354210E-02   0.000000E+00   1.797693+308
     1708       3393  -9.212580E-02  -5.136960E-03   5.743150E-02   0.000000E+00   1.797693+308
     5127       3394  -9.212580E-02   1.016330E-02   5.816850E-02   0.000000E+00   1.797693+308
     4996       3395  -9.212580E-02   5.982510E-03   6.535950E-02   0.000000E+00   1.797693+308
     3646       3396  -9.212580E-02  -2.663500E-02   7.320800E-02   0.000000E+00   1.797693+308
    18085       3397  -9.212580E-02  -2.442220E-02   6.359160E-02   0.000000E+00   1.797693+308
     6394       3398  -9.212580E-02  -3.472620E-04   7.745500E-02   0.000000E+00   1.797693+308
     4899       3399  -9.212580E-02   1.642370E-02   5.110450E-02   0.000000E+00   1.797693+308
     3322       3400  -9.212580E-02  -2.049040E-02   8.278000E-02   0.000000E+00   1.797693+308
     4925       3401  -9.212580E-02  -5.277430E-03   8.276580E-02   0.000000E+00   1.797693+308
     4775       3402  -9.212580E-02  -8.607690E-03   8.459590E-02   0.000000E+00   1.797693+308
     7106       3403  -9.212580E-02  -1.715790E-02   8.460620E-02   0.000000E+00   1.797693+308
     3650       3404  -9.212580E-02  -2.580410E-02   7.691640E-02   0.000000E+00   1.797693+308
      794       3405  -9.212580E-02   2.716300E-03   6.090280E-02   0.000000E+00   1.797693+308
      160       3406  -9.212580E-02   5.171600E-04   6.932540E-02   0.000000E+00   1.797693+308
     6607       3407  -9.212580E-02  -8.717930E-04   5.688230E-02   0.000000E+00   1.797693+308
     7947       3408  -9.212580E-02  -2.900260E-02   6.445630E-02   0.000000E+00   1.797693+308
     1708       3409  -9.212580E-02  -8.944850E-03   5.804680E-02   0.000000E+00   1.797693+308
    16830       3410  -9.212580E-02  -2.353540E-03   8.052780E-02   0.000000E+00   1.797693+308
     3332       3411  -9.212580E-02  -2.343130E-02   8.045960E-02   0.000000E+00   1.797693+308
     4864       3412  -9.212580E-02  -1.288090E-02   8.521590E-02   0.000000E+00   1.797693+308
     7491       3413  -9.212580E-02   6.207820E-03   5.826270E-02   0.000000E+00   1.797693+308
    17541       3414  -9.212580E-02   1.185910E-02   6.080780E-02   0.000000E+00   1.797693+308
     8443       3415  -6.355080E-02   5.590590E-03   5.291870E-02   0.000000E+00   1.797693+308
    17988       3416  -6.355080E-02   6.215950E-03   6.583380E-02   0.000000E+00   1.797693+308
     7528       3417  -6.355080E-02  -1.282060E-03   6.112560E-02   0.000000E+00   1.797693+308
     9230       3418  -6.355080E-02   1.175540E-02   5.490640E-02   0.000000E+00   1.797693+308
     4920       3419  -6.355080E-02   9.882410E-03   6.160380E-02   0.000000E+00   1.797693+308
     7447       3420  -6.355080E-02  -8.059390E-04   5.562800E-02   0.000000E+00   1.797693+308
     6036       3421  -6.355080E-02  -2.709620E-02   6.518590E-02   0.000000E+00   1.797693+308
     5311       3422  -6.355080E-02   2.596510E-03   5.694550E-02   0.000000E+00   1.797693+308
     5047       3423  -6.355080E-02   1.202240E-03   6.888410E-02   0.000000E+00   1.797693+308
    13839       3424  -6.355080E-02   1.716300E-02   4.860050E-02   0.000000E+00   1.797693+308
     7534       3425  -6.355080E-02  -4.734500E-03   5.874060E-02   0.000000E+00   1.797693+308
     6474       3426  -6.355080E-02  -2.420610E-02   6.094520E-02   0.000000E+00   1.797693+308
    18113       3427  -6.355080E-02   1.973400E-03   7.354970E-02   0.000000E+00   1.797693+308
     5357       3428  -6.355080E-02  -8.666060E-03   5.637420E-02   0.000000E+00   1.797693+308
     7501       3429  -6.355080E-02   4.123170E-03   6.116740E-02   0.000000E+00   1.797693+308
     8424       3430  -6.355080E-02   9.576750E-03   5.037160E-02   0.000000E+00   1.797693+308
      586       3431  -6.355080E-02  -2.757430E-02   6.995060E-02   0.000000E+00   1.797693+308
     9208       3432  -6.355080E-02  -3.300710E-04   7.742800E-02   0.000000E+00   1.797693+308
    19263       3433  -6.355080E-02  -2.049040E-02   8.278000E-02   0.000000E+00   1.797693+308
     4741       3434  -6.355080E-02  -5.277430E-03   8.276580E-02   0.000000E+00   1.797693+308
    13277       3435  -6.355080E-02  -1.348340E-02   5.695220E-02   0.000000E+00   1.797693+308
     4993       3436  -6.355080E-02  -8.607690E-03   8.459590E-02   0.000000E+00   1.797693+308
     5579       3437  -6.355080E-02  -1.715790E-02   8.460620E-02   0.000000E+00   1.797693+308
     9177       3438  -6.355080E-02  -2.535950E-02   7.737050E-02   0.000000E+00   1.797693+308
     1509       3439  -6.355080E-02  -2.950490E-02   6.158770E-02   0.000000E+00   1.797693+308
    20181       3440  -6.355080E-02  -4.649110E-03   5.510470E-02   0.000000E+00   1.797693+308
       88       3441  -6.355080E-02   6.600260E-04   5.221060E-02   0.000000E+00   1.797693+308
     5877       3442  -6.355080E-02   7.780800E-03   5.748610E-02   0.000000E+00   1.797693+308
     1734       3443  -6.355080E-02   3.979210E-04   6.505940E-02   0.000000E+00   1.797693+308
     5841       3444  -6.355080E-02  -1.722630E-02   5.820340E-02   0.000000E+00   1.797693+308
    13979       3445  -6.355080E-02  -2.350450E-03   8.052130E-02   0.000000E+00   1.797693+308
     6290       3446  -6.355080E-02  -2.337670E-02   8.050290E-02   0.000000E+00   1.797693+308
      139       3447  -6.355080E-02  -1.288090E-02   8.521590E-02   0.000000E+00   1.797693+308
     6047       3448  -6.355080E-02  -2.694100E-02   7.406370E-02   0.000000E+00   1.797693+308
     4836       3449  -6.355080E-02  -2.018550E-02   5.933320E-02   0.000000E+00   1.797693+308
     4782       3450  -6.355080E-02   5.055920E-03   6.966700E-02   0.000000E+00   1.797693+308
    18115       3451  -6.355080E-02   1.468820E-02   5.209440E-02   0.000000E+00   1.797693+308
     4788       3452  -6.355080E-02   1.318490E-02   5.796940E-02   0.000000E+00   1.797693+308
     8414       3453  -6.355080E-02   1.302560E-02   4.857860E-02   0.000000E+00   1.797693+308
     5130       3454  -8.450580E-02   9.408630E-03   5.858990E-02   0.000000E+00   1.797693+308
     7552       3455  -8.450580E-02   4.488430E-03   6.072700E-02   0.000000E+00   1.797693+308
    19602       3456  -8.450580E-02  -5.184600E-03   5.757170E-02   0.000000E+00   1.797693+308
     5129       3457  -8.450580E-02   9.934740E-03   5.245730E-02   0.000000E+00   1.797693+308
     4044       3458  -8.450580E-02   2.356830E-03   7.022580E-02   0.000000E+00   1.797693+308
     6281       3459  -8.450580E-02  -2.709620E-02   6.518590E-02   0.000000E+00   1.797693+308
     5667       3460  -8.450580E-02   1.856880E-03   5.365010E-02   0.000000E+00   1.797693+308
     2787       3461  -8.450580E-02   1.746000E-02   4.899990E-02   0.000000E+00   1.797693+308
    18088       3462  -8.450580E-02   4.150320E-04   6.249490E-02   0.000000E+00   1.797693+308
     4803       3463  -8.450580E-02   8.207130E-03   6.405450E-02   0.000000E+00   1.797693+308
     4354       3464  -8.450580E-02  -2.420610E-02   6.094520E-02   0.000000E+00   1.797693+308
     8849       3465  -8.450580E-02  -2.757430E-02   6.995060E-02   0.000000E+00   1.797693+308
    17539       3466  -8.450580E-02   1.364920E-02   5.584210E-02   0.000000E+00   1.797693+308
     7737       3467  -8.450580E-02   5.765080E-03   5.257930E-02   0.000000E+00   1.797693+308
    13488       3468  -8.450580E-02   1.054720E-03   7.488090E-02   0.000000E+00   1.797693+308
     5666       3469  -8.450580E-02   1.180940E-03   5.840760E-02   0.000000E+00   1.797693+308
     4576       3470  -8.450580E-02  -1.284610E-02   5.724170E-02   0.000000E+00   1.797693+308
    19091       3471  -8.450580E-02  -2.049040E-02   8.278000E-02   0.000000E+00   1.797693+308
     1393       3472  -8.450580E-02  -5.277420E-03   8.276580E-02   0.000000E+00   1.797693+308
     4863       3473  -8.450580E-02  -8.607690E-03   8.459590E-02   0.000000E+00   1.797693+308
     8881       3474  -8.450580E-02  -1.715790E-02   8.460620E-02   0.000000E+00   1.797693+308
     6615       3475  -8.450580E-02  -2.535950E-02   7.737050E-02   0.000000E+00   1.797693+308
      626       3476  -8.450580E-02  -2.950490E-02   6.158770E-02   0.000000E+00   1.797693+308
    13482       3477  -8.450580E-02  -2.032820E-03   8.026960E-02   0.000000E+00   1.797693+308
     1427       3478  -8.450580E-02  -2.608350E-03   6.056420E-02   0.000000E+00   1.797693+308
    19173       3479  -8.450580E-02  -1.675750E-02   5.778880E-02   0.000000E+00   1.797693+308
     7553       3480  -8.450580E-02   3.692400E-03   6.397390E-02   0.000000E+00   1.797693+308
     5352       3481  -8.450580E-02  -2.337670E-02   8.050290E-02   0.000000E+00   1.797693+308
     8877       3482  -8.450580E-02  -1.288090E-02   8.521590E-02   0.000000E+00   1.797693+308
     8903       3483  -8.450580E-02   6.441560E-04   6.624800E-02   0.000000E+00   1.797693+308
     5505       3484  -8.450580E-02  -2.694100E-02   7.406370E-02   0.000000E+00   1.797693+308
     4670       3485  -8.450580E-02  -2.010740E-02   5.926410E-02   0.000000E+00   1.797693+308
     2795       3486  -8.450580E-02   1.343720E-02   5.041440E-02   0.000000E+00   1.797693+308
     6030       3487  -8.450580E-02  -2.127590E-03   5.455410E-02   0.000000E+00   1.797693+308
     4998       3488  -8.450580E-02   1.631960E-02   5.300860E-02   0.000000E+00   1.797693+308
     4861       3489  -8.450580E-02   5.404140E-03   6.725930E-02   0.000000E+00   1.797693+308
    19602       3490  -8.450580E-02  -8.216290E-03   5.695110E-02   0.000000E+00   1.797693+308
     7733       3491  -8.450580E-02   7.749500E-03   4.929580E-02   0.000000E+00   1.797693+308
    17979       3492  -8.450580E-02   4.502640E-03   5.687900E-02   0.000000E+00   1.797693+308
    10152       3493  -1.087180E-01  -1.077350E-02   5.195160E-02   0.000000E+00   1.797693+308
    12707       3494  -1.152420E-01  -1.964490E-02   5.457920E-02   0.000000E+00   1.797693+308
    10133       3495  -1.059390E-01  -2.058200E-02   5.485680E-02   0.000000E+00   1.797693+308
     9385       3496  -1.048730E-01   2.122150E-03   4.813220E-02   0.000000E+00   1.797693+308
    18248       3497  -1.118090E-01  -6.969430E-03   5.082490E-02   0.000000E+00   1.797693+308
    13071       3498  -1.204600E-01  -1.040680E-02   5.184300E-02   0.000000E+00   1.797693+308
    13077       3499  -1.206500E-01  -1.806940E-02   5.411260E-02   0.000000E+00   1.797693+308
     1237       3500  -1.045550E-01  -9.642040E-03   5.161650E-02   0.000000E+00   1.797693+308
    11372       3501  -1.023970E-01  -2.741610E-02   5.688090E-02   0.000000E+00   1.797693+308
    18630       3502  -1.092160E-01  -2.531710E-02   5.625920E-02   0.000000E+00   1.797693+308
     1239       3503  -1.057680E-01  -1.496450E-02   5.319290E-02   0.000000E+00   1.797693+308
    12706       3504  -1.106880E-01  -1.674050E-02   5.371900E-02   0.000000E+00   1.797693+308
    13067       3505  -1.163890E-01  -1.428970E-02   5.299310E-02   0.000000E+00   1.797693+308
     9384       3506  -1.052150E-01  -3.821380E-03   4.989250E-02   0.000000E+00   1.797693+308
    10762       3507  -1.191810E-01  -2.381700E-02   5.581490E-02   0.000000E+00   1.797693+308
    10135       3508  -1.102410E-01   2.690440E-03   4.796380E-02   0.000000E+00   1.797693+308
     1923       3509  -9.990960E-02  -1.974900E-02   5.461000E-02   0.000000E+00   1.797693+308
    11003       3510  -1.243900E-01  -2.301850E-02   5.557840E-02   0.000000E+00   1.797693+308
      764       3511  -1.076860E-01   7.298280E-03   4.659910E-02   0.000000E+00   1.797693+308
     1925       3512  -9.944110E-02  -1.362550E-02   5.279640E-02   0.000000E+00   1.797693+308
    11747       3513  -1.156830E-01  -8.832730E-03   5.137680E-02   0.000000E+00   1.797693+308
     9365       3514  -9.841070E-02   2.382640E-03   4.805500E-02   0.000000E+00   1.797693+308
    10142       3515  -9.934820E-02  -2.264350E-03   4.943140E-02   0.000000E+00   1.797693+308
    10149       3516  -9.921620E-02  -7.987440E-03   5.112650E-02   0.000000E+00   1.797693+308
    10766       3517  -1.139550E-01  -2.431490E-02   5.596240E-02   0.000000E+00   1.797693+308
     8769       3518  -1.267700E-01  -1.775620E-02   5.401980E-02   0.000000E+00   1.797693+308
    11811       3519  -9.866920E-02  -2.525660E-02   5.624130E-02   0.000000E+00   1.797693+308
    13059       3520  -1.102960E-01  -2.139080E-02   5.509630E-02   0.000000E+00   1.797693+308
    11747       3521  -1.153270E-01  -3.537760E-03   4.980850E-02   0.000000E+00   1.797693+308
    18084       3522  -9.918620E-02  -3.006380E-02   5.766510E-02   0.000000E+00   1.797693+308
    13068       3523  -1.239750E-01  -1.383660E-02   5.285890E-02   0.000000E+00   1.797693+308
    11755       3524  -1.104930E-01  -2.470780E-03   4.949250E-02   0.000000E+00   1.797693+308
    10753       3525  -9.960630E-02   1.809380E-02   4.340160E-02   0.000000E+00   1.797693+308
     8778       3526  -1.289230E-01  -2.157940E-02   5.515220E-02   0.000000E+00   1.797693+308
     6288       3527  -1.064290E-01  -2.991920E-02   5.762230E-02   0.000000E+00   1.797693+308
      772       3528  -1.046360E-01   1.157200E-02   4.533330E-02   0.000000E+00   1.797693+308
    12725       3529  -1.003400E-01   7.321040E-03   4.659230E-02   0.000000E+00   1.797693+308
    10155       3530  -1.082000E-01  -7.080340E-03   5.085780E-02   0.000000E+00   1.797693+308
    11750       3531  -1.191220E-01  -5.965850E-03   5.052770E-02   0.000000E+00   1.797693+308
    11366       3532  -1.050070E-01  -2.461080E-02   5.605000E-02   0.000000E+00   1.797693+308
    11752       3533  -1.124390E-01  -1.231840E-02   5.240920E-02   0.000000E+00   1.797693+308
     7761       3534  -1.027890E-01  -3.111930E-02   5.797770E-02   0.000000E+00   1.797693+308
    10750       3535  -1.004890E-01   1.418420E-02   4.455960E-02   0.000000E+00   1.797693+308
     7952       3536  -1.164130E-01  -2.728920E-02   5.684330E-02   0.000000E+00   1.797693+308
    14719       3537  -1.117350E-01  -2.868850E-02   5.725780E-02   0.000000E+00   1.797693+308
     5135       3538  -1.139810E-01   6.627080E-04   4.856440E-02   0.000000E+00   1.797693+308
    14110       3539  -3.857160E-02  -1.295780E-02   5.259860E-02   0.000000E+00   1.797693+308
     9572       3540  -3.337140E-02  -2.038750E-02   5.479910E-02   0.000000E+00   1.797693+308
    12990       3541  -4.313220E-02   6.509750E-04   4.856790E-02   0.000000E+00   1.797693+308
    13013       3542  -4.333680E-02  -2.080500E-02   5.492280E-02   0.000000E+00   1.797693+308
    10312       3543  -2.759070E-02  -1.995500E-02   5.467110E-02   0.000000E+00   1.797693+308
      958       3544  -4.385160E-02  -1.045250E-02   5.185660E-02   0.000000E+00   1.797693+308
    11176       3545  -3.239640E-02  -4.696150E-03   5.015160E-02   0.000000E+00   1.797693+308
    11182       3546  -2.807480E-02  -9.339730E-03   5.152700E-02   0.000000E+00   1.797693+308
    13010       3547  -4.379420E-02  -2.546380E-02   5.630270E-02   0.000000E+00   1.797693+308
     9879       3548  -4.632820E-02   9.588630E-03   4.592070E-02   0.000000E+00   1.797693+308
    10314       3549  -3.071430E-02  -1.495410E-02   5.318990E-02   0.000000E+00   1.797693+308
    11135       3550  -2.289300E-02  -2.419770E-02   5.592770E-02   0.000000E+00   1.797693+308
     9567       3551  -4.310300E-02  -1.602950E-02   5.350840E-02   0.000000E+00   1.797693+308
     9596       3552  -3.831920E-02  -2.349480E-02   5.571950E-02   0.000000E+00   1.797693+308
    18708       3553  -3.828390E-02  -7.712480E-03   5.104500E-02   0.000000E+00   1.797693+308
     9615       3554  -4.862860E-02  -2.552830E-03   4.951680E-02   0.000000E+00   1.797693+308
    14105       3555  -3.848920E-02  -1.845520E-02   5.422680E-02   0.000000E+00   1.797693+308
     9895       3556  -3.658750E-02   2.187490E-03   4.811280E-02   0.000000E+00   1.797693+308
    12609       3557  -2.996600E-02  -2.470310E-02   5.607740E-02   0.000000E+00   1.797693+308
    12993       3558  -4.304580E-02  -4.904130E-03   5.021320E-02   0.000000E+00   1.797693+308
     6429       3559  -4.543700E-02  -3.039840E-02   5.776420E-02   0.000000E+00   1.797693+308
    12934       3560  -4.848110E-02   2.412950E-03   4.804600E-02   0.000000E+00   1.797693+308
     9898       3561  -4.008420E-02   4.909360E-03   4.730660E-02   0.000000E+00   1.797693+308
    18139       3562  -2.196680E-02  -1.736490E-02   5.390390E-02   0.000000E+00   1.797693+308
     9592       3563  -4.790400E-02  -1.858380E-02   5.426490E-02   0.000000E+00   1.797693+308
     9305       3564  -2.549270E-02  -1.370820E-02   5.282080E-02   0.000000E+00   1.797693+308
    13025       3565  -3.566560E-02  -2.874370E-02   5.727410E-02   0.000000E+00   1.797693+308
     9588       3566  -4.841120E-02  -2.280280E-02   5.551450E-02   0.000000E+00   1.797693+308
    14108       3567  -3.385130E-02  -1.100540E-02   5.202030E-02   0.000000E+00   1.797693+308
    10567       3568  -4.772690E-02   1.624440E-02   4.394940E-02   0.000000E+00   1.797693+308
     6688       3569  -1.818630E-02  -2.168760E-02   5.518420E-02   0.000000E+00   1.797693+308
     9552       3570  -4.927130E-02  -1.048740E-02   5.186690E-02   0.000000E+00   1.797693+308
     5695       3571  -4.074340E-02  -2.976570E-02   5.757680E-02   0.000000E+00   1.797693+308
     9561       3572  -3.779310E-02  -2.831530E-03   4.959940E-02   0.000000E+00   1.797693+308
     9555       3573  -4.828650E-02  -7.242070E-03   5.090570E-02   0.000000E+00   1.797693+308
     2936       3574  -4.744320E-02  -2.651120E-02   5.661290E-02   0.000000E+00   1.797693+308
     9452       3575  -4.429790E-02   4.323970E-03   4.748000E-02   0.000000E+00   1.797693+308
    18181       3576  -3.480720E-02  -1.602860E-02   5.350810E-02   0.000000E+00   1.797693+308
     9884       3577  -4.247170E-02   8.329510E-03   4.629360E-02   0.000000E+00   1.797693+308
     9583       3578  -4.870690E-02  -1.420880E-02   5.296910E-02   0.000000E+00   1.797693+308
     9891       3579  -4.686090E-02   6.324960E-03   4.688740E-02   0.000000E+00   1.797693+308
     9881       3580  -4.389420E-02   1.251380E-02   4.505430E-02   0.000000E+00   1.797693+308
    13020       3581  -3.370240E-02  -2.513120E-02   5.620420E-02   0.000000E+00   1.797693+308
    18418       3582  -3.400960E-02  -7.841150E-04   4.899300E-02   0.000000E+00   1.797693+308
     2942       3583  -4.934280E-02  -2.929920E-02   5.743860E-02   0.000000E+00   1.797693+308
     1438       3584  -4.983640E-02   8.758450E-03   4.616660E-02   0.000000E+00   1.797693+308
     1444       3585  -4.888290E-02   1.191850E-02   4.523070E-02   0.000000E+00   1.797693+308
    12611       3586  -2.644730E-02  -2.510260E-02   5.619570E-02   0.000000E+00   1.797693+308
    12778       3587  -4.981540E-02   1.966840E-02   4.293530E-02   0.000000E+00   1.797693+308
     5497       3588  -3.119000E-02  -2.832690E-02   5.715070E-02   0.000000E+00   1.797693+308
     5303       3589  -1.632970E-01   1.064880E-02   4.719590E-03   0.000000E+00   1.797693+308
    11803       3590  -1.632970E-01   9.868430E-04   1.465700E-02   0.000000E+00   1.797693+308
     6887       3591  -1.632970E-01  -8.763140E-03   2.328260E-02   0.000000E+00   1.797693+308
    11801       3592  -1.632970E-01   4.597950E-03   1.146230E-02   0.000000E+00   1.797693+308
    19585       3593  -1.632970E-01   2.128770E-02   2.357100E-03   0.000000E+00   1.797693+308
    12157       3594  -1.632970E-01   1.357090E-02   4.589610E-04   0.000000E+00   1.797693+308
     6072       3595  -1.632970E-01  -5.575020E-03   1.269710E-02   0.000000E+00   1.797693+308
    15094       3596  -1.632970E-01   2.132050E-03   2.140890E-02   0.000000E+00   1.797693+308
     7884       3597  -1.632970E-01  -7.076270E-03   2.955520E-02   0.000000E+00   1.797693+308
     3017       3598  -1.632970E-01  -1.478330E-02   2.084350E-02   0.000000E+00   1.797693+308
     7726       3599  -1.632970E-01   2.730520E-03   5.349380E-03   0.000000E+00   1.797693+308
    11801       3600  -1.632970E-01   1.093740E-02   1.421670E-02   0.000000E+00   1.797693+308
     6077       3601  -1.632970E-01  -1.017920E-02   1.677030E-02   0.000000E+00   1.797693+308
    11493       3602  -1.632970E-01  -2.472110E-03   2.548200E-02   0.000000E+00   1.797693+308
     2400       3603  -1.632970E-01   1.618180E-02   9.328840E-03   0.000000E+00   1.797693+308
    12165       3604  -1.632970E-01   7.424960E-03   1.196330E-03   0.000000E+00   1.797693+308
    11638       3605  -1.632970E-01  -1.992320E-03   1.729260E-02   0.000000E+00   1.797693+308
     2152       3606  -1.632970E-01  -1.255480E-02   2.663690E-02   0.000000E+00   1.797693+308
    11800       3607  -1.632970E-01   6.284820E-03   1.773500E-02   0.000000E+00   1.797693+308
     5233       3608  -1.632970E-01  -1.422250E-03   9.023240E-03   0.000000E+00   1.797693+308
     5701       3609  -1.632970E-01   1.033480E-02  -4.223740E-03   0.000000E+00   1.797693+308
     7725       3610  -1.632970E-01   8.209050E-03   8.267660E-03   0.000000E+00   1.797693+308
    11490       3611  -1.632970E-01  -5.242310E-03   2.016780E-02   0.000000E+00   1.797693+308
     6261       3612  -1.632970E-01  -1.941290E-02   2.206380E-02   0.000000E+00   1.797693+308
     7993       3613  -1.632970E-01  -8.851970E-03   3.400140E-02   0.000000E+00   1.797693+308
    17704       3614  -1.632970E-01   2.237440E-02   6.879760E-03   0.000000E+00   1.797693+308
     7819       3615  -1.632970E-01   1.886670E-02  -1.419110E-03   0.000000E+00   1.797693+308
     5302       3616  -1.632970E-01   1.465830E-02   5.053920E-03   0.000000E+00   1.797693+308
     7729       3617  -1.632970E-01   1.221220E-02   8.608670E-03   0.000000E+00   1.797693+308
     6751       3618  -1.632970E-01   1.436300E-02   1.234210E-02   0.000000E+00   1.797693+308
    18455       3619  -1.632970E-01  -1.555130E-03   2.078830E-02   0.000000E+00   1.797693+308
    11637       3620  -1.632970E-01  -5.408670E-03   1.643240E-02   0.000000E+00   1.797693+308
     5708       3621  -1.632970E-01   1.355770E-02  -7.495760E-03   0.000000E+00   1.797693+308
     7884       3622  -1.632970E-01  -1.174710E-02   3.083900E-02   0.000000E+00   1.797693+308
    19887       3623  -1.632970E-01  -1.662700E-02   2.532290E-02   0.000000E+00   1.797693+308
     6134       3624  -1.632970E-01   1.841690E-02   5.707910E-03   0.000000E+00   1.797693+308
     6127       3625  -1.632970E-01   3.320630E-03   2.459620E-02   0.000000E+00   1.797693+308
    17369       3626  -1.632970E-01   1.171250E-03   1.837630E-02   0.000000E+00   1.797693+308
     5816       3627  -1.632970E-01  -2.682280E-03   1.402050E-02   0.000000E+00   1.797693+308
     6071       3628  -1.632970E-01  -8.593660E-03   1.112880E-02   0.000000E+00   1.797693+308
     6810       3629  -1.632970E-01   4.144020E-03   2.163870E-04   0.000000E+00   1.797693+308
    11397       3630  -1.632970E-01   1.949630E-02   9.929620E-03   0.000000E+00   1.797693+308
     7819       3631  -1.632970E-01   1.570080E-02  -4.183890E-03   0.000000E+00   1.797693+308
    12153       3632  -1.632970E-01   1.730550E-02   2.398800E-03   0.000000E+00   1.797693+308
     7815       3633  -1.632970E-01   2.466920E-02   4.007030E-03   0.000000E+00   1.797693+308
     5820       3634  -1.632970E-01  -4.612910E-03   7.963430E-03   0.000000E+00   1.797693+308
     5438       3635  -1.632970E-01   6.947710E-03   2.103110E-02   0.000000E+00   1.797693+308
    12981       3636  -7.646250E-02  -2.726250E-02   5.418630E-02   0.000000E+00   1.797693+308
     9657       3637  -7.646250E-02  -1.885360E-02   5.169580E-02   0.000000E+00   1.797693+308
     9539       3638  -7.646250E-02  -1.044470E-02   4.920520E-02   0.000000E+00   1.797693+308
     9518       3639  -7.646250E-02  -2.035870E-03   4.671460E-02   0.000000E+00   1.797693+308
     3290       3640  -7.646250E-02   6.372990E-03   4.422410E-02   0.000000E+00   1.797693+308
    10024       3641  -7.646250E-02   1.478190E-02   4.173350E-02   0.000000E+00   1.797693+308
    12889       3642  -7.670590E-02   2.284030E-02   3.934670E-02   0.000000E+00   1.797693+308
     9398       3643  -7.100300E-02   2.110520E-02   3.986060E-02   0.000000E+00   1.797693+308
    14268       3644  -7.089870E-02   1.271300E-02   4.234630E-02   0.000000E+00   1.797693+308
     9424       3645  -7.089870E-02   4.304150E-03   4.483680E-02   0.000000E+00   1.797693+308
     9443       3646  -7.089870E-02  -4.104720E-03   4.732740E-02   0.000000E+00   1.797693+308
    18174       3647  -7.089870E-02  -1.251360E-02   4.981800E-02   0.000000E+00   1.797693+308
     9641       3648  -7.093700E-02  -2.084250E-02   5.228490E-02   0.000000E+00   1.797693+308
     3970       3649  -7.102620E-02  -2.835250E-02   5.450920E-02   0.000000E+00   1.797693+308
    10103       3650  -7.204940E-02   2.604770E-02   3.839670E-02   0.000000E+00   1.797693+308
     9392       3651  -7.710830E-02   1.870500E-02   4.057150E-02   0.000000E+00   1.797693+308
    12985       3652  -7.706410E-02  -2.317530E-02   5.297580E-02   0.000000E+00   1.797693+308
     2522       3653  -7.159410E-02   1.665050E-02   4.118000E-02   0.000000E+00   1.797693+308
     9542       3654  -7.136870E-02  -1.664910E-02   5.104280E-02   0.000000E+00   1.797693+308
     9440       3655  -7.159410E-02  -8.576090E-03   4.865170E-02   0.000000E+00   1.797693+308
    18161       3656  -7.159410E-02  -1.672330E-04   4.616120E-02   0.000000E+00   1.797693+308
     9993       3657  -7.159410E-02   8.241630E-03   4.367060E-02   0.000000E+00   1.797693+308
     3298       3658  -7.705860E-02   1.034860E-02   4.304660E-02   0.000000E+00   1.797693+308
    18202       3659  -7.705860E-02   1.939750E-03   4.553710E-02   0.000000E+00   1.797693+308
     9520       3660  -7.705860E-02  -6.469110E-03   4.802770E-02   0.000000E+00   1.797693+308
     9536       3661  -7.702640E-02  -1.483000E-02   5.050400E-02   0.000000E+00   1.797693+308
     7962       3662  -7.743610E-02  -3.099970E-02   5.529320E-02   0.000000E+00   1.797693+308
     3975       3663  -7.159410E-02  -2.469310E-02   5.342530E-02   0.000000E+00   1.797693+308
     8378       3664  -7.012010E-02  -3.168750E-02   5.549700E-02   0.000000E+00   1.797693+308
    12887       3665  -7.743610E-02   2.646080E-02   3.827440E-02   0.000000E+00   1.797693+308
     4293       3666  -7.402830E-02  -3.123330E-02   5.536240E-02   0.000000E+00   1.797693+308
      113       3667   1.524000E-02  -1.041040E-03   1.645100E-02   0.000000E+00   1.797693+308
     1813       3668   1.524000E-02  -1.486690E-02   3.433540E-02   0.000000E+00   1.797693+308
     6692       3669   1.524000E-02  -1.610440E-02   2.650300E-02   0.000000E+00   1.797693+308
     1093       3670   1.524000E-02  -1.271510E-02   1.873640E-02   0.000000E+00   1.797693+308
     8558       3671   1.524000E-02  -3.380140E-03   2.789500E-02   0.000000E+00   1.797693+308
      423       3672   1.524000E-02   1.732090E-03   1.073910E-02   0.000000E+00   1.797693+308
      419       3673   1.524000E-02   6.041040E-03   1.439250E-02   0.000000E+00   1.797693+308
    10626       3674   1.524000E-02  -6.120840E-03   1.266180E-02   0.000000E+00   1.797693+308
      103       3675   1.524000E-02   2.303780E-03   2.181160E-02   0.000000E+00   1.797693+308
     7248       3676   1.524000E-02  -7.216140E-03   3.005520E-02   0.000000E+00   1.797693+308
     7247       3677   1.524000E-02  -8.976520E-03   2.281220E-02   0.000000E+00   1.797693+308
     1103       3678   1.524000E-02  -1.755650E-02   2.126990E-02   0.000000E+00   1.797693+308
     8229       3679   1.524000E-02  -2.113030E-02   2.581140E-02   0.000000E+00   1.797693+308
    12600       3680   1.524000E-02  -6.827560E-03   1.817870E-02   0.000000E+00   1.797693+308
       99       3681   1.524000E-02  -3.674610E-03   2.261060E-02   0.000000E+00   1.797693+308
     5941       3682   1.524000E-02   7.004230E-03   1.968760E-02   0.000000E+00   1.797693+308
    19452       3683   1.524000E-02   2.489570E-04   5.760740E-03   0.000000E+00   1.797693+308
     7853       3684   1.524000E-02  -1.836800E-02   3.096900E-02   0.000000E+00   1.797693+308
     7607       3685   1.524000E-02  -1.047750E-02   3.594660E-02   0.000000E+00   1.797693+308
     8183       3686   1.524000E-02  -3.712170E-03   8.425410E-03   0.000000E+00   1.797693+308
    18660       3687   1.524000E-02  -1.122000E-02   2.723100E-02   0.000000E+00   1.797693+308
     6705       3688   1.524000E-02  -3.885830E-04   2.560940E-02   0.000000E+00   1.797693+308
     8161       3689   1.524000E-02  -1.014040E-02   1.472210E-02   0.000000E+00   1.797693+308
     5680       3690   1.524000E-02   1.029420E-02   1.709990E-02   0.000000E+00   1.797693+308
    16818       3691   1.524000E-02  -1.359460E-02   2.349410E-02   0.000000E+00   1.797693+308
     1803       3692   1.524000E-02  -1.113770E-02   3.185410E-02   0.000000E+00   1.797693+308
     7606       3693   1.524000E-02  -1.364660E-02   3.790650E-02   0.000000E+00   1.797693+308
     1796       3694   1.524000E-02  -1.433940E-02   3.017850E-02   0.000000E+00   1.797693+308
     7246       3695   1.524000E-02  -6.975920E-03   2.609030E-02   0.000000E+00   1.797693+308
     3590       3696   1.524000E-02  -7.059490E-03   3.342290E-02   0.000000E+00   1.797693+308
    10775       3697  -1.122690E-01  -4.060240E-02   4.365210E-02   0.000000E+00   1.797693+308
    11318       3698  -1.034250E-01  -4.060240E-02   4.365210E-02   0.000000E+00   1.797693+308
    10405       3699  -9.458020E-02  -4.060240E-02   4.365210E-02   0.000000E+00   1.797693+308
    10416       3700  -8.573570E-02  -4.060240E-02   4.365210E-02   0.000000E+00   1.797693+308
     7079       3701  -7.689120E-02  -4.060240E-02   4.365210E-02   0.000000E+00   1.797693+308
    17508       3702  -6.804660E-02  -4.060240E-02   4.365210E-02   0.000000E+00   1.797693+308
    12651       3703  -5.920210E-02  -4.060240E-02   4.365210E-02   0.000000E+00   1.797693+308
    10962       3704  -5.035760E-02  -4.060240E-02   4.365210E-02   0.000000E+00   1.797693+308
    10711       3705  -4.151310E-02  -4.060240E-02   4.365210E-02   0.000000E+00   1.797693+308
    12323       3706  -3.266860E-02  -4.060240E-02   4.365210E-02   0.000000E+00   1.797693+308
    13113       3707  -2.673280E-02  -4.060240E-02   4.365210E-02   0.000000E+00   1.797693+308
    10768       3708  -1.078470E-01  -4.060240E-02   4.365210E-02   0.000000E+00   1.797693+308
    12286       3709  -3.709090E-02  -4.060240E-02   4.365210E-02   0.000000E+00   1.797693+308
    10716       3710  -4.593540E-02  -4.060240E-02   4.365210E-02   0.000000E+00   1.797693+308
    10961       3711  -5.477990E-02  -4.060240E-02   4.365210E-02   0.000000E+00   1.797693+308
    12663       3712  -6.362440E-02  -4.060240E-02   4.365210E-02   0.000000E+00   1.797693+308
     7366       3713  -7.246890E-02  -4.060240E-02   4.365210E-02   0.000000E+00   1.797693+308
    10397       3714  -8.131340E-02  -4.060240E-02   4.365210E-02   0.000000E+00   1.797693+308
    10411       3715  -9.015790E-02  -4.060240E-02   4.365210E-02   0.000000E+00   1.797693+308
    11317       3716  -9.900240E-02  -4.060240E-02   4.365210E-02   0.000000E+00   1.797693+308
    11954       3717  -1.163140E-01  -3.930860E-02   4.511460E-02   0.000000E+00   1.797693+308
     5466       3718  -1.163230E-01  -4.204130E-02   4.202560E-02   0.000000E+00   1.797693+308
     7617       3719  -2.895300E-02  -4.281320E-02   4.115310E-02   0.000000E+00   1.797693+308
    12319       3720  -2.895300E-02  -3.839150E-02   4.615110E-02   0.000000E+00   1.797693+308
    17185       3721  -1.067590E-01   1.062970E-02   1.799010E-02   0.000000E+00   1.797693+308
    15667       3722  -9.708360E-02  -7.170400E-03   3.131140E-02   0.000000E+00   1.797693+308
     4446       3723  -7.866960E-02   9.148470E-03   2.119570E-02   0.000000E+00   1.797693+308
    16560       3724  -6.650760E-02  -4.061500E-03   2.800920E-02   0.000000E+00   1.797693+308
    16318       3725  -4.159550E-02  -2.312250E-03   2.927020E-02   0.000000E+00   1.797693+308
    18706       3726  -3.093770E-02   9.256160E-03   1.182290E-02   0.000000E+00   1.797693+308
    15665       3727  -8.160130E-02  -1.490280E-02   3.306970E-02   0.000000E+00   1.797693+308
    16899       3728  -6.854770E-02  -2.511380E-02   3.897010E-02   0.000000E+00   1.797693+308
    17222       3729  -5.361140E-02  -1.687560E-02   3.609450E-02   0.000000E+00   1.797693+308
     5070       3730   1.037650E-02  -2.700760E-02   3.903530E-02   0.000000E+00   1.797693+308
    15049       3731  -8.766460E-03  -1.455530E-02   1.907360E-02   0.000000E+00   1.797693+308
     5078       3732  -1.183090E-01   4.029120E-02   7.302210E-03   0.000000E+00   1.797693+308
    13987       3733  -5.959390E-02  -9.690780E-04   7.976960E-02   0.000000E+00   1.797693+308
    16271       3734  -3.282410E-02  -3.613740E-02   3.803810E-02   0.000000E+00   1.797693+308
     3394       3735  -1.370270E-01   1.435740E-02  -1.690180E-03   0.000000E+00   1.797693+308
     5094       3736  -1.564000E-01   1.687350E-02  -9.266890E-03   0.000000E+00   1.797693+308
     5101       3737  -8.941070E-02   1.121240E-02   4.592710E-02   0.000000E+00   1.797693+308
    10871       3738  -1.176870E-01   2.620280E-02  -9.829240E-03   0.000000E+00   1.797693+308
    17079       3739  -1.481540E-01  -6.333440E-03   1.228560E-02   0.000000E+00   1.797693+308
     4582       3740  -8.949240E-02  -1.287600E-02   5.396390E-02   0.000000E+00   1.797693+308
    13619       3741  -8.918600E-02  -1.639190E-02   8.579830E-02   0.000000E+00   1.797693+308
     5122       3742  -6.831020E-03  -2.340540E-02   2.512850E-02   1.000000E+00   5.642222E+03
     5128       3743  -8.789420E-02   1.234910E-02   5.798880E-02   0.000000E+00   1.797693+308
    16463       3744  -8.862830E-02   6.531300E-04   4.895760E-02   0.000000E+00   1.797693+308
     5135       3745  -1.159890E-01  -6.297300E-04   4.490020E-02   0.000000E+00   1.797693+308
     6940       3746  -1.472790E-01   3.177630E-02  -1.142610E-02   0.000000E+00   1.797693+308
     4649       3747  -6.031350E-02  -2.279310E-02   8.275490E-02   0.000000E+00   1.797693+308
     5168       3748  -2.418480E-02   3.043230E-02   1.144510E-02   0.000000E+00   1.797693+308
    14443       3749  -9.861470E-02   4.204650E-02   1.065430E-02   0.000000E+00   1.797693+308
     5176       3750   5.892740E-03  -1.601130E-03   7.147370E-03   0.000000E+00   1.797693+308
    18771       3751  -1.265790E-01  -1.818930E-02   2.291350E-02   0.000000E+00   1.797693+308
     1817       3752  -8.101740E-03  -2.586240E-02   5.002420E-02   0.000000E+00   1.797693+308
     8588       3753  -1.474020E-01  -1.624840E-02   2.131200E-02   6.037993E-06   1.797693+308
     4507       3754  -5.149250E-02   3.178250E-02   2.527390E-02   0.000000E+00   1.797693+308
     3766       3755  -1.528330E-01   1.962970E-02  -1.417870E-02   0.000000E+00   1.797693+308
    15364       3756  -5.221360E-03  -3.461900E-02   3.822360E-02   0.000000E+00   1.797693+308
     1220       3757  -1.378620E-01   3.418410E-02  -2.845290E-04   0.000000E+00   1.797693+308
    10087       3758  -7.908450E-02   1.495310E-02  -7.767000E-03   0.000000E+00   1.797693+308
     5216       3759  -8.811900E-02   1.471210E-02   4.830530E-02   0.000000E+00   1.797693+308
     5220       3760  -1.289070E-01   1.645890E-02  -8.563990E-03   0.000000E+00   1.797693+308
    15172       3761  -1.398310E-01  -2.654600E-02   4.295620E-02   0.000000E+00   1.797693+308
     6847       3762  -1.536120E-01   2.607890E-02  -1.432740E-02   0.000000E+00   1.797693+308
    11991       3763  -1.582750E-01   3.146140E-03   4.913500E-03   0.000000E+00   1.797693+308
     8617       3764  -1.536300E-01  -2.968960E-02   3.350530E-02   0.000000E+00   1.797693+308
     8392       3765  -6.078300E-02  -1.330720E-02   5.069960E-02   0.000000E+00   1.797693+308
     5252       3766  -8.667510E-02  -2.372040E-02   8.242010E-02   0.000000E+00   1.797693+308
     5257       3767   2.670530E-03  -2.623410E-02   4.702420E-02   0.000000E+00   1.797693+308
     3271       3768   9.334770E-03  -1.417540E-02   1.974020E-02   0.000000E+00   1.797693+308
    16210       3769  -5.235110E-02   2.234430E-02  -1.073770E-03   0.000000E+00   1.797693+308
     5268       3770  -1.440660E-01  -2.081190E-02   4.620890E-02   0.000000E+00   1.797693+308
     8473       3771  -5.987300E-02   2.456320E-02   3.845170E-02   0.000000E+00   1.797693+308
     8984       3772  -1.544740E-03  -1.963630E-02   2.464740E-02   5.961953E-06   1.797693+308
    15967       3773  -1.101230E-01  -3.314790E-02   3.667580E-02   0.000000E+00   1.797693+308
     8194       3774  -7.815930E-03   1.794010E-03   3.654050E-03   0.000000E+00   1.797693+308
    10709       3775  -4.503360E-02  -4.009570E-02   3.916150E-02   0.000000E+00   1.797693+308
    18210       3776  -3.100530E-02   2.980870E-02   1.539780E-02   0.000000E+00   1.797693+308
     5300       3777   1.120850E-02  -1.150540E-02   3.448030E-02   0.000000E+00   1.797693+308
    12152       3778  -1.595210E-01   1.481950E-02   2.055870E-03   0.000000E+00   1.797693+308
     7451       3779  -5.967810E-02   3.905370E-03   5.836500E-02   0.000000E+00   1.797693+308
     1051       3780  -1.566370E-01  -2.297190E-02   2.548490E-02   0.000000E+00   1.797693+308
    18964       3781  -1.311200E-01  -2.445900E-02   2.790680E-02   0.000000E+00   1.797693+308
     5323       3782  -1.588690E-01  -1.458100E-02   2.420240E-02   0.000000E+00   1.797693+308
    12103       3783  -6.362920E-02   2.692530E-02   3.694770E-02   0.000000E+00   1.797693+308
     5343       3784  -1.077620E-01   2.080760E-02  -1.422980E-02   0.000000E+00   1.797693+308
     5356       3785  -8.692960E-02  -2.192870E-02   7.910780E-02   2.148493E-06   1.797693+308
     7538       3786  -6.028070E-02  -7.450600E-03   5.998500E-02   0.000000E+00   1.797693+308
    20310       3787  -1.586810E-01   2.276440E-02  -1.052320E-02   0.000000E+00   1.797693+308
     5366       3788   6.154300E-03   1.663670E-02   1.563240E-03   0.000000E+00   1.797693+308
    13287       3789  -5.869060E-02  -1.897020E-02   5.618810E-02   0.000000E+00   1.797693+308
    14430       3790  -7.492570E-02  -3.603850E-02   4.219200E-02   0.000000E+00   1.797693+308
     5376       3791  -1.099650E-01   3.200550E-02  -2.112740E-03   0.000000E+00   1.797693+308
     1419       3792  -8.834060E-02  -9.633070E-03   5.954900E-02   0.000000E+00   1.797693+308
     5390       3793  -6.685470E-04   7.187590E-03  -2.742830E-03   0.000000E+00   1.797693+308
    20103       3794  -1.376610E-01   2.700950E-02  -1.326000E-02   0.000000E+00   1.797693+308
    15108       3795  -1.562640E-01  -1.792510E-02   2.341570E-02   0.000000E+00   1.797693+308
    12060       3796  -1.040980E-01   4.186470E-02   1.099980E-02   0.000000E+00   1.797693+308
    11230       3797   9.080310E-03   8.832620E-04   1.592580E-02   0.000000E+00   1.797693+308
     5419       3798  -8.975540E-02  -6.122520E-03   8.540380E-02   0.000000E+00   1.797693+308
     5426       3799  -9.187770E-02   2.620100E-02   3.674870E-02   0.000000E+00   1.797693+308
     5428       3800  -1.541240E-01  -5.345250E-03   2.755730E-02   0.000000E+00   1.797693+308
     5434       3801  -2.375350E-02  -1.738990E-02   2.092670E-02   0.000000E+00   1.797693+308
     5435       3802  -1.592540E-01   4.218080E-03   2.182910E-02   0.000000E+00   1.797693+308
    10730       3803  -9.683690E-02   2.717140E-02   3.462030E-02   0.000000E+00   1.797693+308
    11042       3804  -1.355780E-01   2.069750E-02   1.183220E-02   0.000000E+00   1.797693+308
    15071       3805  -8.848650E-02   1.673340E-02  -7.650450E-03   0.000000E+00   1.797693+308
    13589       3806  -1.232620E-01  -3.324110E-02   4.302860E-02   0.000000E+00   1.797693+308
     5450       3807  -1.483760E-01   6.482410E-03  -4.034160E-04   0.000000E+00   1.797693+308
     5452       3808  -1.488840E-01  -2.082760E-03   2.826990E-02   0.000000E+00   1.797693+308
    18428       3809  -1.380390E-01  -2.331060E-02   4.851480E-02   0.000000E+00   1.797693+308
    17167       3810  -7.883790E-02   3.648230E-02   1.026300E-02   0.000000E+00   1.797693+308
     5464       3811  -1.385970E-01  -1.548910E-04   2.832410E-02   0.000000E+00   1.797693+308
    11957       3812  -1.148960E-01  -3.816230E-02   4.107420E-02   0.000000E+00   1.797693+308
    16106       3813  -9.430500E-02   3.559920E-02   1.992410E-02   0.000000E+00   1.797693+308
    14490       3814  -1.431700E-01  -1.692200E-02   2.138030E-02   1.000000E+00   5.698521E+04
     5482       3815  -1.587900E-01  -1.681600E-02   4.324100E-02   0.000000E+00   1.797693+308
     7879       3816  -1.608510E-01  -1.656670E-02   3.496050E-02   0.000000E+00   1.797693+308
    12459       3817  -3.278770E-02  -3.055510E-02   5.325040E-02   0.000000E+00   1.797693+308
     5510       3818  -8.738570E-02  -2.516370E-02   7.089970E-02   7.839006E-07   1.797693+308
     5513       3819   1.227600E-02  -2.168700E-02   3.803490E-02   0.000000E+00   1.797693+308
     7316       3820   5.062140E-03  -3.429990E-02   3.535700E-02   0.000000E+00   1.797693+308
    15144       3821  -1.277730E-01  -2.530840E-02   4.976230E-02   0.000000E+00   1.797693+308
    13143       3822  -6.747960E-04  -1.075500E-02   2.618510E-02   0.000000E+00   1.797693+308
    19622       3823  -6.465360E-04   1.517150E-03   2.206560E-02   0.000000E+00   1.797693+308
     5540       3824  -7.302760E-02  -2.804930E-02   4.971870E-02   0.000000E+00   1.797693+308
    15240       3825  -1.583380E-02  -1.846070E-02   2.300040E-02   0.000000E+00   1.797693+308
    11885       3826  -4.352530E-02   3.337260E-02   2.354480E-02   0.000000E+00   1.797693+308
     7337       3827   1.084780E-02   6.355090E-03   7.928990E-04   0.000000E+00   1.797693+308
     5575       3828   2.745380E-03   2.337410E-02   7.337010E-03   0.000000E+00   1.797693+308
    19321       3829  -6.000750E-02  -1.884200E-02   8.225870E-02   0.000000E+00   1.797693+308
      138       3830  -6.038320E-02  -1.687160E-02   8.603620E-02   0.000000E+00   1.797693+308
     5595       3831  -1.597140E-01   1.928380E-02  -8.181660E-03   0.000000E+00   1.797693+308
      174       3832  -8.814870E-02  -1.779330E-03   6.508790E-02   1.336733E-06   1.797693+308
     5609       3833   1.002960E-02  -2.077910E-02   4.577100E-02   0.000000E+00   1.797693+308
    16586       3834  -6.557180E-02   1.126280E-02  -5.074620E-03   0.000000E+00   1.797693+308
     4672       3835  -8.972920E-02  -2.180630E-02   6.160710E-02   0.000000E+00   1.797693+308
     3220       3836   1.068580E-02  -1.990630E-03   2.728140E-02   0.000000E+00   1.797693+308
    13217       3837  -4.094670E-03  -1.736300E-02   2.050830E-02   0.000000E+00   1.797693+308
     5642       3838   7.971950E-03  -2.469740E-02   2.769490E-02   0.000000E+00   1.797693+308
    10243       3839  -9.668600E-02   1.934370E-02  -1.146800E-02   0.000000E+00   1.797693+308
     5652       3840  -6.153700E-02  -9.456190E-03   8.215780E-02   0.000000E+00   1.797693+308
     6609       3841  -8.855160E-02   1.564950E-04   5.462860E-02   0.000000E+00   1.797693+308
     5669       3842  -8.957340E-02  -3.380250E-02   3.691790E-02   0.000000E+00   1.797693+308
     8806       3843  -9.812050E-02  -3.196850E-02   5.050590E-02   0.000000E+00   1.797693+308
    18844       3844  -1.545480E-01   8.821770E-03   1.748890E-02   0.000000E+00   1.797693+308
     5680       3845   1.276870E-02   9.792690E-03   1.337810E-02   0.000000E+00   1.797693+308
    15745       3846  -1.912650E-02  -2.665610E-02   2.918320E-02   0.000000E+00   1.797693+308
     5691       3847  -1.255980E-01   9.136740E-03   2.791290E-02   0.000000E+00   1.797693+308
    12454       3848  -3.912090E-02  -3.069180E-02   5.231460E-02   0.000000E+00   1.797693+308
    11583       3849  -1.598950E-01   1.395390E-02  -7.146040E-03   0.000000E+00   1.797693+308
     5712       3850  -1.277670E-01   3.514630E-02  -3.185460E-04   0.000000E+00   1.797693+308
    17648       3851  -1.478500E-01   3.765270E-02  -5.147130E-03   0.000000E+00   1.797693+308
     4129       3852  -1.380430E-01   2.856910E-02  -8.970240E-03   0.000000E+00   1.797693+308
    19162       3853  -1.215780E-01  -6.678470E-03   4.532050E-02   0.000000E+00   1.797693+308
     5741       3854  -1.349840E-01  -1.996720E-03   7.466990E-03   0.000000E+00   1.797693+308
     5743       3855  -1.589910E-01  -2.854980E-02   2.745180E-02   0.000000E+00   1.797693+308
    14344       3856  -7.174290E-02   4.042340E-02   1.390590E-02   0.000000E+00   1.797693+308
     5761       3857  -5.620660E-02  -3.929180E-02   3.896790E-02   0.000000E+00   1.797693+308
     5774       3858  -1.530760E-01  -2.002020E-02   4.591800E-02   0.000000E+00   1.797693+308
    11193       3859  -5.513470E-03  -1.535980E-03   1.520190E-02   0.000000E+00   1.797693+308
    12213       3860  -1.395760E-01  -2.038090E-02   4.439940E-02   0.000000E+00   1.797693+308
     5785       3861  -8.721700E-02  -8.071730E-03   4.902500E-02   0.000000E+00   1.797693+308
    11323       3862  -9.630690E-02  -3.853720E-02   3.891540E-02   0.000000E+00   1.797693+308
     5799       3863  -1.396140E-01  -1.288680E-02   2.241200E-02   4.452533E-06   1.797693+308
     1491       3864  -6.322640E-02  -3.083740E-02   5.379610E-02   0.000000E+00   1.797693+308
     2757       3865  -5.816160E-02  -2.442910E-02   6.985540E-02   2.828028E-07   1.797693+308
     5814       3866  -1.016480E-01   3.128950E-02   2.810130E-02   0.000000E+00   1.797693+308
    13266       3867  -1.593310E-01  -3.496670E-03   1.047640E-02   0.000000E+00   1.797693+308
    11625       3868  -1.359530E-01  -1.372330E-02   4.218510E-02   0.000000E+00   1.797693+308
     9005       3869  -4.244210E-03  -7.164960E-04   8.546570E-03   0.000000E+00   1.797693+308
     7387       3870  -6.006490E-02  -1.501900E-02   5.873050E-02   0.000000E+00   1.797693+308
     4063       3871  -1.307650E-02  -1.508040E-02   3.760550E-02   0.000000E+00   1.797693+308
    12047       3872  -1.592090E-01  -3.063620E-03   2.875160E-02   0.000000E+00   1.797693+308
      307       3873  -2.009660E-02  -3.381780E-02   4.431100E-02   0.000000E+00   1.797693+308
     7698       3874  -1.544750E-01   1.263790E-02  -7.852120E-03   0.000000E+00   1.797693+308
    11535       3875   1.754850E-04   1.338830E-02  -2.609820E-03   0.000000E+00   1.797693+308
     5887       3876  -5.953660E-02   1.046150E-02   5.862020E-02   0.000000E+00   1.797693+308
    10534       3877  -1.178470E-01  -4.079880E-02   3.959670E-02   0.000000E+00   1.797693+308
     9806       3878  -3.499890E-02   1.305660E-02  -5.296560E-03   0.000000E+00   1.797693+308
    14454       3879  -8.410680E-02   4.205530E-02   1.289230E-02   0.000000E+00   1.797693+308
    16192       3880  -1.001000E-02   2.799360E-03   1.640290E-02   0.000000E+00   1.797693+308
     6414       3881   6.275230E-03   4.531990E-03  -6.880410E-04   0.000000E+00   1.797693+308
    11526       3882  -5.666330E-03   1.331540E-02  -2.753340E-03   0.000000E+00   1.797693+308
     5935       3883  -3.167030E-03   1.631180E-02  -3.441610E-04   0.000000E+00   1.797693+308
     5941       3884   1.173410E-02   7.419520E-03   1.514800E-02   0.000000E+00   1.797693+308
     5950       3885  -1.976270E-02   1.150410E-02  -2.978210E-03   0.000000E+00   1.797693+308
     5956       3886  -4.839770E-03   2.165610E-02   5.511280E-03   0.000000E+00   1.797693+308
      875       3887   9.999570E-03  -2.838160E-02   3.090120E-02   0.000000E+00   1.797693+308
     1564       3888   1.070640E-02  -2.751940E-02   3.535290E-02   0.000000E+00   1.797693+308
    15354       3889  -1.184680E-02  -3.229930E-02   4.143710E-02   0.000000E+00   1.797693+308
    19907       3890  -9.233630E-02   1.573940E-02   4.128270E-02   0.000000E+00   1.797693+308
     1580       3891  -5.755850E-02   3.959020E-02   1.569070E-02   0.000000E+00   1.797693+308
     6404       3892   8.362380E-04  -3.165660E-02   3.322210E-02   1.000000E+00   7.335920E+04
     6000       3893  -9.168480E-03   7.478310E-03   2.229730E-02   0.000000E+00   1.797693+308
    12009       3894  -9.074220E-02   2.024730E-02  -1.302290E-02   0.000000E+00   1.797693+308
     6010       3895   1.274720E-02   7.302100E-03   5.063850E-03   0.000000E+00   1.797693+308
     6017       3896  -7.486590E-02   2.673770E-02   3.446310E-02   0.000000E+00   1.797693+308
     1287       3897  -5.151560E-02   2.759110E-02   3.246150E-02   0.000000E+00   1.797693+308
    18565       3898   2.778780E-03  -6.389760E-03   3.088190E-02   0.000000E+00   1.797693+308
     4590       3899  -8.850220E-02  -4.287560E-03   5.522490E-02   0.000000E+00   1.797693+308
    13410       3900  -6.084920E-02  -2.759210E-02   6.633040E-02   0.000000E+00   1.797693+308
    18657       3901   1.266240E-02  -2.130850E-02   2.229260E-02   0.000000E+00   1.797693+308
     9173       3902  -6.125780E-02  -2.440860E-02   7.222530E-02   4.907318E-06   1.797693+308
     4630       3903  -5.914140E-02  -7.478240E-03   5.288370E-02   0.000000E+00   1.797693+308
     2776       3904  -1.350210E-02  -5.612970E-03   3.440280E-02   0.000000E+00   1.797693+308
     6061       3905  -1.528170E-01  -1.756970E-02   2.063360E-02   0.000000E+00   1.797693+308
    15130       3906  -1.382630E-01  -3.343190E-02   3.471650E-02   0.000000E+00   1.797693+308
     6071       3907  -1.603490E-01  -1.103470E-02   1.364040E-02   0.000000E+00   1.797693+308
    11029       3908  -1.555980E-01  -9.281190E-03   2.393340E-02   0.000000E+00   1.797693+308
     7629       3909  -1.392620E-01   1.484950E-02  -6.113710E-03   0.000000E+00   1.797693+308
    12712       3910  -8.631130E-02  -3.314670E-02   4.798730E-02   0.000000E+00   1.797693+308
     6092       3911  -1.350810E-01   2.399060E-02  -6.328990E-03   0.000000E+00   1.797693+308
     6104       3912  -1.569360E-01   3.493640E-02  -2.668490E-03   0.000000E+00   1.797693+308
    13441       3913  -4.785950E-02   1.599880E-02  -6.034490E-03   0.000000E+00   1.797693+308
     6115       3914  -1.606130E-01   2.493130E-02   5.668450E-03   0.000000E+00   1.797693+308
    12046       3915  -1.604890E-01   1.670650E-03   2.584480E-02   0.000000E+00   1.797693+308
     6135       3916  -1.602380E-01   2.020600E-02   2.836670E-03   0.000000E+00   1.797693+308
     1228       3917  -1.418810E-01   3.672750E-02  -3.957940E-03   0.000000E+00   1.797693+308
    10671       3918  -5.106280E-02   3.824110E-02   1.777770E-02   0.000000E+00   1.797693+308
     3395       3919  -1.420020E-01   7.317070E-03  -9.570830E-04   0.000000E+00   1.797693+308
     6164       3920  -1.243140E-01   3.870320E-02   3.310940E-03   0.000000E+00   1.797693+308
     6172       3921  -1.399700E-01  -2.352830E-02   2.536690E-02   1.000000E+00   8.521417E+01
     6180       3922  -1.463820E-01  -1.034960E-02   2.074490E-02   0.000000E+00   1.797693+308
    11580       3923  -1.589390E-01   1.381150E-02  -2.614610E-03   0.000000E+00   1.797693+308
    20055       3924  -1.508780E-01   2.279950E-02  -1.340770E-02   0.000000E+00   1.797693+308
     6199       3925  -1.452160E-01   1.314390E-02  -3.625980E-03   0.000000E+00   1.797693+308
     6204       3926  -1.591070E-01   3.187160E-02  -6.642290E-04   0.000000E+00   1.797693+308
     6218       3927  -1.578780E-01   2.158730E-02   8.592680E-03   0.000000E+00   1.797693+308
    10670       3928  -6.551470E-02   4.058620E-02   1.423290E-02   0.000000E+00   1.797693+308
      737       3929  -1.493980E-01   1.570650E-02   1.025770E-02   0.000000E+00   1.797693+308
     6240       3930  -1.548760E-01   1.768800E-02   1.008740E-02   0.000000E+00   1.797693+308
     6249       3931  -1.554190E-01   3.123160E-02  -7.755720E-03   0.000000E+00   1.797693+308
    13385       3932  -1.551560E-01  -2.236670E-02   4.085170E-02   0.000000E+00   1.797693+308
     2741       3933  -5.922590E-02  -2.723780E-02   7.559470E-02   0.000000E+00   1.797693+308
     6269       3934  -1.608250E-01  -2.254060E-02   2.317690E-02   0.000000E+00   1.797693+308
     6273       3935  -1.462760E-01  -2.616240E-02   3.117150E-02   1.000000E+00   2.839136E+03
     6284       3936  -8.836550E-02  -2.698140E-02   6.552160E-02   0.000000E+00   1.797693+308
    11367       3937  -1.070870E-01  -2.713640E-02   5.273130E-02   0.000000E+00   1.797693+308
     9174       3938  -6.104960E-02  -2.181730E-02   7.896600E-02   3.141397E-06   1.797693+308
    17364       3939  -8.723160E-02  -1.837240E-02   5.255510E-02   0.000000E+00   1.797693+308
     6300       3940  -1.621590E-02   1.537740E-02   1.944070E-02   0.000000E+00   1.797693+308
     3451       3941  -1.589830E-02  -2.487150E-02   5.127470E-02   0.000000E+00   1.797693+308
    10557       3942  -5.870800E-02   7.096840E-03   4.795680E-02   0.000000E+00   1.797693+308
    14871       3943  -1.036700E-01  -3.748890E-02   3.902360E-02   0.000000E+00   1.797693+308
    11834       3944  -1.085290E-01  -3.212420E-02   5.476610E-02   0.000000E+00   1.797693+308
    19249       3945  -8.732710E-02   2.026270E-02   4.529520E-02   0.000000E+00   1.797693+308
     8609       3946  -1.493760E-01  -2.906740E-02   3.499820E-02   0.000000E+00   1.797693+308
    18004       3947   1.213190E-02  -2.442800E-02   3.082650E-02   0.000000E+00   1.797693+308
     6357       3948  -1.503800E-01  -1.666220E-02   2.194770E-02   0.000000E+00   1.797693+308
     6366       3949  -8.698770E-02  -6.582940E-03   8.515410E-02   0.000000E+00   1.797693+308
    20183       3950  -8.800170E-02  -1.801050E-02   5.986540E-02   0.000000E+00   1.797693+308
     3242       3951  -1.321690E-01  -3.403320E-02   3.724040E-02   0.000000E+00   1.797693+308
     4378       3952  -9.005320E-02  -2.446200E-02   5.703620E-02   0.000000E+00   1.797693+308
      159       3953  -8.933350E-02  -1.116080E-03   7.386350E-02   0.000000E+00   1.797693+308
    10609       3954  -2.058810E-03  -3.197400E-02   3.164160E-02   1.000000E+00   5.141991E+02
     6415       3955   3.684640E-03   6.516700E-03  -2.185330E-03   0.000000E+00   1.797693+308
    18743       3956  -6.818630E-02   2.776880E-02   3.470180E-02   0.000000E+00   1.797693+308
     6430       3957  -4.803170E-02  -3.164630E-02   5.428780E-02   0.000000E+00   1.797693+308
    13246       3958  -1.336690E-01  -2.185560E-02   5.075850E-02   0.000000E+00   1.797693+308
     6453       3959  -8.936460E-02   1.871130E-02   4.897840E-02   0.000000E+00   1.797693+308
    19930       3960  -8.694260E-02   2.529370E-02   3.947230E-02   0.000000E+00   1.797693+308
    13446       3961  -4.219300E-02   1.656780E-02  -7.489590E-03   0.000000E+00   1.797693+308
    18105       3962  -5.977610E-02  -2.701820E-02   6.080090E-02   0.000000E+00   1.797693+308
     6477       3963   1.124670E-02   2.865240E-03   7.744900E-03   0.000000E+00   1.797693+308
     6483       3964  -3.171600E-03  -2.665350E-02   4.691890E-02   0.000000E+00   1.797693+308
    19849       3965  -1.565570E-01  -2.759890E-02   3.184900E-02   0.000000E+00   1.797693+308
     6701       3966   1.294160E-03  -2.817230E-02   4.483420E-02   0.000000E+00   1.797693+308
     6509       3967   7.387070E-03   3.176650E-03   2.649230E-03   0.000000E+00   1.797693+308
     6514       3968  -1.002830E-02   1.507520E-02   3.776220E-03   0.000000E+00   1.797693+308
     9016       3969   7.686420E-03  -1.888320E-02   2.214790E-02   0.000000E+00   1.797693+308
     6516       3970  -1.352880E-02   2.359090E-02   9.795470E-03   0.000000E+00   1.797693+308
    20250       3971  -1.592950E-01  -1.882380E-02   2.679090E-02   0.000000E+00   1.797693+308
     6527       3972   5.174540E-03   2.374560E-03   2.110480E-02   0.000000E+00   1.797693+308
     6533       3973   1.048310E-02   1.082070E-02   1.656970E-03   0.000000E+00   1.797693+308
    14826       3974  -1.288270E-02   5.883100E-03   6.091020E-03   0.000000E+00   1.797693+308
     6544       3975   8.089990E-03  -6.188680E-03   1.055290E-02   0.000000E+00   1.797693+308
     6546       3976   1.164450E-02  -2.034420E-02   2.908620E-02   0.000000E+00   1.797693+308
     6551       3977   2.982650E-03  -2.202280E-02   2.275170E-02   0.000000E+00   1.797693+308
     6563       3978  -1.116390E-02   1.171600E-02  -5.043970E-03   0.000000E+00   1.797693+308
    11249       3979  -1.101630E-02   1.032510E-03   1.100170E-02   0.000000E+00   1.797693+308
     8193       3980  -2.569060E-03  -3.575230E-03   8.160920E-03   0.000000E+00   1.797693+308
     6577       3981  -6.630170E-03   4.232620E-03   3.979200E-03   0.000000E+00   1.797693+308
     6586       3982  -6.933870E-03   3.267780E-03   2.224630E-02   0.000000E+00   1.797693+308
     6587       3983   1.005060E-02   1.357650E-02   2.906880E-03   0.000000E+00   1.797693+308
     6596       3984   1.218170E-02   1.478690E-02   1.094650E-02   0.000000E+00   1.797693+308
    18628       3985  -5.589090E-02  -3.290910E-02   3.413910E-02   0.000000E+00   1.797693+308
     7978       3986  -9.262440E-02  -3.083160E-02   5.427100E-02   0.000000E+00   1.797693+308
     1420       3987  -8.881370E-02  -4.366890E-03   5.947500E-02   0.000000E+00   1.797693+308
     6613       3988  -6.148560E-02  -6.544080E-03   8.538380E-02   0.000000E+00   1.797693+308
     6618       3989  -8.715510E-02  -2.436690E-02   7.530190E-02   5.101077E-06   1.797693+308
    14127       3990  -6.674650E-02  -3.526160E-02   4.272700E-02   0.000000E+00   1.797693+308
    17640       3991  -5.759830E-02  -8.632500E-03   8.198940E-02   0.000000E+00   1.797693+308
      168       3992  -8.848750E-02   2.754470E-03   6.790150E-02   0.000000E+00   1.797693+308
    16838       3993  -8.746210E-02   5.414430E-04   7.820200E-02   0.000000E+00   1.797693+308
    18418       3994  -3.251320E-02  -1.672770E-03   4.586230E-02   0.000000E+00   1.797693+308
    18416       3995  -5.936060E-02   1.140120E-02   4.611060E-02   0.000000E+00   1.797693+308
    16550       3996  -6.976070E-02   1.744100E-02  -7.965520E-03   0.000000E+00   1.797693+308
     6665       3997  -3.550750E-02   3.785860E-03   4.348080E-02   0.000000E+00   1.797693+308
    13674       3998  -5.964170E-02  -5.059300E-04   6.739870E-02   0.000000E+00   1.797693+308
    16792       3999  -5.967700E-02   1.735480E-02   4.601640E-02   0.000000E+00   1.797693+308
     3563       4000  -7.269780E-03  -2.414640E-02   2.903090E-02   1.000000E+00   1.016186E+03
     6687       4001  -1.960690E-02  -1.704150E-02   4.967390E-02   0.000000E+00   1.797693+308
     6691       4002   1.143660E-02  -1.510770E-02   3.003720E-02   0.000000E+00   1.797693+308
     6696       4003  -2.372430E-03  -3.073680E-02   4.211870E-02   0.000000E+00   1.797693+308
       98       4004   1.170150E-02   1.518590E-03   2.336830E-02   0.000000E+00   1.797693+308
     1127       4005   8.615050E-03  -2.991630E-02   3.784080E-02   0.000000E+00   1.797693+308
     6729       4006   1.461180E-03  -3.206630E-03   7.638800E-03   0.000000E+00   1.797693+308
       87       4007  -6.079650E-02  -3.032550E-03   4.709810E-02   0.000000E+00   1.797693+308
     6735       4008   6.566870E-03   1.989000E-02   6.719140E-03   0.000000E+00   1.797693+308
     7742       4009  -1.354320E-01  -5.927050E-03   3.592430E-02   0.000000E+00   1.797693+308
    17723       4010  -1.409340E-01  -2.611210E-02   2.840910E-02   1.000000E+00   1.562247E+02
     6751       4011  -1.596200E-01   1.299180E-02   1.390570E-02   0.000000E+00   1.797693+308
     6759       4012  -1.438500E-01   2.201870E-02  -1.416730E-02   0.000000E+00   1.797693+308
    17493       4013  -1.547180E-01  -2.648500E-02   2.795990E-02   0.000000E+00   1.797693+308
     6772       4014  -1.102060E-01   4.317040E-03   4.256670E-02   0.000000E+00   1.797693+308
     6781       4015  -6.168800E-02  -6.137010E-03   8.063200E-02   0.000000E+00   1.797693+308
     6792       4016  -1.413570E-01   1.239070E-02   1.584750E-02   0.000000E+00   1.797693+308
    20054       4017  -1.545690E-01   2.372320E-02  -1.770230E-02   0.000000E+00   1.797693+308
    10819       4018  -1.597010E-01   5.711070E-03  -1.355250E-03   0.000000E+00   1.797693+308
    17732       4019  -1.604790E-01   2.901840E-02   2.138630E-03   0.000000E+00   1.797693+308
     2300       4020  -1.378200E-01   2.036240E-02  -9.345950E-03   0.000000E+00   1.797693+308
    13555       4021  -1.501110E-01   2.635550E-02  -1.509540E-02   0.000000E+00   1.797693+308
    17524       4022  -1.149450E-01   4.294690E-02   8.915680E-03   0.000000E+00   1.797693+308
     6876       4023  -1.407890E-01  -2.098260E-02   2.233110E-02   1.000000E+00   4.632451E+02
     6886       4024  -1.592360E-01  -1.107570E-02   2.729840E-02   0.000000E+00   1.797693+308
     8610       4025  -1.520930E-01  -2.695570E-02   3.120260E-02   3.635240E-07   1.797693+308
     3302       4026  -1.571060E-01   2.864860E-02  -9.481370E-03   0.000000E+00   1.797693+308
    17392       4027  -1.248420E-01   2.100250E-02  -1.362490E-02   0.000000E+00   1.797693+308
     3771       4028  -1.470760E-01   2.515570E-02  -1.881590E-02   0.000000E+00   1.797693+308
     6924       4029  -1.047020E-01   3.596530E-02   1.883160E-02   0.000000E+00   1.797693+308
     6930       4030  -1.607600E-01   2.599200E-02  -8.578350E-04   0.000000E+00   1.797693+308
    18670       4031  -1.476520E-01   2.940150E-02  -1.377790E-02   0.000000E+00   1.797693+308
     6944       4032  -1.606420E-01   8.849790E-03   1.954860E-02   0.000000E+00   1.797693+308
     6972       4033  -1.593930E-01   1.972870E-02  -1.434190E-02   0.000000E+00   1.797693+308
     6977       4034  -1.399580E-01   2.007850E-02   1.070970E-02   0.000000E+00   1.797693+308
    14472       4035  -1.349130E-01   2.839970E-02   4.651310E-03   0.000000E+00   1.797693+308
     8605       4036  -1.502280E-01  -3.274650E-02   3.257140E-02   0.000000E+00   1.797693+308
     7008       4037  -1.464190E-01  -2.756260E-02   3.891230E-02   0.000000E+00   1.797693+308
    20258       4038  -1.513230E-01  -1.157190E-02   2.071060E-02   0.000000E+00   1.797693+308
     7019       4039  -1.353650E-01  -1.029350E-02   3.955390E-02   0.000000E+00   1.797693+308
     7028       4040  -1.605580E-01  -1.243790E-02   3.957070E-02   0.000000E+00   1.797693+308
     2296       4041  -1.408140E-01   1.550950E-02  -9.999660E-03   0.000000E+00   1.797693+308
     7046       4042  -1.525160E-01  -2.816680E-02   3.698030E-02   0.000000E+00   1.797693+308
    10997       4043  -1.227130E-01  -2.555680E-02   5.326120E-02   0.000000E+00   1.797693+308
     7069       4044   5.590970E-04  -2.385990E-02   4.984030E-02   0.000000E+00   1.797693+308
     7076       4045  -7.983930E-02  -3.978060E-02   3.959970E-02   0.000000E+00   1.797693+308
     7092       4046  -1.156020E-01  -3.293230E-02   4.897950E-02   0.000000E+00   1.797693+308
    10974       4047  -1.983480E-02  -3.881950E-02   3.988940E-02   0.000000E+00   1.797693+308
     3321       4048  -9.054080E-02  -1.872900E-02   8.122560E-02   0.000000E+00   1.797693+308
     7769       4049  -8.851860E-02   1.094370E-02   5.104140E-02   0.000000E+00   1.797693+308
    13643       4050  -8.971590E-02  -1.241030E-02   8.313210E-02   0.000000E+00   1.797693+308
     7137       4051  -1.504800E-01  -2.534860E-02   4.123090E-02   0.000000E+00   1.797693+308
     7144       4052  -9.012850E-02  -2.320460E-02   7.634280E-02   1.855629E-01   1.797693+308
     7163       4053  -8.886370E-02  -1.046710E-02   8.615450E-02   0.000000E+00   1.797693+308
     7171       4054  -8.617330E-02  -8.632500E-03   8.198940E-02   0.000000E+00   1.797693+308
    16834       4055  -8.825570E-02  -5.118040E-03   8.083870E-02   0.000000E+00   1.797693+308
    10963       4056  -5.035760E-02  -3.996420E-02   3.958850E-02   0.000000E+00   1.797693+308
      774       4057  -1.036010E-01   1.258380E-02   3.992810E-02   0.000000E+00   1.797693+308
     7207       4058  -8.646980E-02   2.368420E-02   4.336450E-02   0.000000E+00   1.797693+308
    10562       4059  -6.036490E-02   2.145710E-02   4.439590E-02   0.000000E+00   1.797693+308
     9222       4060  -5.961920E-02   9.237410E-03   5.259050E-02   0.000000E+00   1.797693+308
     7236       4061  -5.965350E-02  -2.475080E-02   5.698380E-02   0.000000E+00   1.797693+308
     7241       4062  -2.657850E-02   1.239940E-02  -5.389400E-03   0.000000E+00   1.797693+308
    19952       4063   1.154350E-02  -8.786030E-03   2.762490E-02   0.000000E+00   1.797693+308
     7254       4064  -4.079720E-02   1.071980E-02   4.143320E-02   0.000000E+00   1.797693+308
    14903       4065  -5.980760E-02   1.651440E-02  -6.864910E-03   0.000000E+00   1.797693+308
     7264       4066  -1.104710E-01   4.293980E-02   1.072920E-02   0.000000E+00   1.797693+308
     7284       4067  -6.448280E-04   1.971220E-02   3.295350E-03   0.000000E+00   1.797693+308
    14151       4068  -4.124990E-02   3.773890E-02   1.872600E-02   0.000000E+00   1.797693+308
     7301       4069  -4.779630E-03   5.702420E-03  -1.251440E-03   0.000000E+00   1.797693+308
     7309       4070  -1.282050E-02   1.931210E-02   1.415230E-02   0.000000E+00   1.797693+308
     7317       4071   5.449420E-03  -3.061700E-02   3.208680E-02   0.000000E+00   1.797693+308
    17894       4072   5.380610E-03   7.133110E-03   8.159990E-04   0.000000E+00   1.797693+308
    20264       4073  -1.177480E-02  -2.561010E-02   3.284140E-02   3.896178E-02   1.797693+308
     7342       4074  -2.670120E-02  -6.847960E-03   4.624230E-02   0.000000E+00   1.797693+308
    13806       4075   1.248270E-02   1.179680E-02   1.012170E-02   0.000000E+00   1.797693+308
     7357       4076   1.146830E-02   1.153820E-02   5.092890E-03   0.000000E+00   1.797693+308
     7369       4077  -7.247330E-02  -3.986820E-02   3.931080E-02   0.000000E+00   1.797693+308
    17427       4078  -6.016180E-02  -2.036760E-02   6.025630E-02   0.000000E+00   1.797693+308
    14878       4079  -2.287270E-02  -2.800700E-02   5.258610E-02   0.000000E+00   1.797693+308
     7411       4080  -6.038930E-02  -1.176610E-02   8.605290E-02   0.000000E+00   1.797693+308
     8880       4081  -8.843750E-02  -2.008440E-02   8.373510E-02   0.000000E+00   1.797693+308
     7437       4082  -5.836310E-02  -2.182720E-02   6.368000E-02   0.000000E+00   1.797693+308
     7442       4083   1.186650E-02   2.106100E-04   3.910140E-03   0.000000E+00   1.797693+308
     4627       4084  -5.947920E-02  -2.937380E-03   5.626580E-02   0.000000E+00   1.797693+308
     7453       4085  -1.146880E-01   2.211010E-02  -1.515220E-02   0.000000E+00   1.797693+308
     4046       4086  -8.769630E-02   3.362520E-03   7.224230E-02   0.000000E+00   1.797693+308
     7500       4087  -8.839420E-02   9.163060E-03   6.228560E-02   0.000000E+00   1.797693+308
     1726       4088  -5.976870E-02   8.386240E-04   6.294300E-02   0.000000E+00   1.797693+308
    13686       4089  -1.214050E-02  -1.768590E-02   4.466150E-02   0.000000E+00   1.797693+308
     7520       4090  -5.528470E-02  -3.259620E-02   4.994000E-02   0.000000E+00   1.797693+308
     7524       4091  -6.074320E-02  -4.264200E-03   6.331680E-02   5.572506E-06   1.797693+308
     7544       4092   8.627090E-03  -3.452640E-02   3.331420E-02   0.000000E+00   1.797693+308
     7554       4093  -8.788050E-02   3.356750E-03   6.258190E-02   0.000000E+00   1.797693+308
     7570       4094  -1.160930E-02  -9.315270E-03   3.947650E-02   0.000000E+00   1.797693+308
    20230       4095  -5.280570E-02  -3.153590E-02   5.459570E-02   0.000000E+00   1.797693+308
     7585       4096  -6.325010E-03  -4.094080E-03   2.984250E-02   0.000000E+00   1.797693+308
     7588       4097   1.212850E-02  -1.782370E-02   4.369740E-02   0.000000E+00   1.797693+308
     7597       4098   4.256120E-03  -2.981240E-02   4.192040E-02   0.000000E+00   1.797693+308
     7607       4099   1.270320E-02  -1.230430E-02   3.833660E-02   0.000000E+00   1.797693+308
    16254       4100  -2.910030E-02  -3.963700E-02   4.012040E-02   0.000000E+00   1.797693+308
     7623       4101  -1.068770E-02  -2.009290E-02   4.740710E-02   0.000000E+00   1.797693+308
    12759       4102  -4.869870E-02   1.963140E-02   3.869980E-02   0.000000E+00   1.797693+308
    20224       4103  -1.409010E-01   1.787540E-02  -8.013550E-03   0.000000E+00   1.797693+308
     3020       4104  -1.596940E-01  -1.423360E-02   1.777550E-02   0.000000E+00   1.797693+308
     2144       4105  -1.603120E-01  -1.351340E-02   3.274780E-02   0.000000E+00   1.797693+308
     7656       4106  -1.594330E-01  -5.339670E-03   3.141850E-02   0.000000E+00   1.797693+308
     7661       4107  -1.608980E-01   1.629680E-02  -1.103990E-02   0.000000E+00   1.797693+308
    17728       4108  -1.490490E-01   1.134980E-02  -2.917670E-03   0.000000E+00   1.797693+308
     7692       4109  -1.537590E-01   3.592580E-02  -4.569130E-03   0.000000E+00   1.797693+308
     7702       4110  -1.524420E-01   1.227020E-02  -4.778590E-03   0.000000E+00   1.797693+308
     7709       4111  -1.429480E-01   1.677240E-02   1.040640E-02   0.000000E+00   1.797693+308
     7718       4112  -1.422720E-01   2.057770E-02  -1.021970E-02   1.700821E-06   1.797693+308
     3545       4113  -1.413670E-01   3.321520E-02  -6.357450E-03   0.000000E+00   1.797693+308
    12168       4114  -1.595840E-01   9.404090E-03   5.358640E-03   0.000000E+00   1.797693+308
     7739       4115  -8.780670E-02   6.139620E-03   4.994850E-02   0.000000E+00   1.797693+308
     7746       4116  -1.378390E-01  -4.500770E-03   3.356310E-02   0.000000E+00   1.797693+308
    13718       4117  -1.414810E-01   2.679250E-02  -1.388790E-02   0.000000E+00   1.797693+308
    11831       4118  -1.018930E-01  -3.092160E-02   5.459330E-02   0.000000E+00   1.797693+308
     7771       4119  -8.882330E-02   1.566470E-02   5.395780E-02   0.000000E+00   1.797693+308
     7791       4120  -1.419410E-01   3.027900E-02  -1.109460E-02   0.000000E+00   1.797693+308
     7805       4121  -1.608730E-01   2.265280E-02   4.253410E-04   0.000000E+00   1.797693+308
     7819       4122  -1.610010E-01   1.824720E-02  -4.519830E-03   0.000000E+00   1.797693+308
     7832       4123  -1.609470E-01   2.266210E-02  -4.738540E-03   0.000000E+00   1.797693+308
     7843       4124  -1.380590E-01   2.340490E-02   9.503600E-03   0.000000E+00   1.797693+308
    13715       4125  -1.329830E-01   2.296440E-02  -1.404950E-02   0.000000E+00   1.797693+308
     7853       4126   1.285900E-02  -1.714860E-02   3.548760E-02   0.000000E+00   1.797693+308
    13226       4127  -1.586450E-01  -2.419780E-02   3.055300E-02   0.000000E+00   1.797693+308
     7875       4128  -1.596480E-01  -1.831300E-02   3.845400E-02   0.000000E+00   1.797693+308
     2146       4129  -1.599340E-01  -1.041170E-02   3.144280E-02   0.000000E+00   1.797693+308
      646       4130  -1.455840E-01  -3.218490E-02   3.393610E-02   0.000000E+00   1.797693+308
    13236       4131  -1.607660E-01  -2.062290E-02   3.009700E-02   0.000000E+00   1.797693+308
     7918       4132  -1.589450E-01  -2.155820E-02   3.624720E-02   0.000000E+00   1.797693+308
     7924       4133  -1.540500E-01  -2.492480E-02   3.981770E-02   0.000000E+00   1.797693+308
    10773       4134  -1.098210E-01  -3.901720E-02   3.916410E-02   0.000000E+00   1.797693+308
     7944       4135  -8.949790E-02  -3.021610E-02   6.231670E-02   9.368799E-07   1.797693+308
    13601       4136  -1.179240E-01  -2.814590E-02   5.422780E-02   0.000000E+00   1.797693+308
     2853       4137  -7.891440E-02  -3.197730E-02   5.118420E-02   0.000000E+00   1.797693+308
     3317       4138  -8.981210E-02  -2.352750E-02   8.269480E-02   0.000000E+00   1.797693+308
     7983       4139  -8.978390E-02  -2.961010E-02   5.877720E-02   0.000000E+00   1.797693+308
     7993       4140  -1.605870E-01  -9.816880E-03   3.603570E-02   0.000000E+00   1.797693+308
    17439       4141  -5.756570E-02  -1.176820E-03   7.112400E-02   0.000000E+00   1.797693+308
     8021       4142  -8.975620E-02   2.293300E-02   4.278310E-02   0.000000E+00   1.797693+308
    10749       4143  -9.680640E-02   1.831590E-02   3.917650E-02   0.000000E+00   1.797693+308
     8049       4144  -8.827840E-02   5.676140E-03   5.622390E-02   0.000000E+00   1.797693+308
    12293       4145  -3.875380E-02  -4.027230E-02   3.940510E-02   0.000000E+00   1.797693+308
     8064       4146  -6.264000E-02  -4.022080E-02   3.994390E-02   0.000000E+00   1.797693+308
    17982       4147  -4.529460E-02  -3.471960E-02   3.646700E-02   0.000000E+00   1.797693+308
      519       4148  -1.372650E-02  -1.361570E-02   4.300500E-02   0.000000E+00   1.797693+308
    12580       4149  -6.434000E-02   3.433410E-02   2.260140E-02   0.000000E+00   1.797693+308
      840       4150   2.462270E-03   1.778490E-02   1.634880E-03   0.000000E+00   1.797693+308
     8105       4151  -5.935590E-02   8.418780E-03   6.404290E-02   0.000000E+00   1.797693+308
     1826       4152  -3.832840E-03  -2.424040E-02   4.970430E-02   0.000000E+00   1.797693+308
    17801       4153  -4.024750E-04  -8.163940E-03   1.180300E-02   0.000000E+00   1.797693+308
    17890       4154  -1.804400E-03   2.307600E-02   6.520020E-03   0.000000E+00   1.797693+308
     8159       4155   1.266920E-02  -1.253250E-02   1.451960E-02   0.000000E+00   1.797693+308
     8165       4156  -1.882830E-03  -4.561950E-03   3.044330E-02   0.000000E+00   1.797693+308
    14535       4157   2.520570E-03  -2.767340E-04   1.963970E-02   0.000000E+00   1.797693+308
     8185       4158   1.106460E-02  -1.988280E-03   7.386440E-03   0.000000E+00   1.797693+308
     8197       4159  -5.085690E-03  -2.395730E-03   5.373300E-03   0.000000E+00   1.797693+308
     8201       4160  -1.042670E-02   2.085150E-02   1.196590E-02   0.000000E+00   1.797693+308
     8215       4161   7.821520E-03   5.707440E-03   2.113520E-02   0.000000E+00   1.797693+308
     8225       4162  -4.002850E-03  -2.141430E-02   2.318490E-02   1.000000E+00   6.449417E+04
     8242       4163   1.243160E-02  -2.488620E-02   2.692490E-02   0.000000E+00   1.797693+308
    20022       4164  -8.231010E-03  -2.878250E-02   3.212200E-02   1.000000E+00   2.816190E+03
     8251       4165   1.801340E-03  -1.819530E-02   2.279340E-02   0.000000E+00   1.797693+308
     2930       4166   1.076490E-02  -1.707460E-02   2.566520E-02   0.000000E+00   1.797693+308
     8274       4167   7.170830E-03   1.379400E-02  -6.252240E-04   0.000000E+00   1.797693+308
     8292       4168   8.875360E-03   1.644190E-02   4.354130E-03   0.000000E+00   1.797693+308
     8304       4169  -4.534400E-03   8.173780E-03   1.238400E-03   0.000000E+00   1.797693+308
     8311       4170  -6.872190E-03   1.655360E-02   2.413740E-03   0.000000E+00   1.797693+308
     8327       4171   9.079180E-03   2.071790E-02   9.606660E-03   0.000000E+00   1.797693+308
     8331       4172   1.095060E-02   7.213090E-03   1.853160E-02   0.000000E+00   1.797693+308
      418       4173   1.125810E-02   3.860230E-03   1.258450E-02   0.000000E+00   1.797693+308
     8338       4174   1.248100E-02   1.228180E-02   1.672380E-02   0.000000E+00   1.797693+308
     8479       4175  -5.410470E-02   2.586530E-02   3.894720E-02   0.000000E+00   1.797693+308
     8363       4176  -1.180790E-02   1.166900E-02   2.064880E-02   0.000000E+00   1.797693+308
     8379       4177  -7.061440E-02  -3.205270E-02   5.274920E-02   0.000000E+00   1.797693+308
     1494       4178  -5.860290E-02  -3.063980E-02   5.529680E-02   0.000000E+00   1.797693+308
     4631       4179  -5.961510E-02  -1.119500E-02   5.533420E-02   0.000000E+00   1.797693+308
     8399       4180   1.186300E-02  -2.156500E-02   4.218440E-02   0.000000E+00   1.797693+308
     8408       4181  -5.791240E-02  -6.475450E-03   8.553790E-02   0.000000E+00   1.797693+308
    13833       4182  -6.001120E-02   1.495890E-02   4.975790E-02   0.000000E+00   1.797693+308
     8430       4183  -5.980030E-02   5.417860E-03   6.807380E-02   0.000000E+00   1.797693+308
    19383       4184  -5.999860E-02   2.698020E-03   5.196720E-02   0.000000E+00   1.797693+308
    10900       4185  -4.604540E-02   3.971500E-02   1.692120E-02   0.000000E+00   1.797693+308
     8477       4186  -5.723150E-02   2.431350E-02   4.250910E-02   0.000000E+00   1.797693+308
    18037       4187  -5.605420E-02   1.604480E-02   4.142710E-02   0.000000E+00   1.797693+308
    19186       4188  -1.153090E-02  -2.587210E-02   5.223720E-02   0.000000E+00   1.797693+308
    13859       4189  -5.755160E-02  -3.276990E-03   7.768270E-02   0.000000E+00   1.797693+308
    17440       4190  -6.172720E-02  -2.438740E-03   8.208630E-02   0.000000E+00   1.797693+308
    18597       4191  -9.451820E-03  -3.770220E-02   3.780880E-02   0.000000E+00   1.797693+308
    10611       4192  -3.939520E-03  -2.958150E-02   3.390600E-02   1.000000E+00   2.001222E+03
      554       4193   5.455950E-03  -2.399420E-02   4.727090E-02   0.000000E+00   1.797693+308
     8530       4194   7.776980E-03  -2.915870E-02   4.052930E-02   0.000000E+00   1.797693+308
    12929       4195  -5.476300E-02   2.837660E-03   4.528280E-02   0.000000E+00   1.797693+308
     8552       4196  -8.667750E-03  -6.786790E-03   3.504990E-02   0.000000E+00   1.797693+308
     3206       4197   1.160360E-02  -4.955960E-03   3.052800E-02   0.000000E+00   1.797693+308
     8570       4198  -1.610720E-01  -1.884920E-02   1.940950E-02   0.000000E+00   1.797693+308
    11966       4199  -1.220490E-01  -3.889380E-02   3.984520E-02   0.000000E+00   1.797693+308
     8595       4200  -1.462380E-01  -1.827300E-02   1.918530E-02   1.000000E+00   6.174369E+04
     8599       4201  -1.379110E-01  -1.582530E-02   4.451210E-02   0.000000E+00   1.797693+308
    17397       4202  -1.486180E-01  -2.886530E-02   3.057190E-02   1.000000E+00   4.512470E+04
    17448       4203  -1.539600E-01   2.004910E-02  -1.077470E-02   0.000000E+00   1.797693+308
     2404       4204  -1.609400E-01   1.826280E-02   1.182000E-02   0.000000E+00   1.797693+308
     2876       4205  -1.474220E-01   3.440750E-02  -8.129510E-03   0.000000E+00   1.797693+308
    18313       4206  -1.348680E-01  -2.105310E-02   2.401130E-02   0.000000E+00   1.797693+308
    18837       4207  -1.362350E-01  -1.286870E-02   2.919410E-02   0.000000E+00   1.797693+308
     2132       4208  -1.426640E-01   1.225640E-02  -4.969190E-03   0.000000E+00   1.797693+308
     8674       4209  -1.442580E-01  -2.346870E-03   2.824960E-02   0.000000E+00   1.797693+308
     8684       4210  -1.246460E-01   2.342150E-02   1.627140E-02   0.000000E+00   1.797693+308
     8686       4211  -1.586910E-01   2.978020E-02  -5.766170E-03   0.000000E+00   1.797693+308
     1588       4212  -1.361080E-01   2.924320E-02  -2.584040E-03   0.000000E+00   1.797693+308
    13189       4213  -1.599590E-01   2.597780E-02  -3.951890E-03   0.000000E+00   1.797693+308
    13713       4214  -1.391000E-01   2.428180E-02  -1.789880E-02   0.000000E+00   1.797693+308
     8724       4215  -1.358000E-01   3.267920E-02   1.711870E-03   0.000000E+00   1.797693+308
    18297       4216  -9.344230E-02   4.223590E-02   1.153360E-02   0.000000E+00   1.797693+308
    18542       4217  -1.450450E-01  -2.392940E-02   4.294220E-02   0.000000E+00   1.797693+308
     8762       4218  -1.550940E-01  -2.659970E-02   3.677710E-02   0.000000E+00   1.797693+308
    11629       4219  -1.286370E-01  -1.699060E-02   4.983480E-02   0.000000E+00   1.797693+308
     8782       4220  -1.551460E-01  -2.019530E-02   4.287250E-02   0.000000E+00   1.797693+308
     8795       4221  -1.486840E-01  -2.125270E-02   4.615040E-02   0.000000E+00   1.797693+308
     8815       4222  -9.717080E-02  -3.256950E-02   5.580400E-02   0.000000E+00   1.797693+308
     8825       4223  -8.784500E-02  -3.909670E-02   3.904030E-02   0.000000E+00   1.797693+308
     3635       4224  -9.008840E-02  -2.778100E-02   7.605830E-02   0.000000E+00   1.797693+308
     8866       4225  -8.651300E-02  -2.366010E-02   6.630500E-02   0.000000E+00   1.797693+308
     8865       4226  -8.994640E-02  -2.322540E-02   6.675920E-02   0.000000E+00   1.797693+308
     8881       4227  -8.691650E-02  -1.592120E-02   8.273480E-02   0.000000E+00   1.797693+308
     8886       4228  -8.713930E-02  -4.349200E-03   6.371740E-02   9.130477E-06   1.797693+308
    10389       4229  -8.315150E-02   2.729880E-02   3.546100E-02   0.000000E+00   1.797693+308
     8906       4230  -8.711020E-02  -1.707470E-03   6.951520E-02   7.536276E-06   1.797693+308
     8920       4231   3.658780E-03  -5.632150E-04   8.054780E-03   0.000000E+00   1.797693+308
    14334       4232  -7.844350E-02   4.081160E-02   1.435010E-02   0.000000E+00   1.797693+308
     8942       4233  -1.471070E-02   1.267800E-02  -7.864840E-03   0.000000E+00   1.797693+308
    19339       4234  -3.671440E-02   3.544810E-02   1.635170E-02   0.000000E+00   1.797693+308
     8973       4235   1.140020E-02   1.766010E-02   1.145480E-02   0.000000E+00   1.797693+308
     8978       4236  -1.947460E-02   2.595670E-02   1.031510E-02   0.000000E+00   1.797693+308
     8993       4237  -4.559110E-03  -2.085150E-02   2.626020E-02   1.000000E+00   4.267469E+04
     9007       4238  -6.487520E-03   1.587870E-03   6.443820E-03   0.000000E+00   1.797693+308
     9022       4239   5.000290E-03  -2.142270E-02   2.599540E-02   0.000000E+00   1.797693+308
     9027       4240   6.627920E-03  -2.663750E-02   3.111280E-02   0.000000E+00   1.797693+308
     9039       4241   7.679450E-03   1.503450E-03   5.805980E-03   0.000000E+00   1.797693+308
     9050       4242   6.580240E-03  -6.766010E-03   3.299500E-02   0.000000E+00   1.797693+308
     1948       4243   1.619380E-03   9.344480E-03  -4.978840E-04   0.000000E+00   1.797693+308
     9078       4244   7.317780E-03   9.555480E-03  -2.340480E-03   0.000000E+00   1.797693+308
    11239       4245  -7.262010E-03   8.812930E-03   1.624230E-04   0.000000E+00   1.797693+308
     9105       4246  -8.170780E-03   2.205950E-02   9.212610E-03   0.000000E+00   1.797693+308
     9113       4247   1.224470E-02   7.384960E-03   1.010490E-02   0.000000E+00   1.797693+308
     9128       4248   1.273330E-02   1.584290E-02   1.414210E-02   0.000000E+00   1.797693+308
     9149       4249  -5.886610E-02  -3.050710E-02   6.229120E-02   1.448658E-06   1.797693+308
     9158       4250  -6.185030E-02  -2.525770E-02   5.278470E-02   0.000000E+00   1.797693+308
     9165       4251  -5.802350E-02  -2.305240E-02   7.634210E-02   2.994384E-01   1.797693+308
     9172       4252  -6.138090E-02  -2.341680E-02   7.565080E-02   6.177971E-02   1.797693+308
     9196       4253  -5.791050E-02  -2.323560E-02   6.669510E-02   0.000000E+00   1.797693+308
      592       4254  -6.153800E-02  -2.362980E-02   6.592830E-02   0.000000E+00   1.797693+308
    18659       4255  -6.191440E-02  -2.059130E-03   7.442850E-02   0.000000E+00   1.797693+308
     9234       4256  -5.953770E-02   1.487680E-02   5.483670E-02   0.000000E+00   1.797693+308
     9239       4257  -2.567160E-02  -3.322280E-02   4.829560E-02   0.000000E+00   1.797693+308
    10323       4258  -4.396320E-02  -3.143790E-02   5.488930E-02   0.000000E+00   1.797693+308
     9254       4259   8.786980E-03  -2.637430E-02   4.210730E-02   0.000000E+00   1.797693+308
    14006       4260  -1.855970E-04  -3.294480E-02   3.797890E-02   0.000000E+00   1.797693+308
      457       4261   3.948850E-03  -3.237550E-02   3.874870E-02   0.000000E+00   1.797693+308
    12682       4262  -6.954550E-03  -2.875140E-02   4.163720E-02   0.000000E+00   1.797693+308
    17926       4263   1.229390E-02  -1.625180E-02   4.023320E-02   0.000000E+00   1.797693+308
     9302       4264  -2.317000E-02  -1.180820E-02   4.883160E-02   0.000000E+00   1.797693+308
     9318       4265   8.932880E-03  -2.388470E-02   4.473070E-02   0.000000E+00   1.797693+308
     9329       4266   9.529740E-03  -8.380090E-03   3.562090E-02   0.000000E+00   1.797693+308
     9334       4267  -1.089220E-01   1.953560E-02   3.284470E-02   0.000000E+00   1.797693+308
     9337       4268  -9.932610E-02  -9.472200E-04   6.618690E-03   0.000000E+00   1.797693+308
    19563       4269  -1.154290E-01   1.999960E-02   2.800520E-02   0.000000E+00   1.797693+308
     9343       4270  -1.076570E-01   1.255750E-04   5.949560E-03   0.000000E+00   1.797693+308
     9350       4271  -1.079860E-01  -6.888590E-03   1.198390E-02   0.000000E+00   1.797693+308
     9351       4272  -1.137890E-01   1.148400E-02   3.400150E-02   0.000000E+00   1.797693+308
     9356       4273  -1.020560E-01   7.037570E-03  -4.988790E-04   0.000000E+00   1.797693+308
     9359       4274  -1.152510E-01   2.811840E-02   2.045260E-02   0.000000E+00   1.797693+308
     9363       4275  -1.184340E-01   1.947940E-03   3.434220E-03   0.000000E+00   1.797693+308
    10143       4276  -9.633740E-02   5.581930E-04   4.535870E-02   0.000000E+00   1.797693+308
     9370       4277  -9.670790E-02  -1.520040E-02   2.033840E-02   0.000000E+00   1.797693+308
     9373       4278  -9.015490E-02  -7.909990E-03   1.268170E-02   0.000000E+00   1.797693+308
     3288       4279  -8.341310E-02   4.943010E-03   4.260720E-02   0.000000E+00   1.797693+308
     9379       4280  -1.099860E-01  -1.851000E-02   2.308550E-02   0.000000E+00   1.797693+308
    10145       4281  -1.013420E-01  -5.638270E-03   4.549000E-02   0.000000E+00   1.797693+308
     9389       4282  -9.630540E-02  -2.239620E-02   2.506090E-02   0.000000E+00   1.797693+308
    10061       4283  -7.953230E-02   2.156170E-04   6.508930E-03   0.000000E+00   1.797693+308
     9392       4284  -7.988820E-02   1.795340E-02   3.768320E-02   0.000000E+00   1.797693+308
     2477       4285  -8.563310E-02   3.246680E-02   2.565590E-02   0.000000E+00   1.797693+308
     9399       4286  -6.865570E-02   1.797730E-02   3.716760E-02   0.000000E+00   1.797693+308
     9402       4287  -8.938990E-02   5.808700E-03  -5.013660E-04   0.000000E+00   1.797693+308
    10043       4288  -7.373810E-02  -8.103640E-03   1.255880E-02   0.000000E+00   1.797693+308
     2592       4289  -7.457220E-02   6.670710E-03   4.006160E-02   0.000000E+00   1.797693+308
     9413       4290  -6.787870E-02  -2.113640E-03   6.666310E-03   0.000000E+00   1.797693+308
    15602       4291  -6.883380E-02   2.870420E-02   3.568600E-03   0.000000E+00   1.797693+308
     9422       4292  -6.200460E-02  -1.193960E-02   1.504090E-02   0.000000E+00   1.797693+308
     9424       4293  -6.978980E-02   1.271130E-03   4.198430E-02   0.000000E+00   1.797693+308
     9427       4294  -7.020810E-02  -1.448080E-02   1.818010E-02   0.000000E+00   1.797693+308
     9433       4295  -6.486950E-02   8.727900E-03   4.126620E-02   0.000000E+00   1.797693+308
     9435       4296  -5.833410E-02  -1.621640E-02   1.947950E-02   0.000000E+00   1.797693+308
     2058       4297  -5.600500E-02  -4.590940E-04   7.100770E-03   0.000000E+00   1.797693+308
     9440       4298  -6.982410E-02  -8.030050E-03   4.472840E-02   0.000000E+00   1.797693+308
      714       4299  -4.236970E-02  -1.273020E-02   1.547080E-02   0.000000E+00   1.797693+308
    14207       4300  -3.304510E-02   1.147400E-02   3.435760E-02   0.000000E+00   1.797693+308
     9453       4301  -4.465770E-02   1.145710E-03   4.293330E-02   0.000000E+00   1.797693+308
     9488       4302  -4.182980E-02  -1.371750E-03   7.208810E-03   0.000000E+00   1.797693+308
     9462       4303  -4.298780E-02  -1.706450E-02   2.193720E-02   0.000000E+00   1.797693+308
     9464       4304  -3.390430E-02  -1.294950E-02   1.735050E-02   0.000000E+00   1.797693+308
     9468       4305  -2.545810E-02   3.817220E-03   3.623420E-02   0.000000E+00   1.797693+308
     9732       4306  -2.556070E-02   1.821550E-02   2.415750E-02   0.000000E+00   1.797693+308
     9507       4307  -3.303410E-02   2.705570E-03   3.962100E-03   0.000000E+00   1.797693+308
    12816       4308  -3.073760E-02   2.159530E-02   2.560750E-03   0.000000E+00   1.797693+308
    19264       4309  -3.301500E-02  -4.583650E-03   8.509120E-03   0.000000E+00   1.797693+308
     9491       4310  -2.350680E-02   2.242490E-02   1.875980E-02   0.000000E+00   1.797693+308
     9496       4311  -2.335040E-02   1.067200E-02   2.778960E-02   0.000000E+00   1.797693+308
     9908       4312  -3.418090E-02   1.926100E-02   2.850130E-02   0.000000E+00   1.797693+308
     9701       4313  -2.575300E-02  -2.095860E-03   7.128830E-03   0.000000E+00   1.797693+308
     9511       4314  -8.332770E-02  -9.010760E-03   4.616020E-02   0.000000E+00   1.797693+308
     9515       4315  -8.377630E-02  -1.916870E-02   2.275690E-02   0.000000E+00   1.797693+308
     9520       4316  -7.970800E-02  -3.335300E-03   4.347110E-02   0.000000E+00   1.797693+308
     9524       4317  -7.606360E-02  -2.111700E-02   2.564970E-02   0.000000E+00   1.797693+308
     9531       4318  -8.876400E-02  -2.466340E-02   2.843000E-02   0.000000E+00   1.797693+308
    12569       4319  -7.995710E-02  -1.433060E-02   4.778840E-02   0.000000E+00   1.797693+308
     9542       4320  -6.865070E-02  -1.874320E-02   4.730680E-02   0.000000E+00   1.797693+308
     9544       4321  -6.504870E-02  -2.810930E-02   3.037420E-02   0.000000E+00   1.797693+308
     9548       4322  -7.246180E-02  -3.045080E-02   3.263240E-02   0.000000E+00   1.797693+308
    12200       4323  -5.200690E-02  -1.045210E-02   4.918030E-02   0.000000E+00   1.797693+308
     9559       4324  -4.937360E-02  -2.304310E-02   2.612520E-02   0.000000E+00   1.797693+308
     9560       4325  -4.159790E-02  -8.546910E-03   4.607750E-02   0.000000E+00   1.797693+308
     9564       4326  -5.995940E-02  -2.380080E-02   2.556810E-02   0.000000E+00   1.797693+308
     9587       4327  -4.639800E-02  -1.794090E-02   4.959040E-02   0.000000E+00   1.797693+308
     9569       4328  -3.895200E-02  -2.594910E-02   2.928880E-02   0.000000E+00   1.797693+308
     9575       4329  -3.331170E-02  -1.809780E-02   4.960680E-02   0.000000E+00   1.797693+308
    12022       4330  -2.970290E-02  -2.447100E-02   2.851750E-02   0.000000E+00   1.797693+308
    12205       4331  -5.185540E-02  -1.539040E-02   4.964540E-02   0.000000E+00   1.797693+308
    18324       4332  -5.132610E-02  -2.284080E-02   5.199860E-02   0.000000E+00   1.797693+308
     9597       4333  -4.037430E-02  -2.274680E-02   4.995550E-02   0.000000E+00   1.797693+308
     9609       4334  -6.708790E-02  -2.156020E-02   2.461030E-02   0.000000E+00   1.797693+308
     9614       4335  -4.874020E-02  -2.983890E-02   3.074040E-02   0.000000E+00   1.797693+308
    11127       4336  -5.138010E-02  -4.910660E-03   4.668920E-02   0.000000E+00   1.797693+308
     9621       4337  -6.794200E-02  -3.381780E-02   3.532740E-02   0.000000E+00   1.797693+308
     9634       4338  -7.501290E-02  -2.800110E-02   2.890630E-02   0.000000E+00   1.797693+308
     9639       4339  -7.931110E-02  -3.108550E-02   3.412910E-02   0.000000E+00   1.797693+308
     9641       4340  -6.900060E-02  -2.330590E-02   4.983330E-02   0.000000E+00   1.797693+308
     9646       4341  -6.452550E-02  -1.976150E-02   4.960640E-02   0.000000E+00   1.797693+308
     9654       4342  -7.325400E-02  -1.511750E-02   4.664760E-02   0.000000E+00   1.797693+308
     9657       4343  -7.852630E-02  -2.295090E-02   4.959900E-02   0.000000E+00   1.797693+308
     9659       4344  -9.283240E-02  -2.921840E-02   3.016260E-02   0.000000E+00   1.797693+308
     9668       4345  -8.685890E-02  -2.938610E-02   3.226160E-02   0.000000E+00   1.797693+308
     9670       4346  -7.629670E-02  -1.640410E-02   2.082910E-02   0.000000E+00   1.797693+308
     9684       4347  -7.955370E-02   2.339620E-03   4.195030E-02   0.000000E+00   1.797693+308
     9686       4348  -8.888140E-02  -1.390180E-02   1.851750E-02   0.000000E+00   1.797693+308
     9693       4349  -8.173720E-02  -1.391380E-02   1.793310E-02   0.000000E+00   1.797693+308
       78       4350  -2.588670E-02  -8.121990E-03   1.294150E-02   0.000000E+00   1.797693+308
     9702       4351  -1.642840E-02  -2.127150E-03   7.607730E-03   0.000000E+00   1.797693+308
     9708       4352  -2.477820E-02   4.022770E-03   3.108410E-03   0.000000E+00   1.797693+308
     4225       4353  -4.305250E-02   2.744350E-02   5.426890E-03   0.000000E+00   1.797693+308
     1484       4354  -3.006950E-02   2.419590E-02   2.164580E-02   0.000000E+00   1.797693+308
     9730       4355  -3.803380E-02   2.565900E-02   2.469180E-02   0.000000E+00   1.797693+308
     9741       4356  -2.029980E-02   1.375400E-02   2.362570E-02   0.000000E+00   1.797693+308
     9744       4357  -1.675520E-02   4.233230E-03   2.795290E-02   0.000000E+00   1.797693+308
     9763       4358  -2.836730E-02   1.477170E-02   2.925320E-02   0.000000E+00   1.797693+308
     9760       4359  -2.692820E-02   9.606290E-03   3.262780E-02   0.000000E+00   1.797693+308
    18167       4360  -2.114570E-02   1.782960E-02   2.060600E-02   0.000000E+00   1.797693+308
     9783       4361  -1.975270E-02   2.249260E-02   1.525750E-02   0.000000E+00   1.797693+308
     9785       4362  -3.794620E-02  -7.715210E-03   1.226750E-02   0.000000E+00   1.797693+308
     9796       4363  -2.783760E-02   2.707300E-02   8.418000E-03   0.000000E+00   1.797693+308
    18212       4364  -3.132980E-02   7.151090E-03  -1.320370E-03   0.000000E+00   1.797693+308
     9815       4365  -3.904290E-02   4.805120E-03   7.569990E-04   0.000000E+00   1.797693+308
    19669       4366  -2.982570E-02   2.450650E-03   4.136540E-02   0.000000E+00   1.797693+308
     9828       4367  -2.239080E-02  -3.046430E-03   3.960950E-02   0.000000E+00   1.797693+308
     9837       4368  -2.044990E-02   1.870360E-03   3.400650E-02   0.000000E+00   1.797693+308
     9842       4369  -3.331390E-02  -1.904370E-02   2.124510E-02   0.000000E+00   1.797693+308
     9852       4370  -3.119030E-02  -8.858600E-03   1.281990E-02   0.000000E+00   1.797693+308
     9856       4371  -4.718860E-02  -6.483180E-03   1.227030E-02   0.000000E+00   1.797693+308
     9870       4372  -4.659770E-02   2.694490E-03   2.816050E-03   0.000000E+00   1.797693+308
     9873       4373  -4.927040E-02  -2.021860E-03   6.758440E-03   0.000000E+00   1.797693+308
     9884       4374  -4.528700E-02   7.541600E-03   4.272510E-02   0.000000E+00   1.797693+308
     9887       4375  -5.015220E-02   4.164610E-03   4.407050E-02   0.000000E+00   1.797693+308
     9896       4376  -4.000620E-02  -1.427150E-03   4.520670E-02   0.000000E+00   1.797693+308
     9905       4377  -3.383470E-02   8.401680E-03   3.927160E-02   0.000000E+00   1.797693+308
     9917       4378  -3.855980E-02   1.512900E-02   3.596040E-02   0.000000E+00   1.797693+308
    18165       4379  -4.778890E-02  -1.438900E-02   1.795430E-02   0.000000E+00   1.797693+308
     9928       4380  -7.334560E-02  -3.364140E-03   4.346770E-02   0.000000E+00   1.797693+308
     1866       4381  -6.253530E-02   4.943710E-03   8.478710E-04   0.000000E+00   1.797693+308
     9947       4382  -5.787320E-02  -6.645800E-03   1.104870E-02   0.000000E+00   1.797693+308
     9943       4383  -5.269470E-02   1.921150E-03   2.815420E-03   0.000000E+00   1.797693+308
     9958       4384  -5.309980E-02  -1.247990E-02   1.687540E-02   0.000000E+00   1.797693+308
     9964       4385  -6.302610E-02  -1.679730E-02   1.893010E-02   0.000000E+00   1.797693+308
     9974       4386  -5.252080E-02  -1.737850E-02   1.999100E-02   0.000000E+00   1.797693+308
    13137       4387  -6.361880E-02   1.748510E-03   4.290980E-02   0.000000E+00   1.797693+308
     2528       4388  -6.456800E-02   1.398410E-02   3.887560E-02   0.000000E+00   1.797693+308
     9985       4389  -6.814210E-02  -9.695930E-03   1.421800E-02   0.000000E+00   1.797693+308
     9995       4390  -6.818950E-02   6.046780E-03   4.163640E-02   0.000000E+00   1.797693+308
    16207       4391  -5.788330E-02   2.891470E-02   4.818320E-03   0.000000E+00   1.797693+308
    15605       4392  -7.657430E-02   2.543330E-02  -3.512040E-04   0.000000E+00   1.797693+308
     4002       4393  -6.364540E-02   3.279630E-02   8.168290E-03   0.000000E+00   1.797693+308
    18239       4394  -7.357120E-02   2.076410E-04   4.071840E-03   0.000000E+00   1.797693+308
    10022       4395  -8.034320E-02   1.133610E-02   3.966780E-02   0.000000E+00   1.797693+308
     1118       4396  -8.108110E-02  -6.801950E-03   1.245500E-02   0.000000E+00   1.797693+308
    10038       4397  -6.951300E-02  -5.769570E-03   1.071370E-02   0.000000E+00   1.797693+308
    18205       4398  -7.780700E-02  -1.227050E-02   1.437450E-02   0.000000E+00   1.797693+308
     1364       4399  -8.822350E-02  -3.322010E-04   6.060630E-03   0.000000E+00   1.797693+308
    10068       4400  -8.265870E-02   4.927620E-03   1.269940E-03   0.000000E+00   1.797693+308
    18149       4401  -9.456910E-02   3.489450E-03   3.360750E-03   0.000000E+00   1.797693+308
    12415       4402  -8.938080E-02   3.006030E-02   1.865610E-03   0.000000E+00   1.797693+308
    10091       4403  -8.420310E-02   1.045600E-02  -4.089530E-03   0.000000E+00   1.797693+308
    10099       4404  -7.481810E-02   1.446150E-02   3.760070E-02   0.000000E+00   1.797693+308
    10109       4405  -7.442020E-02   2.065530E-02   3.690470E-02   0.000000E+00   1.797693+308
      579       4406  -7.481240E-02   3.434080E-02   2.568680E-02   0.000000E+00   1.797693+308
    10380       4407  -9.256090E-02   2.897640E-02   2.983520E-02   0.000000E+00   1.797693+308
    15423       4408  -8.138990E-02   2.891980E-02   3.010280E-02   0.000000E+00   1.797693+308
     3351       4409  -8.191200E-02   3.559740E-02   2.029120E-02   0.000000E+00   1.797693+308
    10128       4410  -8.471100E-02   1.639770E-02   4.017920E-02   0.000000E+00   1.797693+308
    19694       4411  -1.008540E-01  -1.706420E-02   4.902530E-02   0.000000E+00   1.797693+308
    10139       4412  -1.085720E-01  -2.301070E-03   4.442520E-02   0.000000E+00   1.797693+308
    10141       4413  -9.617940E-02  -4.166290E-03   4.728380E-02   0.000000E+00   1.797693+308
    11694       4414  -9.681580E-02  -1.025480E-02   4.821150E-02   0.000000E+00   1.797693+308
    10155       4415  -1.070000E-01  -1.016120E-02   4.721600E-02   0.000000E+00   1.797693+308
    10158       4416  -1.233310E-01   1.290110E-03   3.666790E-02   0.000000E+00   1.797693+308
    10165       4417  -1.033120E-01  -1.290620E-02   1.846830E-02   0.000000E+00   1.797693+308
    10167       4418  -1.171190E-01  -2.190870E-02   2.574980E-02   0.000000E+00   1.797693+308
    10173       4419  -1.153270E-01  -1.494550E-02   1.893780E-02   0.000000E+00   1.797693+308
    10179       4420  -9.240080E-02   4.809000E-03   4.510780E-02   0.000000E+00   1.797693+308
    10185       4421  -8.437980E-02  -1.108180E-03   4.406450E-02   0.000000E+00   1.797693+308
    10195       4422  -1.015770E-01   1.573480E-03   4.373870E-02   0.000000E+00   1.797693+308
    10199       4423  -1.264450E-01   8.113370E-04   4.687370E-03   0.000000E+00   1.797693+308
    18255       4424  -1.148150E-01  -2.457110E-03   7.271730E-03   0.000000E+00   1.797693+308
    19704       4425  -1.137910E-01   6.829690E-03   2.804320E-04   0.000000E+00   1.797693+308
    10216       4426  -1.095150E-01   2.767390E-02   2.566920E-02   0.000000E+00   1.797693+308
    10219       4427  -1.157120E-01   2.436860E-02   2.448770E-02   0.000000E+00   1.797693+308
    10228       4428  -1.098330E-01   3.189400E-02   1.993530E-02   0.000000E+00   1.797693+308
    10233       4429  -1.191560E-01   3.133880E-02   1.425510E-02   0.000000E+00   1.797693+308
    12855       4430  -1.022340E-01   1.438450E-02  -6.473010E-03   0.000000E+00   1.797693+308
    18261       4431  -1.064300E-01   3.425070E-03   1.577210E-03   0.000000E+00   1.797693+308
    10263       4432  -9.566080E-02   8.448810E-03  -1.763180E-03   0.000000E+00   1.797693+308
    10265       4433  -1.149700E-01   6.181750E-03   3.926870E-02   0.000000E+00   1.797693+308
    10272       4434  -1.039440E-01  -3.600370E-03   8.744780E-03   0.000000E+00   1.797693+308
    10280       4435  -1.147730E-01  -1.017480E-02   1.356050E-02   0.000000E+00   1.797693+308
    10286       4436  -1.193430E-01   1.436200E-02   2.679950E-02   0.000000E+00   1.797693+308
    10293       4437  -1.104630E-01   2.328480E-02   2.799820E-02   0.000000E+00   1.797693+308
    10300       4438  -1.068740E-01   1.599930E-02   3.692770E-02   0.000000E+00   1.797693+308
    10314       4439  -2.784840E-02  -1.431470E-02   4.914850E-02   0.000000E+00   1.797693+308
     4037       4440  -9.352050E-03  -2.891640E-02   4.528170E-02   0.000000E+00   1.797693+308
    10321       4441  -4.437200E-02  -3.224390E-02   4.925620E-02   0.000000E+00   1.797693+308
    13501       4442  -5.899250E-02  -1.291650E-03   7.491160E-02   0.000000E+00   1.797693+308
    10346       4443  -1.057070E-02   1.804810E-02   7.854420E-03   0.000000E+00   1.797693+308
     3250       4444  -9.852440E-03   2.110000E-02   4.894530E-03   0.000000E+00   1.797693+308
    10363       4445  -9.686260E-03  -1.825790E-03   6.820220E-03   0.000000E+00   1.797693+308
    12812       4446  -2.154640E-02   2.133670E-02   3.909900E-03   0.000000E+00   1.797693+308
    10382       4447  -8.764140E-02   2.847880E-02   3.439110E-02   0.000000E+00   1.797693+308
    10394       4448  -8.364410E-02   2.156260E-02   3.810720E-02   0.000000E+00   1.797693+308
    10396       4449  -8.352450E-02  -3.594410E-02   4.294130E-02   0.000000E+00   1.797693+308
     2113       4450  -9.114060E-02  -3.456110E-02   4.346240E-02   0.000000E+00   1.797693+308
    18464       4451  -1.241290E-01  -1.260250E-02   4.791240E-02   0.000000E+00   1.797693+308
    16123       4452  -8.967020E-02   3.705890E-02   9.627020E-03   0.000000E+00   1.797693+308
    10442       4453  -9.229360E-02   3.848020E-02   1.554400E-02   0.000000E+00   1.797693+308
    10447       4454  -1.380510E-01   3.086490E-02  -4.237750E-03   0.000000E+00   1.797693+308
    10454       4455  -1.345020E-01   2.476060E-02  -1.002950E-03   0.000000E+00   1.797693+308
     3530       4456  -1.316580E-01   3.245910E-02  -4.823190E-03   0.000000E+00   1.797693+308
    10459       4457  -1.286410E-01   1.622900E-02   1.945710E-02   0.000000E+00   1.797693+308
    10467       4458  -1.259690E-01   2.865120E-02   1.018460E-02   0.000000E+00   1.797693+308
    10475       4459  -1.209710E-01   2.193020E-02   2.125720E-02   0.000000E+00   1.797693+308
    10489       4460  -1.305900E-01   2.336640E-02   1.240080E-02   0.000000E+00   1.797693+308
    17948       4461  -1.401390E-01  -4.897910E-03   2.863320E-02   0.000000E+00   1.797693+308
    10504       4462  -1.457160E-01   3.427140E-03   2.364880E-02   0.000000E+00   1.797693+308
     1067       4463  -1.434260E-01  -5.910680E-03   2.479140E-02   0.000000E+00   1.797693+308
    10511       4464  -1.285380E-01  -1.077440E-02   1.551330E-02   0.000000E+00   1.797693+308
    17322       4465  -1.375730E-01  -8.876850E-03   3.069430E-02   0.000000E+00   1.797693+308
    17131       4466  -1.350340E-01  -1.445990E-02   3.270340E-02   0.000000E+00   1.797693+308
    18312       4467  -1.382580E-01  -1.941840E-02   2.489640E-02   1.000000E+00   5.976229E+03
    18402       4468  -1.354490E-01  -1.897090E-02   2.949210E-02   1.439309E-05   1.797693+308
    17329       4469  -1.185300E-01  -3.527390E-02   3.699750E-02   0.000000E+00   1.797693+308
    18049       4470  -1.095820E-02  -1.033200E-02   3.292610E-02   0.000000E+00   1.797693+308
    10551       4471  -5.643700E-02  -8.495760E-05   4.708510E-02   0.000000E+00   1.797693+308
    10555       4472  -5.434570E-02   7.188550E-03   4.398970E-02   0.000000E+00   1.797693+308
    10559       4473  -5.611190E-02   2.163470E-02   4.081350E-02   0.000000E+00   1.797693+308
    10569       4474  -5.011330E-02   1.308590E-02   4.165800E-02   0.000000E+00   1.797693+308
    10572       4475  -4.642400E-02   3.682120E-02   2.082400E-02   0.000000E+00   1.797693+308
    19735       4476  -5.557610E-02  -2.756650E-02   5.390980E-02   0.000000E+00   1.797693+308
    16205       4477  -1.194980E-02   7.516940E-03   1.780680E-02   0.000000E+00   1.797693+308
     3909       4478  -5.049570E-02   2.534610E-02   3.733320E-02   0.000000E+00   1.797693+308
    10606       4479  -5.497760E-03  -3.129930E-02   3.076500E-02   1.000000E+00   1.371626E+02
    20023       4480  -1.299190E-02  -2.966630E-02   3.169320E-02   0.000000E+00   1.797693+308
    20187       4481   9.201230E-03  -9.548020E-04   1.195020E-02   0.000000E+00   1.797693+308
    11214       4482   4.995920E-03  -1.214190E-03   1.671240E-02   0.000000E+00   1.797693+308
      326       4483  -1.338460E-03  -1.970370E-03   1.821800E-02   0.000000E+00   1.797693+308
    10650       4484  -3.681560E-03  -2.046800E-04   2.734080E-02   0.000000E+00   1.797693+308
     2552       4485   4.564630E-03  -1.068480E-02   1.418960E-02   0.000000E+00   1.797693+308
    15802       4486  -6.739600E-02   3.662970E-02   1.782440E-02   0.000000E+00   1.797693+308
    10685       4487  -5.716490E-02   3.558000E-02   2.130240E-02   0.000000E+00   1.797693+308
    12589       4488  -7.046170E-02   3.454910E-02   2.274970E-02   0.000000E+00   1.797693+308
     4490       4489  -6.051140E-02   3.188850E-02   2.642620E-02   0.000000E+00   1.797693+308
     4067       4490  -1.779050E-02  -1.002990E-02   4.069430E-02   0.000000E+00   1.797693+308
    13031       4491  -3.764630E-02  -3.574610E-02   3.545110E-02   0.000000E+00   1.797693+308
    19933       4492  -4.347860E-02  -3.609670E-02   4.224350E-02   0.000000E+00   1.797693+308
    10721       4493  -6.158700E-02  -3.634960E-02   3.661470E-02   0.000000E+00   1.797693+308
    19928       4494  -9.544710E-02   2.514830E-02   3.873220E-02   0.000000E+00   1.797693+308
    18353       4495  -1.024860E-01   1.957970E-02   3.870760E-02   0.000000E+00   1.797693+308
    10747       4496  -9.737890E-02   1.235890E-02   4.246810E-02   0.000000E+00   1.797693+308
    10758       4497  -8.722930E-02  -2.824330E-02   5.542870E-02   0.000000E+00   1.797693+308
    13079       4498  -1.165010E-01  -2.346180E-02   5.039330E-02   0.000000E+00   1.797693+308
    11824       4499  -1.088460E-01  -3.554920E-02   4.411560E-02   0.000000E+00   1.797693+308
    10777       4500  -1.435890E-01  -2.810260E-02   3.547620E-02   0.000000E+00   1.797693+308
    11760       4501  -1.279310E-01   2.655410E-02  -1.292550E-02   0.000000E+00   1.797693+308
    10796       4502  -1.356510E-01   2.518390E-02   8.784000E-03   0.000000E+00   1.797693+308
    10802       4503  -1.373320E-01   2.129210E-02   7.019120E-03   0.000000E+00   1.797693+308
    14618       4504  -1.553500E-01   1.332630E-02   3.074380E-03   0.000000E+00   1.797693+308
    10811       4505  -1.400060E-01   1.569480E-02   5.418190E-03   0.000000E+00   1.797693+308
    10814       4506  -1.454100E-01   1.349830E-02   6.273750E-03   0.000000E+00   1.797693+308
    19449       4507  -1.550580E-01   9.426430E-03  -2.991050E-03   0.000000E+00   1.797693+308
    16599       4508  -4.536530E-02   2.201120E-02   3.315700E-02   0.000000E+00   1.797693+308
     4038       4509  -1.118110E-02  -2.287540E-02   4.432620E-02   0.000000E+00   1.797693+308
    16248       4510  -2.518440E-02  -4.030260E-02   4.011290E-02   0.000000E+00   1.797693+308
    14636       4511  -4.667070E-03  -8.777720E-03   2.943460E-02   0.000000E+00   1.797693+308
    10858       4512  -9.445760E-03   8.223840E-04   2.800090E-02   0.000000E+00   1.797693+308
     3202       4513  -1.229540E-02  -2.012920E-02   3.999000E-02   0.000000E+00   1.797693+308
    10867       4514  -1.203910E-01   2.006770E-02  -1.153530E-02   0.000000E+00   1.797693+308
    10880       4515  -7.467520E-02  -3.542380E-02   3.696870E-02   0.000000E+00   1.797693+308
    12688       4516  -1.099350E-02  -2.817700E-02   3.626530E-02   0.000000E+00   1.797693+308
    12672       4517  -1.332150E-02   1.325410E-02   1.249410E-02   0.000000E+00   1.797693+308
    15822       4518  -4.424400E-02   3.407730E-02   1.399020E-02   0.000000E+00   1.797693+308
    19722       4519  -1.096260E-01   3.908430E-02   5.744770E-03   0.000000E+00   1.797693+308
    10917       4520  -1.129960E-01   3.689890E-02   1.299500E-02   0.000000E+00   1.797693+308
      508       4521  -5.340090E-02   1.193980E-02  -5.498280E-03   0.000000E+00   1.797693+308
    19017       4522  -6.165650E-02   2.155000E-02  -4.969470E-03   0.000000E+00   1.797693+308
     2924       4523   7.936570E-03  -1.301780E-02   2.701560E-02   0.000000E+00   1.797693+308
    10954       4524   7.186620E-03  -9.614160E-03   3.064080E-02   0.000000E+00   1.797693+308
     3183       4525  -5.350460E-02  -3.545150E-02   4.379100E-02   0.000000E+00   1.797693+308
    18383       4526  -8.809780E-02   7.925050E-03   4.683070E-02   0.000000E+00   1.797693+308
    14700       4527  -1.656340E-02  -3.395660E-02   3.667180E-02   0.000000E+00   1.797693+308
    11825       4528  -1.103850E-01  -3.208500E-02   5.006390E-02   0.000000E+00   1.797693+308
    18386       4529  -1.236330E-01  -2.029100E-02   4.910120E-02   0.000000E+00   1.797693+308
    11012       4530  -1.281600E-01  -7.144460E-03   3.995560E-02   0.000000E+00   1.797693+308
    11018       4531  -1.488660E-01  -1.430020E-02   1.830890E-02   0.000000E+00   1.797693+308
    11025       4532  -1.502400E-01  -7.554590E-03   2.359040E-02   0.000000E+00   1.797693+308
    18356       4533  -1.364000E-01   2.378230E-02   4.031360E-03   0.000000E+00   1.797693+308
    11048       4534  -1.388410E-01   1.668150E-02   1.402110E-02   0.000000E+00   1.797693+308
    11655       4535  -9.962230E-02   3.544510E-02   2.207630E-02   0.000000E+00   1.797693+308
    11066       4536  -1.222620E-01   2.587520E-02  -1.191080E-02   0.000000E+00   1.797693+308
    11083       4537  -1.576450E-01  -8.154580E-03   2.862060E-02   0.000000E+00   1.797693+308
    11095       4538  -1.352120E-01   1.669890E-02  -9.598210E-03   0.000000E+00   1.797693+308
    11100       4539  -1.431060E-01   7.436200E-03   2.066100E-02   0.000000E+00   1.797693+308
    11106       4540  -1.376070E-01   1.108880E-02   1.945290E-02   0.000000E+00   1.797693+308
    11109       4541  -1.378870E-01  -2.296360E-02   2.901590E-02   1.000000E+00   2.008068E+04
    13900       4542  -1.400380E-01  -2.688260E-02   3.256170E-02   2.470966E-01   1.797693+308
    11119       4543  -6.130970E-02  -8.096900E-03   4.830540E-02   0.000000E+00   1.797693+308
    11132       4544  -5.612480E-02  -5.913950E-03   4.898230E-02   0.000000E+00   1.797693+308
    11142       4545  -2.209900E-02  -2.251900E-02   5.041180E-02   0.000000E+00   1.797693+308
     3562       4546  -1.037210E-02  -2.570230E-02   2.837290E-02   1.000000E+00   1.324122E+04
    18621       4547  -7.202690E-02   1.175310E-02  -5.585330E-03   0.000000E+00   1.797693+308
    11156       4548  -6.121670E-02   7.449080E-03   4.326010E-02   0.000000E+00   1.797693+308
    15221       4549  -6.224160E-02   1.382770E-02   4.185460E-02   0.000000E+00   1.797693+308
    11179       4550  -3.459610E-02  -8.345160E-03   4.655350E-02   0.000000E+00   1.797693+308
    11190       4551  -9.195980E-02  -2.702410E-02   5.532210E-02   0.000000E+00   1.797693+308
     1975       4552  -4.385890E-03   9.118500E-04   1.924940E-02   0.000000E+00   1.797693+308
    20290       4553  -7.804310E-03  -1.093220E-03   1.127540E-02   0.000000E+00   1.797693+308
    12604       4554  -1.234310E-02   4.576270E-03   1.124130E-02   0.000000E+00   1.797693+308
     2558       4555   3.825260E-03  -4.020730E-03   1.343240E-02   0.000000E+00   1.797693+308
    18423       4556   1.031020E-02  -7.294250E-03   1.523850E-02   0.000000E+00   1.797693+308
    19293       4557  -1.017390E-02   6.784940E-03   2.726800E-03   0.000000E+00   1.797693+308
    18098       4558  -1.062640E-02   2.632320E-03   7.363890E-03   0.000000E+00   1.797693+308
    11264       4559   4.028250E-03   8.360270E-04   2.488840E-02   0.000000E+00   1.797693+308
    11275       4560  -1.426700E-02   1.556540E-02  -1.015630E-03   0.000000E+00   1.797693+308
    15146       4561  -1.342510E-01  -2.646070E-02   4.679260E-02   0.000000E+00   1.797693+308
    14313       4562  -7.053800E-02   2.954010E-02   3.082220E-02   0.000000E+00   1.797693+308
     3234       4563  -1.261250E-01  -3.331830E-02   3.531830E-02   0.000000E+00   1.797693+308
    11306       4564  -1.006560E-01  -3.148390E-02   3.425710E-02   0.000000E+00   1.797693+308
    11314       4565  -9.998520E-02  -3.495130E-02   4.380760E-02   0.000000E+00   1.797693+308
      298       4566  -1.764920E-02  -2.896000E-02   4.692570E-02   0.000000E+00   1.797693+308
    11354       4567  -1.269840E-02   1.584150E-02   1.733500E-02   0.000000E+00   1.797693+308
    20180       4568  -8.343470E-02  -2.250170E-02   4.930630E-02   0.000000E+00   1.797693+308
    18431       4569  -9.264520E-02  -1.740550E-02   5.143260E-02   0.000000E+00   1.797693+308
    18500       4570  -9.329150E-02  -2.315410E-02   5.295990E-02   0.000000E+00   1.797693+308
    11820       4571  -1.005620E-01  -2.492410E-02   5.109200E-02   0.000000E+00   1.797693+308
    11383       4572  -1.550090E-01   1.550630E-02   6.343300E-03   0.000000E+00   1.797693+308
    14613       4573  -1.512160E-01   1.262670E-02   5.374030E-03   0.000000E+00   1.797693+308
    11391       4574  -1.460880E-01   1.396350E-02   1.401280E-02   0.000000E+00   1.797693+308
    11398       4575  -1.601310E-01   2.011050E-02   7.000500E-03   0.000000E+00   1.797693+308
    19276       4576  -1.418930E-01  -1.003800E-02   2.167910E-02   0.000000E+00   1.797693+308
    11416       4577  -1.458880E-01  -7.801230E-03   2.335110E-02   0.000000E+00   1.797693+308
    18442       4578  -1.454290E-01   9.699360E-03  -3.320860E-03   0.000000E+00   1.797693+308
    11433       4579  -1.354810E-01   7.490250E-03  -1.116410E-03   0.000000E+00   1.797693+308
    11438       4580  -1.435890E-01   2.730350E-03   2.611230E-03   0.000000E+00   1.797693+308
    18445       4581  -1.435840E-01   1.108940E-02   1.121200E-03   0.000000E+00   1.797693+308
    14686       4582  -5.471670E-02   3.517660E-02   1.179460E-02   0.000000E+00   1.797693+308
    11459       4583  -4.719960E-02   9.755940E-03  -1.698860E-03   0.000000E+00   1.797693+308
    15852       4584  -4.437240E-02   2.014340E-02  -1.749290E-03   0.000000E+00   1.797693+308
    20241       4585  -1.353340E-01   1.955410E-02  -4.543840E-03   0.000000E+00   1.797693+308
    14907       4586  -1.592850E-01  -7.076750E-03   1.776900E-02   0.000000E+00   1.797693+308
    11489       4587  -1.586010E-01  -5.516950E-03   2.431860E-02   0.000000E+00   1.797693+308
    11502       4588  -1.032790E-02   3.921380E-03   2.575510E-02   0.000000E+00   1.797693+308
    11513       4589  -1.689820E-02   5.141180E-03   1.316510E-03   0.000000E+00   1.797693+308
    11518       4590   9.904270E-03   3.494560E-03   1.937790E-02   0.000000E+00   1.797693+308
     4180       4591  -8.916620E-03   1.278260E-02   1.777910E-04   0.000000E+00   1.797693+308
    11538       4592  -3.706530E-03   9.837500E-03  -1.780920E-03   0.000000E+00   1.797693+308
     2893       4593  -8.899270E-03  -8.590280E-04   1.458930E-02   0.000000E+00   1.797693+308
    13328       4594  -3.128770E-02   1.771520E-02  -3.257250E-03   0.000000E+00   1.797693+308
    11579       4595   3.474660E-03   1.150260E-02  -4.397620E-03   0.000000E+00   1.797693+308
    11590       4596  -1.555560E-01   1.374020E-02  -5.043060E-03   0.000000E+00   1.797693+308
    12472       4597  -1.325060E-02  -1.877190E-02   3.349220E-02   0.000000E+00   1.797693+308
    11606       4598  -6.034830E-02  -1.518780E-02   5.454490E-02   0.000000E+00   1.797693+308
    18860       4599  -1.368600E-01  -1.837340E-02   4.091510E-02   0.000000E+00   1.797693+308
    11626       4600  -1.326920E-01  -1.620560E-02   4.588520E-02   0.000000E+00   1.797693+308
    17369       4601  -1.598340E-01  -1.273380E-03   1.635400E-02   0.000000E+00   1.797693+308
    11648       4602  -1.050310E-01   3.277460E-02   2.419400E-02   0.000000E+00   1.797693+308
    11660       4603  -6.776900E-02  -3.224530E-02   4.942030E-02   0.000000E+00   1.797693+308
    11674       4604  -6.214240E-02  -3.216520E-02   4.938500E-02   0.000000E+00   1.797693+308
    14497       4605  -1.381370E-01  -1.701610E-02   2.085290E-02   8.004140E-07   1.797693+308
    12257       4606  -8.971380E-02  -4.102150E-03   5.059850E-02   0.000000E+00   1.797693+308
    11696       4607  -9.187350E-02  -9.907850E-03   5.008270E-02   0.000000E+00   1.797693+308
    12308       4608  -2.082070E-03  -3.828000E-03   1.459820E-02   0.000000E+00   1.797693+308
    11717       4609  -6.869820E-03  -6.052620E-03   1.132250E-02   0.000000E+00   1.797693+308
    11724       4610  -1.402590E-01  -7.088320E-03   1.132880E-02   0.000000E+00   1.797693+308
    11728       4611  -1.329140E-01  -7.271490E-03   1.138450E-02   0.000000E+00   1.797693+308
    11741       4612  -1.322830E-01   2.021800E-03   2.930110E-03   0.000000E+00   1.797693+308
    11755       4613  -1.137960E-01  -7.542810E-03   4.747930E-02   0.000000E+00   1.797693+308
    11759       4614  -1.324420E-01   2.818170E-02  -1.040550E-02   0.000000E+00   1.797693+308
    11768       4615  -1.214880E-01   3.207590E-02  -5.053880E-03   0.000000E+00   1.797693+308
    11775       4616  -1.283430E-01   3.224050E-02   6.199460E-03   0.000000E+00   1.797693+308
    19083       4617  -1.358170E-01   5.183650E-03   2.558400E-02   0.000000E+00   1.797693+308
    11789       4618  -1.294930E-01   3.707160E-03   3.057340E-02   0.000000E+00   1.797693+308
    11796       4619  -1.495270E-01   5.239880E-03   2.161480E-02   0.000000E+00   1.797693+308
    11807       4620  -1.592440E-01   6.269330E-03   1.305610E-02   0.000000E+00   1.797693+308
    11814       4621  -9.627520E-02  -2.844650E-02   5.444210E-02   0.000000E+00   1.797693+308
    11830       4622  -1.042600E-01  -3.254630E-02   4.837980E-02   0.000000E+00   1.797693+308
    13049       4623  -1.028320E-01   2.191480E-02  -1.181170E-02   0.000000E+00   1.797693+308
    15765       4624  -9.340190E-02   2.495340E-02  -5.473830E-03   0.000000E+00   1.797693+308
    11858       4625  -6.407590E-03  -1.508830E-02   2.455280E-02   0.000000E+00   1.797693+308
    12490       4626  -5.926500E-02   1.078020E-02  -2.925950E-03   0.000000E+00   1.797693+308
     1916       4627  -6.979550E-02   7.136770E-03  -6.933040E-04   0.000000E+00   1.797693+308
     4420       4628  -4.485560E-02   3.038850E-02   2.845140E-02   0.000000E+00   1.797693+308
    15748       4629  -1.470970E-02  -2.290610E-02   2.606660E-02   0.000000E+00   1.797693+308
     3847       4630  -9.007970E-03  -1.896220E-02   2.247890E-02   0.000000E+00   1.797693+308
    20238       4631  -1.083590E-02  -1.780060E-02   2.760680E-02   2.327958E-06   1.797693+308
     4643       4632  -4.737460E-04  -7.690580E-03   2.876750E-02   0.000000E+00   1.797693+308
    19947       4633  -1.285450E-01  -2.993290E-02   4.359650E-02   0.000000E+00   1.797693+308
    11930       4634  -3.088360E-02  -3.377190E-02   4.889330E-02   0.000000E+00   1.797693+308
    18509       4635  -8.779720E-02   3.577270E-02   2.068960E-02   0.000000E+00   1.797693+308
    11946       4636  -9.115270E-02   3.357490E-02   2.503930E-02   0.000000E+00   1.797693+308
    18512       4637  -1.179110E-01  -3.552630E-02   4.507290E-02   0.000000E+00   1.797693+308
    11968       4638  -1.477190E-01  -4.685390E-03   2.597340E-02   0.000000E+00   1.797693+308
    11985       4639  -1.507760E-01  -4.990730E-03   2.679540E-02   0.000000E+00   1.797693+308
    18444       4640  -1.496940E-01   1.331950E-03   3.237560E-03   0.000000E+00   1.797693+308
      196       4641  -1.478320E-01   1.025350E-02   2.527730E-03   0.000000E+00   1.797693+308
    15235       4642  -8.250010E-02   2.198960E-02  -8.178490E-03   0.000000E+00   1.797693+308
    18264       4643  -9.458640E-02   1.479130E-02  -7.485490E-03   0.000000E+00   1.797693+308
       62       4644  -1.761640E-02  -1.108910E-02   1.689150E-02   0.000000E+00   1.797693+308
    12027       4645  -2.343310E-02  -2.289220E-02   2.431360E-02   0.000000E+00   1.797693+308
    12036       4646  -2.868940E-02  -1.427990E-02   1.857490E-02   0.000000E+00   1.797693+308
    12049       4647  -1.555590E-01   4.094510E-04   2.610520E-02   0.000000E+00   1.797693+308
    16010       4648  -1.017970E-01   3.694900E-02   6.384440E-03   0.000000E+00   1.797693+308
    12070       4649  -1.077000E-01   3.953430E-02   1.601220E-02   0.000000E+00   1.797693+308
    15113       4650  -1.566550E-01  -1.732810E-02   1.962040E-02   0.000000E+00   1.797693+308
    12086       4651  -1.139370E-01   3.386810E-02   7.568070E-04   0.000000E+00   1.797693+308
    12095       4652  -1.152460E-01   3.086740E-02  -4.033450E-03   0.000000E+00   1.797693+308
    12102       4653  -1.046860E-01   2.964370E-02  -2.994280E-03   0.000000E+00   1.797693+308
    12108       4654  -5.815790E-02   2.798360E-02   3.435810E-02   0.000000E+00   1.797693+308
     4314       4655  -6.472260E-02   2.238600E-02   3.717550E-02   0.000000E+00   1.797693+308
    15122       4656  -1.345710E-01  -2.982400E-02   3.158570E-02   0.000000E+00   1.797693+308
     3226       4657  -1.239660E-01  -2.638920E-02   2.960150E-02   0.000000E+00   1.797693+308
    15119       4658  -1.363660E-01  -2.068060E-02   3.591080E-02   0.000000E+00   1.797693+308
    18531       4659  -1.584340E-01   1.703310E-02   4.642920E-03   0.000000E+00   1.797693+308
    12157       4660  -1.602080E-01   1.741440E-02  -4.985560E-04   0.000000E+00   1.797693+308
    14623       4661  -1.589730E-01   1.043550E-02   9.832420E-04   0.000000E+00   1.797693+308
    12176       4662  -3.129850E-02   3.118340E-02   1.011650E-02   0.000000E+00   1.797693+308
    12180       4663  -1.072490E-01  -2.446730E-02   3.138290E-02   0.000000E+00   1.797693+308
    16210       4664  -4.913790E-02   2.594220E-02   2.255340E-03   0.000000E+00   1.797693+308
    13144       4665   4.334940E-03  -1.350990E-02   2.353340E-02   0.000000E+00   1.797693+308
    20200       4666  -5.692360E-02  -1.080790E-02   5.104540E-02   0.000000E+00   1.797693+308
    15154       4667  -1.398120E-01  -2.237520E-02   3.997330E-02   0.000000E+00   1.797693+308
    12221       4668  -1.424120E-01  -2.604020E-02   3.887120E-02   0.000000E+00   1.797693+308
    12237       4669  -1.245850E-01   1.074350E-02  -4.344000E-03   0.000000E+00   1.797693+308
    13429       4670  -8.791000E-02  -1.646230E-02   5.587660E-02   0.000000E+00   1.797693+308
     4583       4671  -8.769850E-02  -8.397570E-03   5.336520E-02   0.000000E+00   1.797693+308
    14747       4672  -1.539370E-01  -1.056080E-02   1.494700E-02   0.000000E+00   1.797693+308
     3092       4673  -8.735010E-02   1.546780E-02   4.372550E-02   0.000000E+00   1.797693+308
     3402       4674  -1.411020E-01   1.284230E-02  -1.818930E-03   0.000000E+00   1.797693+308
    12452       4675  -3.603360E-02  -3.576300E-02   4.342230E-02   0.000000E+00   1.797693+308
    12295       4676  -1.215840E-01   3.577190E-02   8.302460E-03   0.000000E+00   1.797693+308
    12312       4677  -4.446640E-03  -1.123160E-02   1.549720E-02   0.000000E+00   1.797693+308
    12320       4678  -3.024220E-02  -3.578660E-02   4.349220E-02   0.000000E+00   1.797693+308
    12328       4679  -1.215510E-01   1.553980E-02  -6.637970E-03   0.000000E+00   1.797693+308
     2166       4680   3.974880E-03  -1.554730E-02   1.922820E-02   0.000000E+00   1.797693+308
    19963       4681  -3.528690E-02   2.760590E-02   8.039000E-03   0.000000E+00   1.797693+308
    15116       4682  -6.290180E-02   1.865780E-02   3.932790E-02   0.000000E+00   1.797693+308
    12366       4683  -6.239880E-02   2.899380E-02   3.217730E-02   0.000000E+00   1.797693+308
    14668       4684  -1.097350E-01   2.561470E-02  -7.120120E-03   0.000000E+00   1.797693+308
     2670       4685  -1.206040E-01   3.531130E-02   1.595990E-03   0.000000E+00   1.797693+308
    12399       4686  -9.481190E-02   3.693550E-02   7.316470E-03   0.000000E+00   1.797693+308
    12413       4687  -9.758450E-02   3.144690E-02   4.291460E-04   0.000000E+00   1.797693+308
    12430       4688  -8.547200E-02   1.909160E-02  -1.271220E-02   0.000000E+00   1.797693+308
    15766       4689  -8.648520E-02   2.496640E-02  -3.629930E-03   0.000000E+00   1.797693+308
    12456       4690  -3.681610E-02  -3.341050E-02   4.802070E-02   0.000000E+00   1.797693+308
    12464       4691   2.282840E-03  -9.261900E-03   2.720140E-02   0.000000E+00   1.797693+308
    12474       4692  -1.189680E-02  -2.102230E-02   2.978390E-02   1.051868E-01   1.797693+308
    12476       4693  -9.961240E-03  -1.356700E-02   2.879490E-02   0.000000E+00   1.797693+308
      500       4694  -5.691540E-02   6.453220E-03  -5.998310E-04   0.000000E+00   1.797693+308
    12502       4695  -1.349340E-01  -5.228610E-04   3.096150E-02   0.000000E+00   1.797693+308
    12508       4696  -1.314570E-01   9.272380E-03   2.475510E-02   0.000000E+00   1.797693+308
    12510       4697  -1.271300E-01  -4.825980E-03   1.104570E-02   0.000000E+00   1.797693+308
    12524       4698  -1.073300E-02  -1.063070E-02   1.495910E-02   0.000000E+00   1.797693+308
    15857       4699  -3.792830E-02   1.871980E-02  -3.072650E-03   0.000000E+00   1.797693+308
    19089       4700  -4.993120E-02   2.986080E-02   9.479800E-03   0.000000E+00   1.797693+308
    12556       4701  -1.379600E-01   2.018410E-03   1.996650E-03   0.000000E+00   1.797693+308
    12564       4702  -9.642750E-02  -2.084390E-02   5.090540E-02   0.000000E+00   1.797693+308
    12572       4703  -8.331720E-02  -1.671340E-02   4.921140E-02   0.000000E+00   1.797693+308
    12577       4704  -9.415640E-02  -3.228080E-02   3.261570E-02   0.000000E+00   1.797693+308
    19522       4705  -6.693530E-02   3.191010E-02   2.784900E-02   0.000000E+00   1.797693+308
    14691       4706   1.093800E-02  -6.492900E-03   2.120050E-02   0.000000E+00   1.797693+308
    12605       4707  -1.170420E-02   6.321270E-03   1.452150E-02   0.000000E+00   1.797693+308
    12610       4708  -2.854370E-02  -2.433480E-02   5.144240E-02   0.000000E+00   1.797693+308
    18175       4709  -6.501650E-02  -1.284800E-02   4.728030E-02   0.000000E+00   1.797693+308
    12626       4710  -6.474460E-02  -5.854020E-03   4.495210E-02   0.000000E+00   1.797693+308
    12634       4711  -1.413450E-01   4.488930E-03   2.334830E-02   0.000000E+00   1.797693+308
    12641       4712  -1.363400E-01   1.975400E-02   2.581300E-03   0.000000E+00   1.797693+308
    19110       4713  -2.374290E-02  -3.112620E-02   3.339020E-02   0.000000E+00   1.797693+308
    12652       4714  -5.995880E-02  -3.544470E-02   4.346300E-02   0.000000E+00   1.797693+308
    12668       4715  -1.333470E-02   1.077890E-02   1.596190E-02   0.000000E+00   1.797693+308
    12685       4716  -7.872520E-03  -3.012480E-02   3.816680E-02   1.285155E-07   1.797693+308
    15754       4717  -1.157560E-02  -2.386570E-02   3.778920E-02   0.000000E+00   1.797693+308
    15174       4718  -1.410220E-01  -2.964150E-02   3.742590E-02   0.000000E+00   1.797693+308
    12708       4719  -1.127990E-01  -1.530330E-02   4.875330E-02   0.000000E+00   1.797693+308
    12716       4720  -8.701760E-02  -3.194800E-02   5.260430E-02   0.000000E+00   1.797693+308
    12727       4721  -9.712450E-02   6.732800E-03   4.321220E-02   0.000000E+00   1.797693+308
    12739       4722  -9.964410E-02   2.329030E-02   3.790470E-02   0.000000E+00   1.797693+308
    15799       4723  -6.862130E-02   3.485350E-02   1.190730E-02   0.000000E+00   1.797693+308
    12749       4724  -5.621290E-02  -2.248440E-02   5.375910E-02   0.000000E+00   1.797693+308
    12774       4725  -4.416370E-02   1.625570E-02   4.048290E-02   0.000000E+00   1.797693+308
    18036       4726  -5.231480E-02   1.836280E-02   4.058990E-02   0.000000E+00   1.797693+308
    17146       4727  -1.364350E-01  -1.554290E-02   3.781090E-02   0.000000E+00   1.797693+308
    15641       4728  -1.389140E-01  -9.596660E-03   2.696630E-02   0.000000E+00   1.797693+308
     3535       4729  -1.369990E-01   3.487030E-02  -3.823890E-03   0.000000E+00   1.797693+308
     3245       4730  -1.571520E-02   2.035170E-02   3.184720E-03   0.000000E+00   1.797693+308
    19019       4731  -2.605870E-02   1.805040E-02  -1.068670E-03   0.000000E+00   1.797693+308
    12831       4732  -1.259260E-01   1.404430E-02   2.427730E-02   0.000000E+00   1.797693+308
    12841       4733  -9.849410E-02  -6.510470E-03   1.206840E-02   0.000000E+00   1.797693+308
    12851       4734  -1.110570E-01   1.168800E-02  -4.003870E-03   0.000000E+00   1.797693+308
    12862       4735  -1.289640E-01   4.433930E-03   8.119840E-04   0.000000E+00   1.797693+308
     1306       4736  -1.208380E-01  -1.777480E-02   2.100930E-02   0.000000E+00   1.797693+308
    12871       4737  -1.208930E-01  -7.601330E-04   4.127150E-02   0.000000E+00   1.797693+308
    12885       4738  -7.940570E-02   2.360720E-02   3.593670E-02   0.000000E+00   1.797693+308
    12899       4739  -7.827250E-02   8.952980E-03  -3.148900E-03   0.000000E+00   1.797693+308
    12913       4740  -8.138400E-02   3.092320E-02   3.497260E-03   0.000000E+00   1.797693+308
    12919       4741  -5.572360E-02  -2.087370E-02   2.429740E-02   0.000000E+00   1.797693+308
    12934       4742  -5.043220E-02  -3.774410E-04   4.512380E-02   0.000000E+00   1.797693+308
    12940       4743  -3.786190E-02  -1.607620E-02   1.948320E-02   0.000000E+00   1.797693+308
    12953       4744  -1.495910E-02  -3.712530E-04   3.257280E-02   0.000000E+00   1.797693+308
    12962       4745  -1.353210E-02   6.291420E-03   2.444070E-02   0.000000E+00   1.797693+308
    12968       4746  -9.141900E-02  -1.914190E-02   2.191550E-02   0.000000E+00   1.797693+308
    12985       4747  -8.000240E-02  -2.639530E-02   5.121880E-02   0.000000E+00   1.797693+308
    12993       4748  -4.633340E-02  -4.984660E-03   4.627380E-02   0.000000E+00   1.797693+308
    13005       4749  -5.539340E-02  -2.676630E-02   2.965330E-02   0.000000E+00   1.797693+308
    13016       4750  -4.618270E-02  -2.552990E-02   5.252690E-02   0.000000E+00   1.797693+308
    13027       4751  -3.452050E-02  -2.510310E-02   5.170610E-02   0.000000E+00   1.797693+308
    13037       4752  -3.324980E-02  -3.017270E-02   3.281230E-02   0.000000E+00   1.797693+308
    13044       4753  -1.082630E-01   1.553170E-02  -8.296640E-03   0.000000E+00   1.797693+308
    13056       4754  -1.079550E-01  -1.998050E-02   5.059760E-02   0.000000E+00   1.797693+308
    13071       4755  -1.185000E-01  -1.310350E-02   4.832530E-02   0.000000E+00   1.797693+308
    13087       4756  -1.201020E-01  -6.621000E-03   1.102090E-02   0.000000E+00   1.797693+308
    13095       4757  -1.178570E-01   9.479210E-03  -3.958250E-03   0.000000E+00   1.797693+308
    18121       4758  -2.479370E-02  -3.613320E-02   4.356440E-02   0.000000E+00   1.797693+308
    13121       4759  -4.240620E-02  -3.099450E-02   3.152430E-02   0.000000E+00   1.797693+308
     1694       4760  -6.890130E-02  -3.232470E-03   4.363810E-02   0.000000E+00   1.797693+308
    18006       4761  -5.659770E-04  -1.370930E-02   2.363990E-02   0.000000E+00   1.797693+308
    13153       4762  -1.604580E-01  -1.634220E-02   3.086340E-02   0.000000E+00   1.797693+308
    13162       4763   6.380550E-03  -2.415970E-02   3.010530E-02   0.000000E+00   1.797693+308
    13174       4764  -1.519250E-01   2.953690E-02  -1.258130E-02   0.000000E+00   1.797693+308
    13194       4765  -1.591960E-01   2.597790E-02  -7.804060E-03   0.000000E+00   1.797693+308
    13215       4766  -5.625480E-02  -1.715430E-02   5.166330E-02   0.000000E+00   1.797693+308
     3846       4767  -4.784850E-03  -1.850620E-02   2.418380E-02   1.152794E-05   1.797693+308
     1057       4768  -1.601870E-01  -2.430040E-02   2.641760E-02   0.000000E+00   1.797693+308
    13261       4769  -1.360690E-01  -1.918780E-02   4.695600E-02   0.000000E+00   1.797693+308
    13267       4770  -1.524690E-01   1.747790E-04   1.075830E-02   0.000000E+00   1.797693+308
    13306       4771  -6.157210E-02  -1.149710E-02   5.950380E-02   0.000000E+00   1.797693+308
    17512       4772  -5.727830E-02  -1.790120E-02   5.985800E-02   0.000000E+00   1.797693+308
     4631       4773  -5.798960E-02  -1.145970E-02   5.903550E-02   0.000000E+00   1.797693+308
    13321       4774  -3.095420E-02   1.412850E-02  -8.760630E-03   0.000000E+00   1.797693+308
    13346       4775  -5.129500E-03   1.931720E-02   2.519760E-03   0.000000E+00   1.797693+308
    13356       4776  -1.449830E-01  -1.379680E-02   1.951990E-02   0.000000E+00   1.797693+308
    15027       4777  -1.538400E-01   1.301030E-02   1.186220E-02   0.000000E+00   1.797693+308
    13383       4778  -1.576280E-01  -2.028030E-02   4.013000E-02   0.000000E+00   1.797693+308
    13400       4779  -5.936690E-02  -2.758490E-02   7.089660E-02   0.000000E+00   1.797693+308
    13425       4780  -9.011130E-02  -1.456670E-02   5.949050E-02   0.000000E+00   1.797693+308
    13448       4781  -4.141340E-02   1.127410E-02  -4.223170E-03   0.000000E+00   1.797693+308
    13466       4782   9.600630E-03  -2.115700E-02   2.560120E-02   0.000000E+00   1.797693+308
    13474       4783   1.273410E-02  -2.078830E-02   3.298620E-02   0.000000E+00   1.797693+308
    16838       4784  -8.645050E-02  -2.479730E-03   7.720180E-02   0.000000E+00   1.797693+308
     1729       4785  -6.023220E-02   9.149470E-04   7.117820E-02   0.000000E+00   1.797693+308
    13524       4786   1.000040E-02  -1.191410E-02   3.059760E-02   0.000000E+00   1.797693+308
    18662       4787   3.980760E-03   1.915360E-02   3.519420E-03   0.000000E+00   1.797693+308
     3775       4788  -1.458360E-01   2.590100E-02  -1.462250E-02   0.000000E+00   1.797693+308
    18060       4789  -1.553340E-01   2.307940E-02  -1.299230E-02   0.000000E+00   1.797693+308
    13588       4790  -1.223870E-01  -2.921300E-02   4.852540E-02   0.000000E+00   1.797693+308
    13625       4791  -9.042430E-02  -1.558500E-02   8.209190E-02   0.000000E+00   1.797693+308
    13641       4792  -8.968620E-02  -8.544380E-03   8.232480E-02   0.000000E+00   1.797693+308
    13663       4793  -6.165370E-02  -2.143530E-02   6.330210E-02   0.000000E+00   1.797693+308
    13675       4794  -5.764070E-02  -3.201640E-03   6.444170E-02   5.641991E-06   1.797693+308
    13684       4795  -1.486580E-02  -1.946650E-02   4.639510E-02   0.000000E+00   1.797693+308
    13688       4796  -1.559210E-01  -1.273680E-02   1.990100E-02   0.000000E+00   1.797693+308
    13704       4797  -1.396880E-01   2.217710E-02  -1.307350E-02   0.000000E+00   1.797693+308
    13734       4798   1.245620E-02  -1.905400E-02   3.873550E-02   0.000000E+00   1.797693+308
     2699       4799  -1.576950E-01  -2.499780E-02   3.475990E-02   0.000000E+00   1.797693+308
     3084       4800  -8.772190E-02   1.981340E-02   4.116100E-02   0.000000E+00   1.797693+308
    19935       4801  -5.029150E-02  -3.377640E-02   3.804900E-02   0.000000E+00   1.797693+308
    20011       4802  -1.371610E-02  -1.713710E-02   4.078960E-02   0.000000E+00   1.797693+308
    13782       4803  -6.538790E-05  -3.892070E-03   1.121610E-02   0.000000E+00   1.797693+308
    13788       4804   1.072890E-02   1.519040E-02   7.337310E-03   0.000000E+00   1.797693+308
     4288       4805  -7.321750E-02  -3.232740E-02   4.648940E-02   0.000000E+00   1.797693+308
    13835       4806  -5.831060E-02   1.899520E-02   4.897860E-02   0.000000E+00   1.797693+308
    17822       4807  -5.569030E-02   1.077690E-02   4.250800E-02   0.000000E+00   1.797693+308
    13865       4808  -5.788080E-02  -5.595920E-03   8.065700E-02   0.000000E+00   1.797693+308
    13887       4809   5.923640E-03  -2.642510E-02   4.476370E-02   0.000000E+00   1.797693+308
    16749       4810  -1.444920E-01  -2.812690E-02   3.134540E-02   1.000000E+00   3.545176E+03
    18695       4811  -1.502220E-01   3.428440E-02  -8.087200E-03   0.000000E+00   1.797693+308
    13907       4812  -1.333310E-01   3.631570E-02  -1.040330E-03   0.000000E+00   1.797693+308
    13927       4813  -1.567070E-01  -2.328020E-02   3.816840E-02   0.000000E+00   1.797693+308
    13967       4814  -8.893520E-02  -2.555700E-02   7.944650E-02   0.000000E+00   1.797693+308
    13996       4815  -6.142720E-02  -3.549540E-03   7.799560E-02   0.000000E+00   1.797693+308
    14002       4816  -3.466350E-03  -3.152150E-02   3.657320E-02   8.053572E-01   1.797693+308
    14012       4817  -5.318310E-03  -2.960640E-02   4.561660E-02   0.000000E+00   1.797693+308
    14042       4818  -1.953790E-02  -1.306050E-02   4.533670E-02   0.000000E+00   1.797693+308
    14048       4819  -1.032150E-01   2.341630E-02   3.251700E-02   0.000000E+00   1.797693+308
      755       4820  -1.057940E-01   5.260660E-03   3.457320E-02   0.000000E+00   1.797693+308
     1179       4821  -1.098110E-01   1.464360E-02   2.718130E-02   0.000000E+00   1.797693+308
    14061       4822  -8.624930E-02   1.091550E-02   4.160590E-02   0.000000E+00   1.797693+308
    14074       4823  -2.485210E-02   2.631600E-02   1.547130E-02   0.000000E+00   1.797693+308
    14083       4824  -3.241300E-02   2.001200E-04   1.203620E-02   0.000000E+00   1.797693+308
    14091       4825  -7.716410E-02  -9.803870E-03   4.308900E-02   0.000000E+00   1.797693+308
    14110       4826  -4.003370E-02  -1.464090E-02   4.903680E-02   0.000000E+00   1.797693+308
    16682       4827  -4.412910E-02  -1.864480E-02   3.019720E-02   0.000000E+00   1.797693+308
    18215       4828  -3.790880E-02  -2.178370E-02   2.415850E-02   0.000000E+00   1.797693+308
      963       4829  -5.006270E-02  -1.580000E-02   4.439790E-02   0.000000E+00   1.797693+308
    15590       4830  -6.245610E-02  -2.064140E-02   3.202690E-02   0.000000E+00   1.797693+308
     1251       4831  -7.858480E-02  -2.454830E-02   3.563930E-02   0.000000E+00   1.797693+308
     3976       4832  -6.471360E-02  -2.598060E-02   4.677200E-02   0.000000E+00   1.797693+308
     4393       4833  -7.578200E-02  -2.466810E-02   4.406750E-02   0.000000E+00   1.797693+308
    19184       4834  -7.080780E-02  -1.254900E-02   2.945800E-02   0.000000E+00   1.797693+308
     2606       4835  -7.507050E-02   2.432710E-04   3.502020E-02   0.000000E+00   1.797693+308
    19532       4836  -9.388550E-02  -6.574110E-03   2.079050E-02   0.000000E+00   1.797693+308
    16438       4837  -8.215940E-02  -9.056270E-03   2.285620E-02   0.000000E+00   1.797693+308
       65       4838  -2.235040E-02   5.417900E-05   1.435950E-02   0.000000E+00   1.797693+308
    14161       4839  -2.888000E-02   1.850290E-02   1.812870E-02   0.000000E+00   1.797693+308
     2180       4840  -3.912960E-02   3.045370E-02   1.920440E-02   0.000000E+00   1.797693+308
    14164       4841  -2.535030E-02   1.023460E-02   2.153430E-02   0.000000E+00   1.797693+308
    18022       4842  -1.689990E-02   1.013750E-02   2.186430E-02   0.000000E+00   1.797693+308
    18727       4843  -3.072700E-02   5.801660E-03   2.929380E-02   0.000000E+00   1.797693+308
    14187       4844  -2.463540E-02   5.500070E-03   3.072040E-02   0.000000E+00   1.797693+308
      715       4845  -3.939900E-02  -8.068430E-03   2.025190E-02   0.000000E+00   1.797693+308
    14193       4846  -2.813820E-02   1.061040E-02   3.552220E-03   0.000000E+00   1.797693+308
    14202       4847  -2.967500E-02   7.221610E-03   3.653950E-02   0.000000E+00   1.797693+308
    14211       4848  -2.878910E-02  -4.187450E-03   4.085990E-02   0.000000E+00   1.797693+308
    14221       4849  -2.758250E-02  -1.994860E-02   2.353560E-02   0.000000E+00   1.797693+308
    18704       4850  -4.302370E-02   9.143710E-03   8.706320E-03   0.000000E+00   1.797693+308
    14229       4851  -4.651830E-02   3.027860E-03   3.905080E-02   0.000000E+00   1.797693+308
    14243       4852  -3.924690E-02   5.658400E-03   4.171900E-02   0.000000E+00   1.797693+308
    20038       4853  -6.202640E-02   4.471710E-03   9.148710E-03   0.000000E+00   1.797693+308
    14251       4854  -4.826970E-02  -8.142240E-03   2.102130E-02   0.000000E+00   1.797693+308
    18904       4855  -6.413270E-02  -9.736190E-03   2.212010E-02   0.000000E+00   1.797693+308
    14258       4856  -6.556040E-02   4.099780E-03   3.694260E-02   0.000000E+00   1.797693+308
    14265       4857  -7.004840E-02   8.987820E-03   3.774680E-02   0.000000E+00   1.797693+308
    18921       4858  -6.929830E-02   2.226790E-02  -1.025980E-03   0.000000E+00   1.797693+308
    14279       4859  -6.886640E-02   3.650260E-03   3.262270E-03   0.000000E+00   1.797693+308
    16513       4860  -7.687570E-02  -1.207910E-03   1.522430E-02   0.000000E+00   1.797693+308
    14295       4861  -7.484340E-02  -3.899900E-03   7.760950E-03   0.000000E+00   1.797693+308
    16501       4862  -7.903020E-02   6.776510E-03   8.564860E-03   0.000000E+00   1.797693+308
    14307       4863  -9.979860E-02   7.628660E-03   9.350700E-03   0.000000E+00   1.797693+308
    14310       4864  -7.721730E-02   9.866590E-03   3.305040E-02   0.000000E+00   1.797693+308
    14315       4865  -6.952300E-02   2.257990E-02   3.437320E-02   0.000000E+00   1.797693+308
    16795       4866  -9.432350E-02   2.216580E-02   3.180730E-02   0.000000E+00   1.797693+308
     3342       4867  -7.515200E-02   3.540120E-02   1.767110E-02   0.000000E+00   1.797693+308
     3002       4868  -9.622000E-02  -5.011620E-03   4.166590E-02   0.000000E+00   1.797693+308
      268       4869  -9.216300E-02  -2.511190E-03   4.526190E-02   0.000000E+00   1.797693+308
    19572       4870  -1.034510E-01  -1.384970E-02   4.097840E-02   0.000000E+00   1.797693+308
    14361       4871  -1.204630E-01   8.738580E-03   3.285910E-02   0.000000E+00   1.797693+308
    14370       4872  -1.009960E-01  -1.651070E-02   2.556540E-02   0.000000E+00   1.797693+308
    14372       4873  -8.762050E-02   4.429590E-03   4.482840E-02   0.000000E+00   1.797693+308
    14386       4874  -8.318070E-02  -5.575700E-03   4.014860E-02   0.000000E+00   1.797693+308
    14388       4875  -1.109370E-01   2.093270E-03   1.400330E-02   0.000000E+00   1.797693+308
    14392       4876  -1.086560E-01   2.360910E-02   1.964890E-02   0.000000E+00   1.797693+308
    14397       4877  -1.336300E-02   1.445210E-02   6.735930E-03   0.000000E+00   1.797693+308
     3142       4878  -8.820060E-02   2.239240E-02   3.603180E-02   0.000000E+00   1.797693+308
    14405       4879  -8.242160E-02  -3.451060E-02   3.779620E-02   0.000000E+00   1.797693+308
    18713       4880  -8.055740E-02  -3.062270E-02   4.611510E-02   0.000000E+00   1.797693+308
    14437       4881  -9.880500E-02   3.757940E-02   1.521930E-02   0.000000E+00   1.797693+308
    15509       4882  -8.593320E-02   3.545940E-02   1.532910E-02   0.000000E+00   1.797693+308
    14991       4883  -1.298590E-01   2.810830E-02   2.035030E-04   0.000000E+00   1.797693+308
    14473       4884  -1.311990E-01   2.790710E-02   7.972140E-03   0.000000E+00   1.797693+308
    15734       4885  -1.305980E-01   1.618910E-02   1.199050E-02   0.000000E+00   1.797693+308
    14486       4886  -1.339240E-01  -9.896540E-03   3.475680E-02   0.000000E+00   1.797693+308
    18311       4887  -1.415810E-01  -1.860500E-02   2.389990E-02   1.000000E+00   3.836244E+03
    14952       4888  -1.298410E-01  -1.752500E-02   2.861250E-02   0.000000E+00   1.797693+308
     2771       4889  -1.219510E-02  -1.479600E-02   3.342840E-02   0.000000E+00   1.797693+308
     2772       4890  -1.563000E-02  -1.089630E-02   3.571640E-02   0.000000E+00   1.797693+308
    20320       4891  -6.022250E-02   2.704540E-03   4.690660E-02   0.000000E+00   1.797693+308
    19881       4892  -5.072510E-02  -2.873400E-02   5.096540E-02   0.000000E+00   1.797693+308
     4646       4893   1.048680E-03  -4.042740E-03   2.312350E-02   0.000000E+00   1.797693+308
    18333       4894  -2.618140E-03   3.301830E-03   2.507360E-02   0.000000E+00   1.797693+308
    17174       4895  -6.022880E-02   3.161010E-02   1.513690E-02   0.000000E+00   1.797693+308
    14561       4896  -1.760900E-02  -5.118110E-03   3.707480E-02   0.000000E+00   1.797693+308
    14934       4897  -5.926470E-02  -2.789950E-02   3.830290E-02   0.000000E+00   1.797693+308
    14581       4898  -1.008670E-01   1.559420E-02   3.354330E-02   0.000000E+00   1.797693+308
     2858       4899  -8.858520E-02  -2.544440E-02   5.223130E-02   0.000000E+00   1.797693+308
    14590       4900  -1.290060E-01   2.333900E-02  -7.426660E-03   0.000000E+00   1.797693+308
     1328       4901  -1.363200E-01   1.644440E-02   8.438390E-03   0.000000E+00   1.797693+308
    19489       4902  -1.409850E-01   1.136640E-02   9.448080E-03   0.000000E+00   1.797693+308
    14611       4903  -1.510560E-01   9.503170E-03   1.333540E-03   0.000000E+00   1.797693+308
    14627       4904  -1.547830E-01   1.231610E-02  -6.953790E-04   0.000000E+00   1.797693+308
    16353       4905  -4.246230E-02   1.508170E-02   2.779330E-02   0.000000E+00   1.797693+308
    14639       4906  -5.117590E-03  -1.125360E-02   2.587170E-02   0.000000E+00   1.797693+308
    14650       4907  -1.109160E-02  -3.517290E-03   3.011770E-02   0.000000E+00   1.797693+308
    18549       4908  -1.141690E-01   2.082470E-02  -8.736190E-03   0.000000E+00   1.797693+308
    19179       4909  -1.835520E-02   1.622750E-02   1.367600E-02   0.000000E+00   1.797693+308
    17184       4910  -4.953690E-02   3.056260E-02   1.796130E-02   0.000000E+00   1.797693+308
    18561       4911   5.767510E-03  -6.926100E-03   2.693410E-02   0.000000E+00   1.797693+308
    14699       4912  -1.654850E-02  -2.661530E-02   3.618720E-02   0.000000E+00   1.797693+308
    14706       4913  -1.130700E-01  -2.958310E-02   4.444220E-02   0.000000E+00   1.797693+308
    14733       4914  -1.126110E-01  -2.815650E-02   5.366660E-02   0.000000E+00   1.797693+308
    14737       4915  -1.312590E-01  -1.260150E-02   4.205340E-02   0.000000E+00   1.797693+308
    14744       4916  -1.474280E-01  -8.353790E-03   1.759180E-02   0.000000E+00   1.797693+308
    14749       4917  -1.338720E-01   1.251900E-02  -5.736730E-03   0.000000E+00   1.797693+308
    14772       4918  -1.361460E-01  -2.655400E-02   2.758090E-02   4.967522E-06   1.797693+308
    14777       4919  -1.020260E-02  -2.207300E-02   2.622120E-02   1.203498E-01   1.797693+308
    14792       4920  -3.765750E-02  -4.293560E-03   3.922710E-02   0.000000E+00   1.797693+308
     2280       4921  -6.452070E-03  -3.075690E-03   2.350330E-02   0.000000E+00   1.797693+308
    14814       4922  -1.410490E-02   8.865990E-03   1.004590E-02   0.000000E+00   1.797693+308
     2540       4923   5.253800E-03  -6.480280E-03   1.911920E-02   0.000000E+00   1.797693+308
    14827       4924  -1.219760E-02   2.110840E-03   3.084730E-03   0.000000E+00   1.797693+308
    14844       4925  -1.283010E-02   9.236140E-03  -8.639110E-04   0.000000E+00   1.797693+308
    15155       4926  -1.340790E-01  -2.892740E-02   4.052930E-02   0.000000E+00   1.797693+308
      563       4927  -7.498930E-02   2.844410E-02   2.466520E-02   0.000000E+00   1.797693+308
    14868       4928  -1.050880E-01  -2.965300E-02   4.028910E-02   0.000000E+00   1.797693+308
      305       4929  -2.420440E-02  -2.833720E-02   4.323020E-02   0.000000E+00   1.797693+308
    14883       4930  -9.710270E-02  -2.826960E-02   4.298410E-02   0.000000E+00   1.797693+308
    18830       4931  -1.474030E-01   1.049350E-02   8.731480E-03   0.000000E+00   1.797693+308
    14892       4932  -1.444310E-01   9.045360E-03   3.599110E-03   0.000000E+00   1.797693+308
    14895       4933  -1.421470E-01   1.219910E-02   4.096190E-03   0.000000E+00   1.797693+308
    15860       4934  -5.133790E-02   1.642840E-02   9.001570E-04   0.000000E+00   1.797693+308
    16085       4935  -1.539670E-01  -5.941730E-03   1.911090E-02   0.000000E+00   1.797693+308
    14918       4936  -1.175030E-02   2.095530E-03   2.264980E-02   0.000000E+00   1.797693+308
     3229       4937  -1.304800E-01  -2.217800E-02   4.417650E-02   0.000000E+00   1.797693+308
    14941       4938  -5.629210E-02  -2.705540E-02   4.670740E-02   0.000000E+00   1.797693+308
    15646       4939  -1.360390E-01  -1.046330E-02   1.716370E-02   0.000000E+00   1.797693+308
    20281       4940  -1.360760E-01  -1.459470E-02   2.573870E-02   7.799092E-06   1.797693+308
     1995       4941  -9.265440E-02  -1.404730E-02   4.517670E-02   0.000000E+00   1.797693+308
    14966       4942  -1.426450E-01   9.106030E-04   9.356620E-03   0.000000E+00   1.797693+308
    17082       4943  -1.462130E-01  -1.111430E-02   1.388180E-02   0.000000E+00   1.797693+308
    14987       4944  -1.291020E-01   4.969360E-03   9.819900E-03   0.000000E+00   1.797693+308
    17645       4945  -1.323500E-01   3.315390E-02   4.114760E-03   0.000000E+00   1.797693+308
    17154       4946  -1.289810E-01  -4.138440E-03   3.309920E-02   0.000000E+00   1.797693+308
    18981       4947  -1.541740E-01   1.720270E-03   1.872360E-02   0.000000E+00   1.797693+308
    16136       4948  -1.476540E-01   7.775280E-03   1.505410E-02   0.000000E+00   1.797693+308
    15041       4949  -1.008230E-01   2.316380E-02  -5.170250E-03   0.000000E+00   1.797693+308
    15045       4950  -1.166390E-02  -1.401980E-02   2.378500E-02   0.000000E+00   1.797693+308
     3681       4951  -9.582720E-02   2.954840E-02   2.016310E-02   0.000000E+00   1.797693+308
    17093       4952  -1.468050E-01  -2.157090E-03   2.372290E-02   0.000000E+00   1.797693+308
    15068       4953  -9.008730E-02   1.099730E-02  -3.948410E-03   0.000000E+00   1.797693+308
    17102       4954  -2.328090E-02  -1.935500E-02   3.120090E-02   0.000000E+00   1.797693+308
     2315       4955  -2.304900E-02  -1.023580E-02   2.363350E-02   0.000000E+00   1.797693+308
    16078       4956  -1.595280E-01  -1.248340E-03   2.184480E-02   0.000000E+00   1.797693+308
    15999       4957  -1.100240E-01   3.094160E-02   6.726270E-03   0.000000E+00   1.797693+308
    15111       4958  -1.554180E-01  -2.094760E-02   2.146530E-02   0.000000E+00   1.797693+308
    15117       4959  -5.620550E-02   2.232510E-02   3.591380E-02   0.000000E+00   1.797693+308
    17129       4960  -1.360910E-01  -2.473320E-02   3.373640E-02   3.176717E-07   1.797693+308
     3405       4961  -1.219730E-01  -2.677120E-02   3.940510E-02   0.000000E+00   1.797693+308
    15990       4962  -1.354020E-01  -2.301990E-02   4.071310E-02   0.000000E+00   1.797693+308
    15168       4963  -1.389590E-01  -2.452850E-02   3.726550E-02   0.000000E+00   1.797693+308
    15187       4964  -4.001070E-02  -2.989500E-02   4.072540E-02   0.000000E+00   1.797693+308
     2274       4965  -6.576880E-03  -5.567350E-03   1.782500E-02   0.000000E+00   1.797693+308
    15196       4966  -1.199610E-01   2.510350E-02  -3.036370E-03   0.000000E+00   1.797693+308
    15856       4967  -3.955110E-02   2.118370E-02   4.464590E-03   0.000000E+00   1.797693+308
    15816       4968  -6.046580E-02   1.321260E-02   3.822660E-02   0.000000E+00   1.797693+308
    15232       4969  -6.284800E-02   2.459340E-02   3.114320E-02   0.000000E+00   1.797693+308
    15769       4970  -8.378080E-02   1.788480E-02  -2.010210E-03   0.000000E+00   1.797693+308
    15243       4971  -1.459930E-02  -1.791960E-02   2.946010E-02   0.000000E+00   1.797693+308
    20177       4972  -1.351150E-01  -5.782000E-03   2.940000E-02   0.000000E+00   1.797693+308
    15252       4973  -1.309340E-01   1.152850E-02   1.896910E-02   0.000000E+00   1.797693+308
    15261       4974  -1.351320E-01   8.351660E-03   2.085520E-02   0.000000E+00   1.797693+308
    15715       4975  -1.261400E-01   3.323280E-03   2.065300E-02   0.000000E+00   1.797693+308
    15679       4976  -1.401130E-02  -2.889690E-03   1.863650E-02   0.000000E+00   1.797693+308
    15302       4977  -8.934360E-02  -2.047860E-02   4.805680E-02   0.000000E+00   1.797693+308
    15282       4978  -8.363920E-02  -1.553230E-02   4.292910E-02   0.000000E+00   1.797693+308
    15295       4979  -8.658890E-02  -1.288080E-02   4.950280E-02   0.000000E+00   1.797693+308
    15312       4980   7.909650E-03  -1.667870E-03   2.027420E-02   0.000000E+00   1.797693+308
    15321       4981  -6.006720E-02  -8.820600E-03   4.288130E-02   0.000000E+00   1.797693+308
    17096       4982  -1.411680E-01  -3.632940E-04   2.399880E-02   0.000000E+00   1.797693+308
    15339       4983  -1.309350E-01   2.110180E-02   5.336700E-03   0.000000E+00   1.797693+308
    15362       4984  -8.638540E-03  -3.221270E-02   3.483550E-02   9.086367E-06   1.797693+308
    18890       4985  -7.371460E-02   3.123210E-02   7.077370E-03   0.000000E+00   1.797693+308
    15389       4986  -6.034980E-02  -1.965410E-02   5.086100E-02   0.000000E+00   1.797693+308
    15394       4987  -1.209410E-01   1.299470E-02   1.597150E-02   0.000000E+00   1.797693+308
    15403       4988  -1.224020E-01   7.720660E-03   2.405950E-03   0.000000E+00   1.797693+308
    15416       4989  -1.173030E-01  -8.374880E-03   3.929790E-02   0.000000E+00   1.797693+308
    15514       4990  -8.505040E-02   2.272410E-02   3.214980E-02   0.000000E+00   1.797693+308
       12       4991  -5.554790E-02  -1.321100E-02   2.551950E-02   0.000000E+00   1.797693+308
    15670       4992  -9.119870E-02  -1.767000E-02   3.117250E-02   0.000000E+00   1.797693+308
    15442       4993  -3.273720E-02  -2.809550E-02   4.693030E-02   0.000000E+00   1.797693+308
    18253       4994  -1.214030E-01  -7.761470E-04   8.623810E-03   0.000000E+00   1.797693+308
     1938       4995  -1.163740E-01   6.410180E-03   8.818600E-03   0.000000E+00   1.797693+308
    18753       4996  -1.176290E-01  -2.986930E-03   1.602260E-02   0.000000E+00   1.797693+308
    15481       4997  -3.129930E-02  -2.653930E-02   3.809280E-02   0.000000E+00   1.797693+308
     2094       4998  -8.889870E-02  -2.451580E-02   4.109810E-02   0.000000E+00   1.797693+308
     4164       4999  -9.900900E-02  -2.191380E-02   3.500730E-02   0.000000E+00   1.797693+308
    16321       5000  -5.601620E-02  -4.456100E-04   2.804550E-02   0.000000E+00   1.797693+308
    16921       5001  -5.976380E-02  -8.372940E-03   3.440040E-02   0.000000E+00   1.797693+308
    18908       5002  -8.559970E-02   2.567940E-02   2.272780E-02   0.000000E+00   1.797693+308
    15512       5003  -8.306890E-02   1.528670E-02   3.496080E-02   0.000000E+00   1.797693+308
    15521       5004  -7.628240E-02   2.020380E-02   2.999020E-02   0.000000E+00   1.797693+308
    15537       5005  -1.147860E-01   5.801330E-04   3.626060E-02   0.000000E+00   1.797693+308
    17157       5006  -1.248560E-01  -1.554750E-02   4.211530E-02   0.000000E+00   1.797693+308
    15555       5007  -1.138910E-01  -2.016980E-02   3.859980E-02   0.000000E+00   1.797693+308
    15738       5008  -1.190860E-01  -1.233520E-02   2.732390E-02   0.000000E+00   1.797693+308
    17254       5009  -1.287680E-01   1.233280E-02   3.198890E-03   0.000000E+00   1.797693+308
    15572       5010  -1.198340E-01   1.594420E-02   8.468070E-04   0.000000E+00   1.797693+308
    15588       5011  -1.145910E-01   1.991930E-02   2.039460E-02   0.000000E+00   1.797693+308
    17220       5012  -6.148220E-02  -1.876220E-02   4.397790E-02   0.000000E+00   1.797693+308
    19985       5013  -6.789610E-02   2.235810E-02   9.401150E-03   0.000000E+00   1.797693+308
    20157       5014  -7.960190E-02   2.319810E-02   7.899070E-03   0.000000E+00   1.797693+308
     1635       5015  -1.298770E-01   2.039800E-02  -1.428700E-03   0.000000E+00   1.797693+308
    17099       5016  -1.460430E-01   1.753900E-05   1.796170E-02   0.000000E+00   1.797693+308
    15632       5017  -1.385980E-01   4.489790E-03   1.839500E-02   0.000000E+00   1.797693+308
    15641       5018  -1.375360E-01  -7.154940E-03   2.388050E-02   0.000000E+00   1.797693+308
    15651       5019  -5.424160E-02  -1.897170E-03   4.158870E-02   0.000000E+00   1.797693+308
    15659       5020  -5.432040E-02  -9.441860E-03   4.444150E-02   0.000000E+00   1.797693+308
    15672       5021  -8.841110E-02  -9.115810E-03   4.224580E-02   0.000000E+00   1.797693+308
    15678       5022  -7.305310E-02  -1.707360E-02   3.852600E-02   0.000000E+00   1.797693+308
     2774       5023  -1.469710E-02  -7.086930E-03   2.622200E-02   0.000000E+00   1.797693+308
    15688       5024  -1.602380E-02   4.841070E-03   1.697750E-02   0.000000E+00   1.797693+308
    15702       5025  -2.079200E-02   1.863020E-03   2.564650E-02   0.000000E+00   1.797693+308
    17076       5026  -1.218220E-01  -1.231760E-03   2.841010E-02   0.000000E+00   1.797693+308
    20176       5027  -1.330480E-01  -1.338170E-03   2.496640E-02   0.000000E+00   1.797693+308
    15737       5028  -1.348240E-01   1.592310E-02   1.657060E-02   0.000000E+00   1.797693+308
    15741       5029  -1.303190E-01  -1.171860E-02   2.796690E-02   0.000000E+00   1.797693+308
    15754       5030  -1.430170E-02  -2.281130E-02   3.209550E-02   0.000000E+00   1.797693+308
    17285       5031  -9.529350E-02   1.847390E-02   1.593250E-03   0.000000E+00   1.797693+308
    15770       5032  -8.838050E-02   1.104110E-02   5.443980E-03   0.000000E+00   1.797693+308
    15812       5033  -5.396850E-02   2.151640E-02   2.879120E-02   0.000000E+00   1.797693+308
    20144       5034  -6.520680E-02   1.355410E-02   3.020680E-02   0.000000E+00   1.797693+308
    20146       5035  -6.719190E-02   2.539880E-02   2.240700E-02   0.000000E+00   1.797693+308
    15807       5036  -5.322160E-02   1.409660E-02   3.533690E-02   0.000000E+00   1.797693+308
    15821       5037  -5.797580E-02   7.295480E-03   3.785800E-02   0.000000E+00   1.797693+308
     3359       5038  -4.093280E-02   2.226240E-02   1.507880E-02   0.000000E+00   1.797693+308
    15837       5039  -2.854070E-02   2.060670E-02   1.051660E-02   0.000000E+00   1.797693+308
    18726       5040  -3.718120E-02   1.284540E-02   1.327830E-03   0.000000E+00   1.797693+308
    15871       5041  -1.094000E-01   2.300620E-02   6.312290E-04   0.000000E+00   1.797693+308
    15892       5042  -1.262120E-01   2.964180E-02  -6.581010E-03   0.000000E+00   1.797693+308
    15903       5043  -1.190160E-01   2.758060E-02   5.992630E-03   0.000000E+00   1.797693+308
    15911       5044  -1.582910E-03  -8.665710E-03   2.194730E-02   0.000000E+00   1.797693+308
      961       5045  -4.058810E-02  -1.774760E-02   4.116540E-02   0.000000E+00   1.797693+308
    16681       5046  -4.826760E-02  -2.539890E-02   3.626630E-02   0.000000E+00   1.797693+308
     3180       5047  -4.727740E-02  -2.557440E-02   4.548030E-02   0.000000E+00   1.797693+308
    15991       5048  -1.309070E-01  -1.880120E-02   3.943630E-02   0.000000E+00   1.797693+308
    15977       5049  -1.160820E-01  -2.913560E-02   3.196680E-02   0.000000E+00   1.797693+308
    17130       5050  -1.312980E-01  -2.100180E-02   3.339690E-02   0.000000E+00   1.797693+308
    16409       5051  -1.008560E-01   2.753340E-02   9.282080E-03   0.000000E+00   1.797693+308
    19316       5052  -1.143120E-01   2.713860E-02   1.472980E-02   0.000000E+00   1.797693+308
    16424       5053  -1.055290E-01   3.389260E-02   1.302650E-02   0.000000E+00   1.797693+308
    18856       5054  -3.113600E-02  -2.283010E-03   2.074590E-02   0.000000E+00   1.797693+308
    16030       5055  -3.436320E-02  -1.302660E-02   2.953790E-02   0.000000E+00   1.797693+308
     4073       5056  -2.121810E-02  -6.490180E-03   3.260890E-02   0.000000E+00   1.797693+308
    16064       5057  -2.769570E-02  -1.260990E-02   4.103220E-02   0.000000E+00   1.797693+308
     3499       5058  -1.874830E-02  -1.995290E-02   4.199040E-02   0.000000E+00   1.797693+308
    16096       5059  -1.520430E-01  -2.716060E-03   2.348040E-02   0.000000E+00   1.797693+308
     3480       5060  -9.793640E-02   3.212320E-02   2.575010E-02   0.000000E+00   1.797693+308
    16120       5061  -9.218890E-02   3.076460E-02   1.218960E-02   0.000000E+00   1.797693+308
    16134       5062  -1.456040E-01   1.017150E-02   1.880730E-02   0.000000E+00   1.797693+308
    16146       5063  -1.388050E-01   7.131920E-03   4.862820E-03   0.000000E+00   1.797693+308
    17306       5064  -1.412630E-01  -1.238950E-02   1.721170E-02   0.000000E+00   1.797693+308
    16180       5065  -1.317070E-01  -1.479390E-02   2.112460E-02   0.000000E+00   1.797693+308
    16198       5066  -9.020730E-03   5.306770E-03   1.912040E-02   0.000000E+00   1.797693+308
    17177       5067  -5.273060E-02   2.187740E-02   9.969630E-03   0.000000E+00   1.797693+308
    16577       5068  -5.520920E-02   8.760120E-03   4.328630E-03   0.000000E+00   1.797693+308
     2869       5069  -8.736910E-02  -2.947950E-02   4.608420E-02   0.000000E+00   1.797693+308
    16236       5070  -1.042930E-01  -2.329390E-02   4.297800E-02   0.000000E+00   1.797693+308
      296       5071  -2.568090E-02  -3.452790E-02   3.892520E-02   0.000000E+00   1.797693+308
     4070       5072  -2.630210E-02  -1.955020E-02   4.484440E-02   0.000000E+00   1.797693+308
    16296       5073  -1.803960E-02   1.011470E-02   3.664570E-03   0.000000E+00   1.797693+308
    20201       5074  -1.728350E-02   3.119860E-03   6.219500E-03   0.000000E+00   1.797693+308
     1457       5075   1.612190E-06  -7.341950E-03   1.732590E-02   0.000000E+00   1.797693+308
    19539       5076  -4.797900E-02  -5.969810E-03   3.978890E-02   0.000000E+00   1.797693+308
     4423       5077  -4.687260E-02   2.449430E-02   2.390760E-02   0.000000E+00   1.797693+308
    16345       5078  -8.375630E-03  -8.069990E-03   2.675230E-02   0.000000E+00   1.797693+308
    16356       5079  -3.585900E-02   1.197280E-02   2.198030E-02   0.000000E+00   1.797693+308
    16360       5080  -3.749220E-02   7.614130E-03   3.286200E-02   0.000000E+00   1.797693+308
    16379       5081  -1.546500E-01   6.810700E-03   2.453910E-03   0.000000E+00   1.797693+308
    16384       5082  -1.353160E-01   1.403980E-02   4.034110E-03   0.000000E+00   1.797693+308
    16703       5083  -9.425880E-02   9.066890E-03   3.685070E-02   0.000000E+00   1.797693+308
    16394       5084  -9.934560E-02   1.821480E-02   2.413950E-02   0.000000E+00   1.797693+308
    16803       5085  -9.081800E-02   1.527980E-02   3.439970E-02   0.000000E+00   1.797693+308
     2026       5086  -1.033490E-01   2.786160E-02   2.374580E-02   0.000000E+00   1.797693+308
    16429       5087  -1.024620E-01  -5.593880E-04   1.885410E-02   0.000000E+00   1.797693+308
     2993       5088  -8.975550E-02  -1.225560E-03   4.026890E-02   0.000000E+00   1.797693+308
    16437       5089  -8.710700E-02  -2.771710E-03   3.171160E-02   0.000000E+00   1.797693+308
     3991       5090  -1.091940E-01  -8.619180E-03   2.999400E-02   0.000000E+00   1.797693+308
    16474       5091  -8.621070E-02  -4.640050E-03   4.684600E-02   0.000000E+00   1.797693+308
    16484       5092  -9.712110E-02   2.736840E-03   3.909140E-02   0.000000E+00   1.797693+308
    19005       5093  -8.405530E-02   5.315030E-03   3.652040E-02   0.000000E+00   1.797693+308
     1354       5094  -8.911790E-02   1.329320E-03   1.491190E-02   0.000000E+00   1.797693+308
     3634       5095  -7.077700E-02   2.260390E-03   1.085720E-02   0.000000E+00   1.797693+308
      381       5096  -7.378280E-02  -8.390180E-03   1.970730E-02   0.000000E+00   1.797693+308
    16548       5097  -7.551410E-02   1.408850E-02   7.901760E-04   0.000000E+00   1.797693+308
    16558       5098  -6.764470E-02  -5.577520E-03   3.872530E-02   0.000000E+00   1.797693+308
    16569       5099  -5.729800E-02  -6.873660E-03   1.838530E-02   0.000000E+00   1.797693+308
    16625       5100  -5.216360E-02   2.638740E-03   1.406410E-02   0.000000E+00   1.797693+308
    16879       5101  -6.564260E-02   1.399880E-02   1.223190E-03   0.000000E+00   1.797693+308
    16607       5102  -4.551980E-02   1.055820E-02   3.698010E-02   0.000000E+00   1.797693+308
    18969       5103  -4.177980E-02   2.414900E-03   1.970390E-02   0.000000E+00   1.797693+308
    16630       5104  -2.513310E-02   7.846800E-03  -1.770810E-03   0.000000E+00   1.797693+308
    16666       5105  -8.032120E-02  -2.679260E-02   2.946710E-02   0.000000E+00   1.797693+308
    16669       5106  -5.387940E-02  -2.022620E-02   4.713790E-02   0.000000E+00   1.797693+308
    16687       5107  -4.415400E-02  -2.442930E-02   2.627200E-02   0.000000E+00   1.797693+308
    16705       5108  -9.234410E-02   8.746570E-03   4.199130E-02   0.000000E+00   1.797693+308
     3037       5109  -1.091060E-01   1.058960E-02   3.950330E-02   0.000000E+00   1.797693+308
    16746       5110  -1.436090E-01  -2.849950E-02   2.795300E-02   1.000000E+00   2.722682E+01
    16774       5111  -1.412560E-01  -3.086640E-02   3.135320E-02   2.321845E-07   1.797693+308
    16783       5112  -5.790750E-02   2.245280E-02   4.651560E-02   0.000000E+00   1.797693+308
    16807       5113  -9.234880E-02   2.070170E-02   3.999280E-02   0.000000E+00   1.797693+308
    19253       5114  -1.429300E-02  -2.028080E-02   5.097650E-02   0.000000E+00   1.797693+308
    16823       5115   1.184120E-02  -1.286470E-02   2.594000E-02   0.000000E+00   1.797693+308
    16838       5116  -9.018020E-02  -3.070490E-03   7.745830E-02   0.000000E+00   1.797693+308
     3758       5117  -5.293160E-02   1.227710E-02   1.905920E-02   0.000000E+00   1.797693+308
     3617       5118  -6.714400E-02   1.232190E-02   1.296310E-02   0.000000E+00   1.797693+308
    16878       5119  -6.085770E-02   2.151400E-02   1.588740E-03   0.000000E+00   1.797693+308
    16894       5120  -6.440670E-02  -4.057070E-03   1.385140E-02   0.000000E+00   1.797693+308
    16913       5121  -6.550380E-02  -1.371070E-02   4.023950E-02   0.000000E+00   1.797693+308
    16934       5122  -6.012090E-02   2.903020E-04   4.018430E-02   0.000000E+00   1.797693+308
    16953       5123  -9.614360E-02   6.566540E-03   2.772090E-02   0.000000E+00   1.797693+308
     4453       5124  -9.236170E-02   1.461320E-02   1.548000E-02   0.000000E+00   1.797693+308
     3384       5125  -1.387690E-01   1.257520E-02   2.043300E-03   0.000000E+00   1.797693+308
    19057       5126  -1.508100E-01   6.860670E-03   6.748150E-03   0.000000E+00   1.797693+308
     2910       5127  -1.414750E-02   5.050220E-04   1.317160E-02   0.000000E+00   1.797693+308
    17038       5128  -2.094170E-02   1.030930E-02   1.454800E-02   0.000000E+00   1.797693+308
    17055       5129  -1.332060E-02   1.035860E-02   3.923350E-03   0.000000E+00   1.797693+308
    17069       5130  -9.355520E-02  -2.621720E-02   4.923910E-02   0.000000E+00   1.797693+308
     4555       5131  -1.297010E-01  -6.765840E-03   2.312290E-02   0.000000E+00   1.797693+308
    17081       5132  -1.428640E-01  -6.172980E-03   1.833580E-02   0.000000E+00   1.797693+308
    17103       5133  -1.597540E-02  -1.841830E-02   3.612280E-02   0.000000E+00   1.797693+308
    17289       5134  -1.110910E-01   1.776450E-02   8.698470E-03   0.000000E+00   1.797693+308
    17124       5135  -1.357380E-01  -1.797470E-02   3.298890E-02   0.000000E+00   1.797693+308
    17144       5136  -1.294020E-01  -1.404500E-02   3.448900E-02   0.000000E+00   1.797693+308
     3341       5137  -7.581620E-02   2.856060E-02   1.633280E-02   0.000000E+00   1.797693+308
     4335       5138  -5.931290E-02   2.434870E-02   2.227210E-02   0.000000E+00   1.797693+308
    17190       5139  -1.146330E-01   4.717900E-03   2.567800E-02   0.000000E+00   1.797693+308
    17225       5140  -5.702770E-02  -1.416790E-02   4.690810E-02   0.000000E+00   1.797693+308
    17239       5141  -1.353260E-01  -2.480300E-03   1.640300E-02   0.000000E+00   1.797693+308
    17259       5142  -1.288610E-01   8.051250E-03  -3.041660E-03   0.000000E+00   1.797693+308
     4156       5143  -9.332540E-02  -2.719820E-02   3.525570E-02   0.000000E+00   1.797693+308
     1928       5144  -1.073620E-01   9.801170E-03   5.254650E-03   0.000000E+00   1.797693+308
     4666       5145  -8.718970E-02  -2.138840E-02   6.388540E-02   0.000000E+00   1.797693+308
     4653       5146  -5.811670E-02  -2.088250E-02   7.918360E-02   1.030751E-05   1.797693+308
     4639       5147  -3.660420E-03  -5.651550E-03   2.645470E-02   0.000000E+00   1.797693+308
     2801       5148  -5.801990E-02  -7.850930E-03   5.676690E-02   0.000000E+00   1.797693+308
     4615       5149   1.150410E-03  -3.120240E-02   4.150060E-02   0.000000E+00   1.797693+308
     4595       5150  -8.917540E-02  -8.225500E-03   5.622140E-02   0.000000E+00   1.797693+308
     4570       5151  -8.577440E-02  -2.193150E-02   5.391590E-02   0.000000E+00   1.797693+308
     4558       5152  -1.345330E-01  -1.002850E-02   2.743230E-02   0.000000E+00   1.797693+308
     4546       5153  -1.224910E-01  -1.034860E-02   1.909170E-02   0.000000E+00   1.797693+308
     4530       5154  -1.348500E-01   8.662530E-03   1.366620E-02   0.000000E+00   1.797693+308
     4491       5155  -5.591460E-02   2.996980E-02   2.956700E-02   0.000000E+00   1.797693+308
     4481       5156  -6.133210E-02  -2.084100E-02   5.572650E-02   0.000000E+00   1.797693+308
    20041       5157  -8.778960E-02  -2.803070E-02   7.329690E-02   0.000000E+00   1.797693+308
     4456       5158  -8.754240E-02   1.301740E-02   2.588430E-02   0.000000E+00   1.797693+308
     4437       5159  -3.981070E-02   2.091280E-02   3.000060E-02   0.000000E+00   1.797693+308
     4402       5160  -6.056380E-02  -3.051900E-02   3.191460E-02   0.000000E+00   1.797693+308
     4389       5161  -7.367040E-02  -2.152840E-02   4.938850E-02   0.000000E+00   1.797693+308
      241       5162  -5.752590E-02  -1.393260E-02   8.699850E-02   0.000000E+00   1.797693+308
     4364       5163  -8.814200E-02  -2.615500E-02   6.095880E-02   0.000000E+00   1.797693+308
     4347       5164  -7.897060E-02   2.899620E-02   3.468670E-02   0.000000E+00   1.797693+308
     4329       5165  -6.186990E-02   1.926720E-02   3.330340E-02   0.000000E+00   1.797693+308
     4302       5166  -6.167710E-02   2.308760E-02   4.162430E-02   0.000000E+00   1.797693+308
     4289       5167  -7.533740E-02  -3.279480E-02   5.287080E-02   0.000000E+00   1.797693+308
     4283       5168  -9.724770E-02  -2.721010E-02   2.943190E-02   0.000000E+00   1.797693+308
     4264       5169  -5.254220E-03  -6.230070E-03   3.234040E-02   0.000000E+00   1.797693+308
     4238       5170  -7.041960E-02  -2.423530E-02   2.972340E-02   0.000000E+00   1.797693+308
     3355       5171  -3.720280E-02   3.094100E-02   1.205380E-02   0.000000E+00   1.797693+308
     1655       5172  -1.169580E-02  -2.491310E-02   5.455420E-02   0.000000E+00   1.797693+308
     4202       5173  -6.555830E-02   1.730760E-02  -1.131020E-02   0.000000E+00   1.797693+308
    20108       5174  -8.530030E-03   8.117990E-03  -3.063640E-03   0.000000E+00   1.797693+308
    19691       5175  -9.475290E-02  -2.102180E-02   4.403860E-02   0.000000E+00   1.797693+308
     1633       5176  -1.336540E-01   1.713290E-02  -1.005620E-03   0.000000E+00   1.797693+308
     4139       5177  -1.471410E-02  -2.535180E-02   5.382120E-02   0.000000E+00   1.797693+308
     4116       5178  -1.380560E-01   2.522000E-02  -1.020810E-02   0.000000E+00   1.797693+308
     4105       5179  -7.899300E-03  -9.352060E-03   3.002490E-02   0.000000E+00   1.797693+308
     3547       5180  -1.341220E-01   2.885520E-02  -6.840070E-03   0.000000E+00   1.797693+308
     2761       5181  -2.077930E-02  -1.524790E-02   3.816950E-02   0.000000E+00   1.797693+308
     4048       5182  -8.642660E-02  -1.707120E-03   7.339720E-02   0.000000E+00   1.797693+308
     4024       5183  -1.102090E-02  -2.670480E-02   4.104940E-02   0.000000E+00   1.797693+308
     4021       5184  -6.108160E-02  -5.266840E-03   5.123890E-02   0.000000E+00   1.797693+308
    19629       5185  -6.197320E-02   3.648250E-02   1.368480E-02   0.000000E+00   1.797693+308
     3980       5186  -1.036380E-01  -4.472620E-03   3.853610E-02   0.000000E+00   1.797693+308
     3968       5187  -6.902300E-02  -2.735670E-02   5.180590E-02   0.000000E+00   1.797693+308
     3964       5188  -5.791640E-02  -1.594730E-02   8.237080E-02   0.000000E+00   1.797693+308
     3949       5189  -1.439700E-01   3.502870E-02  -7.594610E-03   0.000000E+00   1.797693+308
     3923       5190   9.684020E-03  -3.138680E-02   3.425680E-02   0.000000E+00   1.797693+308
     3906       5191  -5.139290E-02   2.348740E-02   3.962990E-02   0.000000E+00   1.797693+308
      125       5192  -6.268410E-02  -1.675590E-02   2.492970E-02   0.000000E+00   1.797693+308
     3872       5193  -8.915210E-02  -1.078600E-03   8.088160E-02   0.000000E+00   1.797693+308
     3869       5194  -1.377300E-01   1.698970E-02   1.039170E-03   0.000000E+00   1.797693+308
    20069       5195  -7.641100E-03  -1.943060E-02   2.545060E-02   3.874636E-02   1.797693+308
     3839       5196  -1.227950E-02   2.711870E-02   8.080390E-03   0.000000E+00   1.797693+308
     3820       5197  -1.254450E-01   1.997120E-02   6.767160E-03   0.000000E+00   1.797693+308
     3807       5198  -6.006530E-02  -2.534660E-02   7.924700E-02   0.000000E+00   1.797693+308
     3786       5199  -3.689550E-02  -3.207890E-02   5.569610E-02   0.000000E+00   1.797693+308
     3767       5200  -1.484180E-01   2.149820E-02  -1.546170E-02   0.000000E+00   1.797693+308
     1557       5201  -5.062740E-02   5.462000E-03   3.255290E-02   0.000000E+00   1.797693+308
     3727       5202  -1.598580E-01   2.872430E-02  -2.235410E-03   0.000000E+00   1.797693+308
     3705       5203   9.553160E-03   4.889250E-03   1.683920E-02   0.000000E+00   1.797693+308
     3687       5204  -1.418250E-01  -2.249830E-02   4.882050E-02   0.000000E+00   1.797693+308
      478       5205  -9.973280E-02   2.721460E-02   2.927820E-02   0.000000E+00   1.797693+308
     3665       5206  -1.398360E-01  -1.357340E-03   5.849310E-03   0.000000E+00   1.797693+308
     3642       5207  -9.019750E-02  -2.447680E-02   7.296630E-02   7.537732E-06   1.797693+308
     3624       5208  -6.856500E-02  -4.754670E-04   1.955760E-02   0.000000E+00   1.797693+308
     3603       5209  -1.060360E-01   3.470310E-02   1.943220E-03   0.000000E+00   1.797693+308
     3570       5210   1.138010E-02  -8.305700E-03   3.288520E-02   0.000000E+00   1.797693+308
     3567       5211  -7.001910E-03  -2.811340E-02   2.829270E-02   1.000000E+00   2.322764E+01
     3539       5212  -1.378310E-01   3.210910E-02  -7.655610E-03   0.000000E+00   1.797693+308
     3503       5213  -1.264760E-01  -3.652290E-02   3.813350E-02   0.000000E+00   1.797693+308
      299       5214  -1.443950E-02  -2.249530E-02   4.112330E-02   0.000000E+00   1.797693+308
     3493       5215  -5.844390E-02  -2.738260E-03   5.174970E-02   0.000000E+00   1.797693+308
     3485       5216  -9.715350E-02   2.976280E-02   3.075990E-02   0.000000E+00   1.797693+308
     3473       5217  -1.047430E-01   2.881160E-02   2.939280E-02   0.000000E+00   1.797693+308
    19996       5218   1.051230E-02   7.661950E-03  -3.157970E-03   0.000000E+00   1.797693+308
     3452       5219  -1.106100E-02  -2.285170E-02   4.977470E-02   0.000000E+00   1.797693+308
     3432       5220  -1.570450E-01   3.280400E-02  -4.669360E-03   0.000000E+00   1.797693+308
    19981       5221  -7.190250E-02   1.585310E-02   2.162010E-02   0.000000E+00   1.797693+308
     3413       5222  -1.220170E-01  -1.895050E-02   3.247450E-02   0.000000E+00   1.797693+308
     3397       5223  -1.387450E-01   1.019830E-02  -4.162100E-03   0.000000E+00   1.797693+308
     3378       5224  -6.049940E-02  -2.021050E-02   8.494430E-02   0.000000E+00   1.797693+308
     2364       5225  -3.497020E-02   2.307480E-02   1.904400E-02   0.000000E+00   1.797693+308
      570       5226  -8.008570E-02   3.238840E-02   2.467170E-02   0.000000E+00   1.797693+308
     3325       5227  -9.010160E-02  -2.117180E-02   7.931790E-02   5.280322E-06   1.797693+308
     3303       5228  -1.543890E-01   2.964360E-02  -1.119050E-02   0.000000E+00   1.797693+308
     3290       5229  -7.905620E-02   6.906880E-03   4.171240E-02   0.000000E+00   1.797693+308
     3285       5230   1.164240E-02  -2.492320E-02   3.764710E-02   0.000000E+00   1.797693+308
     3268       5231   9.496900E-03  -1.041620E-02   2.334450E-02   0.000000E+00   1.797693+308
     3251       5232  -9.636070E-03   1.842260E-02   5.738680E-04   0.000000E+00   1.797693+308
     3239       5233  -1.291460E-01  -2.711310E-02   3.481950E-02   0.000000E+00   1.797693+308
     1540       5234   5.637270E-03  -2.615520E-03   2.854180E-02   0.000000E+00   1.797693+308
     3197       5235  -1.279250E-02  -2.087320E-02   3.656600E-02   0.000000E+00   1.797693+308
     3167       5236  -5.073950E-02  -3.288270E-02   4.883070E-02   0.000000E+00   1.797693+308
     3159       5237  -9.165760E-02   2.431790E-02   4.037620E-02   0.000000E+00   1.797693+308
    19924       5238  -1.530590E-01  -2.300160E-02   4.312640E-02   0.000000E+00   1.797693+308
     3112       5239  -2.972370E-02   3.000470E-04   3.476560E-02   0.000000E+00   1.797693+308
     3076       5240  -9.002290E-02   1.742690E-02   4.382210E-02   0.000000E+00   1.797693+308
    19903       5241  -7.629500E-02   2.132160E-02  -7.259140E-03   0.000000E+00   1.797693+308
     3053       5242  -1.196780E-01   2.017660E-02   1.129200E-02   0.000000E+00   1.797693+308
      769       5243  -1.098630E-01   8.290250E-03   4.386000E-02   0.000000E+00   1.797693+308
     3008       5244  -1.596140E-01  -1.896070E-02   2.246050E-02   0.000000E+00   1.797693+308
     2986       5245  -9.225230E-02  -6.610560E-03   4.652600E-02   0.000000E+00   1.797693+308
    19885       5246  -1.544690E-01  -4.045830E-03   1.406070E-02   0.000000E+00   1.797693+308
     2963       5247   1.204750E-02   6.262690E-03   2.188230E-02   0.000000E+00   1.797693+308
     2940       5248  -5.089310E-02  -2.789660E-02   5.414730E-02   0.000000E+00   1.797693+308
     2921       5249   6.858550E-03  -1.716160E-02   2.516540E-02   0.000000E+00   1.797693+308
     2907       5250  -1.321220E-02  -4.743900E-03   1.156350E-02   0.000000E+00   1.797693+308
     2878       5251  -1.443660E-01   3.232480E-02  -9.759050E-03   0.000000E+00   1.797693+308
    19335       5252  -8.345700E-02  -2.966380E-02   5.144930E-02   0.000000E+00   1.797693+308
     2846       5253  -9.824860E-03   2.540700E-02   7.734660E-03   0.000000E+00   1.797693+308
     2828       5254  -5.818380E-02   2.101040E-03   2.025010E-03   0.000000E+00   1.797693+308
     2818       5255  -5.833740E-02  -9.062410E-03   6.039810E-02   0.000000E+00   1.797693+308
     2791       5256  -8.697900E-02   1.768600E-02   5.109320E-02   0.000000E+00   1.797693+308
     2775       5257  -1.658820E-02  -1.312610E-02   3.032520E-02   0.000000E+00   1.797693+308
     2749       5258  -5.790620E-02  -2.436120E-02   7.316280E-02   8.753421E-06   1.797693+308
     2728       5259  -1.738450E-02   2.564520E-02   6.856430E-03   0.000000E+00   1.797693+308
     2724       5260  -1.558310E-01  -3.841500E-03   3.088070E-02   0.000000E+00   1.797693+308
     2702       5261  -1.542570E-01  -2.646390E-02   3.315140E-02   0.000000E+00   1.797693+308
     2694       5262  -6.295580E-03   1.609450E-02  -8.344770E-04   0.000000E+00   1.797693+308
     2681       5263  -1.211430E-01   4.221490E-02   5.333520E-03   0.000000E+00   1.797693+308
     2644       5264  -5.390180E-02   1.894320E-02  -7.002280E-03   0.000000E+00   1.797693+308
     2633       5265   1.219150E-02  -1.729170E-02   3.208790E-02   0.000000E+00   1.797693+308
     2622       5266  -1.036900E-01  -2.312550E-02   2.552230E-02   0.000000E+00   1.797693+308
     2599       5267  -7.484190E-02   1.293450E-03   4.268970E-02   0.000000E+00   1.797693+308
    19829       5268  -8.794370E-02  -1.364760E-02   8.671920E-02   0.000000E+00   1.797693+308
     2572       5269  -5.818280E-02  -1.187770E-02   8.364370E-02   0.000000E+00   1.797693+308
     2553       5270   2.830370E-03  -6.704070E-03   9.636770E-03   0.000000E+00   1.797693+308
     2538       5271   2.700060E-03  -1.042970E-02   2.129120E-02   0.000000E+00   1.797693+308
     2519       5272  -6.846610E-02   1.327330E-02   3.934590E-02   0.000000E+00   1.797693+308
     2506       5273  -5.646860E-02  -3.126190E-02   5.834900E-02   2.063323E-06   1.797693+308
     2492       5274  -8.585230E-02   2.236170E-02   4.160430E-02   0.000000E+00   1.797693+308
     2487       5275  -1.415430E-01  -2.432190E-02   2.956320E-02   1.000000E+00   5.702208E+02
    19803       5276  -8.854670E-02   3.097030E-02   2.970350E-02   0.000000E+00   1.797693+308
     2456       5277  -1.602060E-01  -1.545020E-02   3.953670E-02   0.000000E+00   1.797693+308
     2435       5278   3.519070E-03   1.571160E-02  -6.633560E-04   0.000000E+00   1.797693+308
     2402       5279  -1.589820E-01   1.656950E-02   8.945710E-03   0.000000E+00   1.797693+308
     2379       5280  -1.507400E-01   3.228630E-02  -1.010040E-02   0.000000E+00   1.797693+308
    19792       5281  -3.085880E-02   1.540830E-02   2.390020E-02   0.000000E+00   1.797693+308
     2358       5282  -4.873450E-02   3.081080E-02   3.174290E-02   0.000000E+00   1.797693+308
     2333       5283  -1.422180E-02  -1.424230E-02   1.658610E-02   0.000000E+00   1.797693+308
     2328       5284   8.815910E-03   1.835230E-02   6.521120E-03   0.000000E+00   1.797693+308
     2307       5285  -1.973020E-02  -1.983020E-02   2.588610E-02   0.000000E+00   1.797693+308
     2289       5286  -1.414820E-01   1.779300E-02  -1.259110E-02   0.000000E+00   1.797693+308
     2279       5287  -9.090880E-03  -9.841240E-03   2.081910E-02   0.000000E+00   1.797693+308
     2261       5288  -6.157120E-02   1.693150E-02  -1.201860E-02   0.000000E+00   1.797693+308
     2248       5289  -2.789970E-02  -2.890180E-02   5.267700E-02   0.000000E+00   1.797693+308
     2219       5290  -7.522860E-02  -3.004590E-02   4.051810E-02   0.000000E+00   1.797693+308
    20246       5291   1.135410E-02   3.720540E-03   4.275620E-03   0.000000E+00   1.797693+308
     2186       5292  -3.413630E-02   2.935920E-02   2.110480E-02   0.000000E+00   1.797693+308
     2171       5293  -2.242790E-03  -1.289490E-02   1.959470E-02   0.000000E+00   1.797693+308
     2154       5294  -1.605490E-01  -1.464790E-02   2.836780E-02   0.000000E+00   1.797693+308
     2133       5295  -1.421300E-01   1.597900E-02  -5.844630E-03   0.000000E+00   1.797693+308
     2118       5296  -9.339190E-02  -3.161090E-02   4.829860E-02   0.000000E+00   1.797693+308
     2091       5297  -5.788120E-02  -2.798760E-02   5.789920E-02   0.000000E+00   1.797693+308
     2073       5298  -2.889100E-02  -1.075420E-03   4.387650E-02   0.000000E+00   1.797693+308
     2068       5299  -5.293080E-02  -4.605170E-03   7.648060E-03   0.000000E+00   1.797693+308
     2038       5300  -1.065520E-01  -4.091350E-02   3.980530E-02   0.000000E+00   1.797693+308
     2030       5301  -1.076230E-01   2.511070E-02   3.115170E-02   0.000000E+00   1.797693+308
    19723       5302  -1.158670E-01   3.726600E-02   6.284290E-03   0.000000E+00   1.797693+308
     1991       5303  -9.443100E-02  -1.459460E-02   5.005630E-02   0.000000E+00   1.797693+308
     1982       5304  -6.701990E-03   1.145690E-03   1.681420E-02   0.000000E+00   1.797693+308
     1965       5305  -1.528330E-01   3.387460E-02  -7.585330E-03   0.000000E+00   1.797693+308
     1953       5306  -1.942150E-03   8.925020E-03   8.003470E-04   1.096078E-07   1.797693+308
     1940       5307  -1.118140E-01   2.577460E-03   2.172710E-03   0.000000E+00   1.797693+308
    19695       5308  -9.707190E-02  -1.727820E-02   5.201990E-02   0.000000E+00   1.797693+308
     1903       5309  -7.613510E-02   4.164270E-03   1.381090E-03   0.000000E+00   1.797693+308
    19677       5310  -1.120110E-01  -7.976600E-03   2.093470E-02   0.000000E+00   1.797693+308
     1890       5311  -3.240120E-02   2.629040E-03   4.548650E-02   0.000000E+00   1.797693+308
     1864       5312  -6.272220E-02  -4.513000E-04   5.958960E-03   0.000000E+00   1.797693+308
     1840       5313  -1.519950E-01  -2.032700E-03   2.870990E-02   0.000000E+00   1.797693+308
     1837       5314  -7.966010E-03  -2.291160E-02   4.745790E-02   0.000000E+00   1.797693+308
     1803       5315   1.236560E-02  -1.412700E-02   3.458780E-02   0.000000E+00   1.797693+308
     1786       5316   1.076130E-02  -2.415670E-02   4.063740E-02   0.000000E+00   1.797693+308
     1763       5317   1.157040E-03  -3.166470E-03   1.600000E-02   0.000000E+00   1.797693+308
     1737       5318  -6.139640E-02  -2.177930E-03   6.704170E-02   2.017838E-02   1.797693+308
     1716       5319  -5.788950E-02  -1.836290E-02   8.053260E-02   0.000000E+00   1.797693+308
     1701       5320  -9.018710E-02  -6.437280E-03   6.152820E-02   0.000000E+00   1.797693+308
     1696       5321  -6.393150E-02  -2.483500E-03   4.622510E-02   0.000000E+00   1.797693+308
     1676       5322  -1.270960E-01  -1.598830E-02   1.752840E-02   0.000000E+00   1.797693+308
     1661       5323  -6.005230E-02  -2.811310E-02   2.840670E-02   0.000000E+00   1.797693+308
     1657       5324  -1.260170E-02  -2.320480E-02   5.289810E-02   0.000000E+00   1.797693+308
    19634       5325  -1.298200E-01   1.357750E-02  -2.595530E-03   0.000000E+00   1.797693+308
     1608       5326  -1.359330E-01   2.023750E-02  -1.193610E-03   0.000000E+00   1.797693+308
     1594       5327  -1.359690E-01   2.657940E-02  -5.380120E-03   0.000000E+00   1.797693+308
     1576       5328  -6.125730E-02   3.765530E-02   1.868150E-02   0.000000E+00   1.797693+308
      453       5329   7.155310E-03  -2.968760E-02   3.530000E-02   0.000000E+00   1.797693+308
     1560       5330  -5.242700E-02   6.378530E-03   3.901910E-02   0.000000E+00   1.797693+308
     1545       5331   1.179960E-03  -2.470570E-03   2.782380E-02   0.000000E+00   1.797693+308
    19617       5332  -7.455490E-02   1.793930E-02  -1.081790E-02   0.000000E+00   1.797693+308
     1500       5333  -6.116300E-02  -3.140980E-02   5.778980E-02   1.920416E-06   1.797693+308
     1475       5334  -2.869610E-02   1.959020E-02   2.701790E-02   0.000000E+00   1.797693+308
     1461       5335   2.301100E-04  -1.280200E-02   1.561710E-02   0.000000E+00   1.797693+308
     1442       5336  -5.066910E-02   8.058170E-03   4.281570E-02   0.000000E+00   1.797693+308
     1429       5337  -8.664180E-02  -6.382370E-03   6.172820E-02   0.000000E+00   1.797693+308
      410       5338   1.268430E-02   9.233740E-03   7.571400E-03   0.000000E+00   1.797693+308
     1394       5339  -8.616490E-02  -2.590630E-03   8.301350E-02   0.000000E+00   1.797693+308
     1379       5340  -2.280060E-02   1.322750E-02   7.292020E-03   0.000000E+00   1.797693+308
     1366       5341  -9.294050E-02  -3.561600E-03   7.048140E-03   0.000000E+00   1.797693+308
     1341       5342  -1.607670E-01   2.067120E-02  -1.494930E-03   0.000000E+00   1.797693+308
     1326       5343  -1.402670E-01   1.904130E-02   7.826970E-03   0.000000E+00   1.797693+308
     1302       5344  -1.247920E-01  -2.246330E-02   2.438540E-02   0.000000E+00   1.797693+308
     1298       5345  -5.539720E-02   2.743950E-02   3.687930E-02   0.000000E+00   1.797693+308
     1265       5346  -1.523260E-01  -1.479530E-02   1.822330E-02   0.000000E+00   1.797693+308
     1258       5347  -7.873270E-02  -1.923810E-02   4.567640E-02   0.000000E+00   1.797693+308
     1236       5348  -1.021950E-01  -1.068930E-02   4.855900E-02   0.000000E+00   1.797693+308
     1225       5349  -1.401570E-01   3.469370E-02  -2.181490E-03   0.000000E+00   1.797693+308
     1192       5350   1.266940E-02  -1.445590E-02   4.162850E-02   0.000000E+00   1.797693+308
     1181       5351  -1.170230E-01   1.646160E-02   3.090660E-02   0.000000E+00   1.797693+308
     1160       5352  -9.024580E-02   2.209300E-02  -9.941090E-03   0.000000E+00   1.797693+308
     1148       5353  -8.651760E-02  -2.770750E-02   7.656220E-02   0.000000E+00   1.797693+308
      455       5354   5.892110E-03  -3.124080E-02   3.896290E-02   0.000000E+00   1.797693+308
     1109       5355  -8.600390E-02  -1.234860E-02   1.435570E-02   0.000000E+00   1.797693+308
     1091       5356   1.298670E-02  -1.730800E-02   1.815320E-02   0.000000E+00   1.797693+308
     1081       5357  -1.269740E-01   2.338710E-02  -1.677180E-02   0.000000E+00   1.797693+308
     1061       5358  -1.420130E-01  -8.572700E-03   2.533730E-02   0.000000E+00   1.797693+308
     1055       5359  -1.560590E-01  -2.610360E-02   2.518770E-02   0.000000E+00   1.797693+308
     1042       5360  -1.602790E-01  -1.426380E-02   4.172420E-02   0.000000E+00   1.797693+308
     1013       5361  -1.091640E-04  -2.206430E-02   2.209830E-02   2.611678E-01   1.797693+308
    19487       5362  -1.459720E-01  -3.094900E-02   3.700470E-02   0.000000E+00   1.797693+308
      992       5363  -1.601880E-01  -1.938100E-02   3.323050E-02   0.000000E+00   1.797693+308
      957       5364  -4.715620E-02  -1.081270E-02   4.760200E-02   0.000000E+00   1.797693+308
      945       5365  -1.152980E-01   3.197880E-02   1.722750E-02   0.000000E+00   1.797693+308
      932       5366  -1.559890E-01  -1.852130E-02   4.539840E-02   0.000000E+00   1.797693+308
      921       5367  -9.552450E-02  -1.269030E-02   1.523400E-02   0.000000E+00   1.797693+308
      904       5368  -1.494600E-01  -1.805680E-02   1.944600E-02   3.758674E-06   1.797693+308
      869       5369   6.608530E-03  -2.866520E-02   2.793180E-02   0.000000E+00   1.797693+308
      858       5370  -6.068770E-02   3.172470E-02   3.087240E-02   0.000000E+00   1.797693+308
      852       5371   4.295880E-04   1.699890E-02  -1.569810E-04   0.000000E+00   1.797693+308
      834       5372  -6.905750E-02   1.791020E-02  -1.283530E-02   0.000000E+00   1.797693+308
      822       5373  -6.392600E-02  -8.505480E-03   1.130910E-02   0.000000E+00   1.797693+308
      806       5374  -1.011880E-01   3.161920E-02   3.096300E-02   0.000000E+00   1.797693+308
      792       5375  -8.921870E-02   8.365090E-04   5.988580E-02   0.000000E+00   1.797693+308
      764       5376  -1.031240E-01   7.254200E-03   4.457030E-02   0.000000E+00   1.797693+308
      744       5377  -1.461360E-01   1.864670E-02   1.189810E-02   0.000000E+00   1.797693+308
      724       5378  -2.239000E-02  -1.220730E-02   1.497970E-02   0.000000E+00   1.797693+308
      712       5379  -3.767750E-02  -1.320500E-02   1.508520E-02   0.000000E+00   1.797693+308
      698       5380  -8.680430E-02  -2.291310E-02   5.688080E-02   0.000000E+00   1.797693+308
      686       5381  -1.569190E-01  -3.039100E-02   3.151860E-02   0.000000E+00   1.797693+308
      665       5382  -5.752590E-02  -1.890730E-02   8.586380E-02   0.000000E+00   1.797693+308
      661       5383  -1.423920E-01   1.589830E-02   1.489130E-02   0.000000E+00   1.797693+308
      642       5384  -1.472260E-01  -2.772950E-02   3.266110E-02   1.000000E+00   7.496718E+04
      634       5385  -9.307570E-02  -3.362160E-02   3.862510E-02   0.000000E+00   1.797693+308
      624       5386  -8.693430E-02  -3.209450E-02   6.058020E-02   4.349140E-06   1.797693+308
      606       5387   1.669320E-03  -2.979620E-02   3.373230E-02   5.022866E-01   1.797693+308
      589       5388  -6.175150E-02  -2.461200E-02   6.916280E-02   0.000000E+00   1.797693+308
      564       5389  -7.689020E-02   3.080850E-02   2.994720E-02   0.000000E+00   1.797693+308
      558       5390   7.674100E-03  -2.212790E-02   4.796930E-02   0.000000E+00   1.797693+308
      542       5391  -1.359350E-01   2.832080E-02   6.486480E-04   0.000000E+00   1.797693+308
      522       5392  -1.212600E-02  -1.208570E-02   3.706350E-02   0.000000E+00   1.797693+308
    19462       5393  -5.153170E-02   5.355330E-03  -1.240470E-03   0.000000E+00   1.797693+308
      487       5394  -9.925480E-02   2.940180E-02   3.427900E-02   0.000000E+00   1.797693+308
      471       5395   4.563780E-03  -2.313550E-02   4.951190E-02   0.000000E+00   1.797693+308
    19454       5396   3.379690E-03  -3.173320E-02   3.573750E-02   0.000000E+00   1.797693+308
      425       5397  -1.609290E-01   2.367820E-02  -2.233480E-03   0.000000E+00   1.797693+308
      423       5398   1.305780E-02   5.479440E-03   9.106490E-03   0.000000E+00   1.797693+308
      407       5399  -1.518070E-01   1.064530E-02  -7.348700E-03   0.000000E+00   1.797693+308
    19356       5400  -7.540540E-02   9.354730E-04   2.713170E-02   0.000000E+00   1.797693+308
      363       5401  -3.394750E-02  -4.044550E-02   4.023420E-02   0.000000E+00   1.797693+308
      345       5402  -8.634170E-02  -1.563720E-02   8.688620E-02   0.000000E+00   1.797693+308
      336       5403  -6.520860E-02  -2.595380E-02   5.037300E-02   0.000000E+00   1.797693+308
      320       5404  -7.713320E-03  -1.328550E-03   1.900970E-02   0.000000E+00   1.797693+308
      299       5405  -1.827850E-02  -2.919340E-02   4.059670E-02   0.000000E+00   1.797693+308
    19421       5406  -4.949580E-02  -1.665540E-02   2.338610E-02   0.000000E+00   1.797693+308
      276       5407  -9.324530E-02   3.464660E-04   4.744110E-02   0.000000E+00   1.797693+308
      251       5408  -1.399930E-02   1.946670E-02   9.427260E-03   0.000000E+00   1.797693+308
      232       5409  -5.742210E-02  -1.064060E-02   8.678700E-02   0.000000E+00   1.797693+308
      212       5410  -1.500000E-01   3.639550E-02  -5.974290E-03   0.000000E+00   1.797693+308
      206       5411  -1.472920E-01   9.670130E-03  -2.465750E-04   0.000000E+00   1.797693+308
      185       5412  -1.562380E-01   2.657410E-02  -1.252420E-02   0.000000E+00   1.797693+308
      171       5413  -8.961800E-02  -2.412710E-03   6.888400E-02   6.590120E-01   1.797693+308
      151       5414  -6.079960E-02  -1.628130E-02   8.164870E-02   0.000000E+00   1.797693+308
      136       5415  -6.318110E-02  -1.973980E-02   2.169930E-02   0.000000E+00   1.797693+308
      113       5416   1.230090E-02   2.409850E-03   1.718110E-02   0.000000E+00   1.797693+308
       84       5417  -6.081720E-02  -1.420950E-03   5.124070E-02   0.000000E+00   1.797693+308
       70       5418  -1.833260E-02  -7.731890E-03   1.034590E-02   0.000000E+00   1.797693+308
    19376       5419   4.246940E-03  -3.437040E-03   9.979910E-03   0.000000E+00   1.797693+308
       41       5420  -9.001220E-02  -2.057270E-02   5.578500E-02   0.000000E+00   1.797693+308
        5       5421  -4.670920E-02  -1.086930E-02   3.015800E-02   0.000000E+00   1.797693+308
    20289       5422  -6.836870E-03   5.313630E-04   1.075920E-02   0.000000E+00   1.797693+308
